================================================================================
Directory: fixed_source/square/direction/meshes
--------------------------------------------------------------------------------
N = 16, G = 1, P = 1, A = 12, B = 12
-- eps = 1e-08, cr = 1.0, time = 4.991392612457275, error = 0.0
/home/myerspat/research/tensor_trains/tensor_networks/pytens/algs.py:1113: UserWarning: Ignoring specified arguments in this call because figure with num: 1 already exists
  _ = plt.figure(1, figsize=(15, 10), dpi=100)
-- eps = 1e-07, cr = 1.0, time = 4.621028900146484, error = 0.0
-- eps = 1e-06, cr = 1.0, time = 4.667729616165161, error = 0.0
-- eps = 1e-05, cr = 1.0, time = 4.314120292663574, error = 0.0
-- eps = 0.0001, cr = 1.3333333333333333, time = 4.97628378868103, error = 8.637938272255431e-05
-- eps = 0.001, cr = 2.1176470588235294, time = 5.319992780685425, error = 0.0009724144531167669
-- eps = 0.01, cr = 6.545454545454546, time = 5.470953702926636, error = 0.00997723479307392
-- eps = 0.1, cr = 33.88235294117647, time = 5.279999017715454, error = 0.0900785747635822
--------------------------------------------------------------------------------
N = 16, G = 1, P = 1, A = 13, B = 13
-- eps = 1e-08, cr = 1.0, time = 4.888192892074585, error = 0.0
-- eps = 1e-07, cr = 1.0, time = 4.57490611076355, error = 0.0
-- eps = 1e-06, cr = 1.0, time = 4.599640607833862, error = 0.0
-- eps = 1e-05, cr = 1.0, time = 4.785540819168091, error = 0.0
-- eps = 0.0001, cr = 1.1818181818181819, time = 5.2688679695129395, error = 7.732621393436053e-05
-- eps = 0.001, cr = 1.8571428571428572, time = 5.4174346923828125, error = 0.0009880425319538438
-- eps = 0.01, cr = 5.3438735177865615, time = 5.467810392379761, error = 0.00917593890756906
-- eps = 0.1, cr = 34.666666666666664, time = 5.626479625701904, error = 0.08690781733423927
--------------------------------------------------------------------------------
N = 16, G = 1, P = 1, A = 14, B = 14
-- eps = 1e-08, cr = 1.0, time = 4.952343463897705, error = 0.0
-- eps = 1e-07, cr = 1.0, time = 4.788255214691162, error = 0.0
-- eps = 1e-06, cr = 1.0, time = 4.523637771606445, error = 0.0
-- eps = 1e-05, cr = 1.0, time = 4.441194772720337, error = 0.0
-- eps = 0.0001, cr = 1.12, time = 5.046826362609863, error = 9.62347987821585e-05
-- eps = 0.001, cr = 1.75, time = 5.1397480964660645, error = 0.0009714355377723805
-- eps = 0.01, cr = 4.48, time = 6.029253959655762, error = 0.009627576865783622
-- eps = 0.1, cr = 38.24390243902439, time = 5.635927438735962, error = 0.08482236668898015
--------------------------------------------------------------------------------
N = 16, G = 1, P = 1, A = 16, B = 16
-- eps = 1e-08, cr = 1.0, time = 5.139841556549072, error = 0.0
-- eps = 1e-07, cr = 1.0, time = 4.567739009857178, error = 0.0
-- eps = 1e-06, cr = 1.0, time = 4.932323694229126, error = 0.0
-- eps = 1e-05, cr = 1.0, time = 4.456640958786011, error = 0.0
-- eps = 0.0001, cr = 1.0666666666666667, time = 4.601091384887695, error = 9.159004588067735e-05
-- eps = 0.001, cr = 1.5238095238095237, time = 5.155621290206909, error = 0.0009426820666904349
-- eps = 0.01, cr = 3.240506329113924, time = 6.108302354812622, error = 0.008803523127229844
-- eps = 0.1, cr = 45.51111111111111, time = 6.251526832580566, error = 0.0909794132386663
--------------------------------------------------------------------------------
N = 64, G = 1, P = 1, A = 12, B = 12
-- eps = 1e-08, cr = 1.6, time = 4.70773458480835, error = 3.784886510380742e-11
-- eps = 1e-07, cr = 1.6, time = 4.482527017593384, error = 3.784886510380742e-11
-- eps = 1e-06, cr = 1.6, time = 4.658458471298218, error = 3.784886510380742e-11
-- eps = 1e-05, cr = 1.641025641025641, time = 5.033551216125488, error = 8.662570434120915e-06
-- eps = 0.0001, cr = 2.5318681318681318, time = 5.249414920806885, error = 8.893522938430535e-05
-- eps = 0.001, cr = 5.296551724137931, time = 6.073411703109741, error = 0.0009511753620571742
-- eps = 0.01, cr = 16.340425531914892, time = 6.551523923873901, error = 0.009862279946883962
-- eps = 0.1, cr = 109.71428571428571, time = 6.008127927780151, error = 0.08803046908720268
--------------------------------------------------------------------------------
N = 64, G = 1, P = 1, A = 13, B = 13
-- eps = 1e-08, cr = 1.6, time = 4.8722569942474365, error = 1.9976274992855197e-09
-- eps = 1e-07, cr = 1.6, time = 4.717099666595459, error = 1.9976274992855197e-09
-- eps = 1e-06, cr = 1.6, time = 4.852490186691284, error = 1.9976274992855197e-09
-- eps = 1e-05, cr = 1.6, time = 4.907448053359985, error = 1.9976274992855197e-09
-- eps = 0.0001, cr = 2.3290267011197243, time = 5.230055809020996, error = 9.78339657855069e-05
-- eps = 0.001, cr = 4.396747967479675, time = 6.54885196685791, error = 0.0008648559174898532
-- eps = 0.01, cr = 14.755798090040928, time = 6.636930227279663, error = 0.009436602677612422
-- eps = 0.1, cr = 117.56521739130434, time = 5.931915283203125, error = 0.09652774683295981
--------------------------------------------------------------------------------
N = 64, G = 1, P = 1, A = 14, B = 14
-- eps = 1e-08, cr = 1.6, time = 5.149924278259277, error = 7.3954060374879095e-09
-- eps = 1e-07, cr = 1.6, time = 4.676217317581177, error = 7.39540603706925e-09
-- eps = 1e-06, cr = 1.6, time = 4.926854133605957, error = 7.39540603706925e-09
-- eps = 1e-05, cr = 1.6, time = 5.117279052734375, error = 7.39540603706925e-09
-- eps = 0.0001, cr = 2.0631578947368423, time = 5.768391370773315, error = 9.075983151720148e-05
-- eps = 0.001, cr = 4.099346405228758, time = 5.89033055305481, error = 0.0009522506883596943
-- eps = 0.01, cr = 13.288135593220339, time = 7.38801646232605, error = 0.009581972260060115
-- eps = 0.1, cr = 120.61538461538461, time = 6.463083267211914, error = 0.08643097038357737
--------------------------------------------------------------------------------
N = 64, G = 1, P = 1, A = 16, B = 16
-- eps = 1e-08, cr = 1.5515151515151515, time = 4.882692575454712, error = 9.425505256221563e-09
-- eps = 1e-07, cr = 1.6, time = 4.59641695022583, error = 1.492629789140671e-08
-- eps = 1e-06, cr = 1.6, time = 4.740936756134033, error = 1.492629789140671e-08
-- eps = 1e-05, cr = 1.6, time = 4.939122438430786, error = 1.492629789140671e-08
-- eps = 0.0001, cr = 1.6582995951417003, time = 5.148398160934448, error = 9.412002515576388e-05
-- eps = 0.001, cr = 3.0681647940074908, time = 5.8184099197387695, error = 0.0009985906813984166
-- eps = 0.01, cr = 7.757575757575758, time = 7.479003190994263, error = 0.00958021234750768
-- eps = 0.1, cr = 146.28571428571428, time = 6.779158353805542, error = 0.09979004259837562
--------------------------------------------------------------------------------
N = 256, G = 1, P = 1, A = 12, B = 12
-- eps = 1e-08, cr = 1.8823529411764706, time = 5.155800819396973, error = 3.200923436368003e-11
-- eps = 1e-07, cr = 2.125461254612546, time = 5.409444332122803, error = 8.837661488994906e-08
-- eps = 1e-06, cr = 2.705019078368066, time = 5.565183162689209, error = 8.668332019281736e-07
-- eps = 1e-05, cr = 3.719128329297821, time = 5.688760757446289, error = 8.442828311636594e-06
-- eps = 0.0001, cr = 6.260869565217392, time = 6.205139398574829, error = 9.575687225111195e-05
-- eps = 0.001, cr = 15.239355105415461, time = 7.90400505065918, error = 0.0009825963503710278
-- eps = 0.01, cr = 51.63025210084034, time = 7.838770389556885, error = 0.009925794998805642
-- eps = 0.1, cr = 384.0, time = 6.054874658584595, error = 0.09164282059827407
--------------------------------------------------------------------------------
N = 256, G = 1, P = 1, A = 13, B = 13
-- eps = 1e-08, cr = 1.8823529411764706, time = 5.0310492515563965, error = 4.659639221780324e-10
-- eps = 1e-07, cr = 1.9796833531618925, time = 5.6330406665802, error = 7.608852180555295e-08
-- eps = 1e-06, cr = 2.3771428571428572, time = 5.526852607727051, error = 8.646482868383179e-07
-- eps = 1e-05, cr = 3.387940485512921, time = 5.846235513687134, error = 9.611305593623489e-06
-- eps = 0.0001, cr = 5.549512570548999, time = 6.002680778503418, error = 9.612557036488524e-05
-- eps = 0.001, cr = 12.653992395437262, time = 7.497836589813232, error = 0.0009450341613163811
-- eps = 0.01, cr = 48.61123595505618, time = 7.295190095901489, error = 0.009881906896756477
-- eps = 0.1, cr = 432.64, time = 6.094902992248535, error = 0.09979084380146308
--------------------------------------------------------------------------------
N = 256, G = 1, P = 1, A = 14, B = 14
-- eps = 1e-08, cr = 1.8823529411764706, time = 5.004096269607544, error = 1.74395446656596e-09
-- eps = 1e-07, cr = 1.9156994502138058, time = 5.144604682922363, error = 9.325131708603227e-08
-- eps = 1e-06, cr = 2.2256919801277504, time = 5.695933818817139, error = 8.989494470868292e-07
-- eps = 1e-05, cr = 2.9941520467836256, time = 5.76485800743103, error = 9.314449605683671e-06
-- eps = 0.0001, cr = 4.691976809425846, time = 6.05925726890564, error = 9.426682044982125e-05
-- eps = 0.001, cr = 10.675744680851064, time = 6.991714715957642, error = 0.0009087364795035482
-- eps = 0.01, cr = 37.840120663650076, time = 8.912821769714355, error = 0.009806202941141578
-- eps = 0.1, cr = 418.1333333333333, time = 6.547719955444336, error = 0.09979903611663264
--------------------------------------------------------------------------------
N = 256, G = 1, P = 1, A = 16, B = 16
-- eps = 1e-08, cr = 1.673202614379085, time = 5.089866399765015, error = 9.09389852582537e-09
-- eps = 1e-07, cr = 1.8823529411764706, time = 5.353127717971802, error = 1.756955498306754e-08
-- eps = 1e-06, cr = 2.085539714867617, time = 5.440314292907715, error = 8.130177247302792e-07
-- eps = 1e-05, cr = 2.497560975609756, time = 5.970865726470947, error = 7.900735784399815e-06
-- eps = 0.0001, cr = 3.4726579058923273, time = 6.545016527175903, error = 9.66500883003305e-05
-- eps = 0.001, cr = 7.223985890652557, time = 6.254852533340454, error = 0.0009541350836446797
-- eps = 0.01, cr = 23.57410071942446, time = 9.192460775375366, error = 0.009805112118187194
-- eps = 0.1, cr = 455.1111111111111, time = 8.10918378829956, error = 0.08983090538845939
--------------------------------------------------------------------------------
N = 1024, G = 1, P = 1, A = 12, B = 12
-- eps = 1e-08, cr = 3.8352059925093633, time = 6.248101472854614, error = 9.49081326140147e-09
-- eps = 1e-07, cr = 4.9178228388473855, time = 5.984978914260864, error = 9.718398666309035e-08
-- eps = 1e-06, cr = 6.719650018228217, time = 6.398693561553955, error = 9.122085503355759e-07
-- eps = 1e-05, cr = 10.738129915525779, time = 7.207275867462158, error = 9.72211831352319e-06
-- eps = 0.0001, cr = 20.497080900750625, time = 7.294831991195679, error = 9.754236381645534e-05
-- eps = 0.001, cr = 54.77563150074294, time = 8.179917812347412, error = 0.0009746370826151704
-- eps = 0.01, cr = 166.8054298642534, time = 8.072892189025879, error = 0.009196024289607916
-- eps = 0.1, cr = 1228.8, time = 6.241869688034058, error = 0.0935002066432669
--------------------------------------------------------------------------------
N = 1024, G = 1, P = 1, A = 13, B = 13
-- eps = 1e-08, cr = 3.2061657032755297, time = 6.668151378631592, error = 9.802927580406485e-09
-- eps = 1e-07, cr = 4.317979939118718, time = 6.230382919311523, error = 9.923353733819362e-08
-- eps = 1e-06, cr = 5.88625850340136, time = 6.6597747802734375, error = 9.78873323143062e-07
-- eps = 1e-05, cr = 8.283362052460271, time = 7.162445068359375, error = 9.239644456663266e-06
-- eps = 0.0001, cr = 16.603281205027344, time = 7.22166895866394, error = 9.926066917694601e-05
-- eps = 0.001, cr = 43.2964723542657, time = 7.75902533531189, error = 0.00098817909535656
-- eps = 0.01, cr = 158.9127640036731, time = 7.359196662902832, error = 0.009345175420298796
-- eps = 0.1, cr = 1236.1142857142856, time = 6.196900129318237, error = 0.09169749967415143
--------------------------------------------------------------------------------
N = 1024, G = 1, P = 1, A = 14, B = 14
-- eps = 1e-08, cr = 2.8138178555406013, time = 6.42005181312561, error = 9.967332800242453e-09
-- eps = 1e-07, cr = 3.718393360011857, time = 6.10222053527832, error = 9.448161179520114e-08
-- eps = 1e-06, cr = 5.190978688185392, time = 6.510668992996216, error = 9.7160739976007e-07
-- eps = 1e-05, cr = 7.511096141611467, time = 6.847351551055908, error = 9.497552896140628e-06
-- eps = 0.0001, cr = 12.767430025445293, time = 7.826310396194458, error = 9.5189374407066e-05
-- eps = 0.001, cr = 34.892906815020865, time = 8.36786413192749, error = 0.0009587379967752949
-- eps = 0.01, cr = 121.0518697225573, time = 9.938194036483765, error = 0.009792230021184194
-- eps = 0.1, cr = 1393.7777777777778, time = 6.35990309715271, error = 0.10003735197480507
--------------------------------------------------------------------------------
N = 1024, G = 1, P = 1, A = 16, B = 16
-- eps = 1e-08, /home/myerspat/research/tensor_trains/tensor_networks/pytens/search/state.py:511: RuntimeWarning: invalid value encountered in sqrt
  remaining_delta = np.sqrt(self.curr_delta**2 - used_delta)
cr = 2.6942937016938004, time = 6.903609037399292, error = 1.1705290297961519e-08
-- eps = 1e-07, cr = 3.4889267461669506, time = 6.920682668685913, error = 9.280503005865935e-08
-- eps = 1e-06, cr = 4.690523904952762, time = 6.695433139801025, error = 9.327597117609739e-07
-- eps = 1e-05, cr = 6.470774091627172, time = 6.772480487823486, error = 9.066443250477415e-06
-- eps = 0.0001, cr = 9.317693893509633, time = 7.868391275405884, error = 9.4116479037305e-05
-- eps = 0.001, cr = 20.177339901477833, time = 8.680963039398193, error = 0.000986422460069198
-- eps = 0.01, cr = 78.01904761904763, time = 11.457858562469482, error = 0.009630018805072691
-- eps = 0.1, cr = 1489.4545454545455, time = 7.923772573471069, error = 0.09112505554652177
--------------------------------------------------------------------------------
N = 4096, G = 1, P = 1, A = 12, B = 12
-- eps = 1e-08, cr = 11.25618320610687, time = 7.812523603439331, error = 9.452371662047093e-09
-- eps = 1e-07, cr = 15.774069319640565, time = 7.634994983673096, error = 8.889247318729403e-08
-- eps = 1e-06, cr = 23.99219004230394, time = 7.285908222198486, error = 9.311808908659333e-07
-- eps = 1e-05, cr = 38.58084772370486, time = 7.975885391235352, error = 8.691117414663767e-06
-- eps = 0.0001, cr = 76.08668730650155, time = 7.486724615097046, error = 9.971492660482492e-05
-- eps = 0.001, cr = 195.30596026490068, time = 8.52580451965332, error = 0.0009904309732978152
-- eps = 0.01, cr = 577.1272015655577, time = 8.125765562057495, error = 0.009279969096890502
-- eps = 0.1, cr = 3510.8571428571427, time = 6.713077068328857, error = 0.09439109304961182
--------------------------------------------------------------------------------
N = 4096, G = 1, P = 1, A = 13, B = 13
-- eps = 1e-08, cr = 8.351518953743696, time = 10.888689041137695, error = 1.139939384640724e-08
-- eps = 1e-07, cr = 12.881461907774758, time = 7.429269790649414, error = 9.82217740343813e-08
-- eps = 1e-06, cr = 18.921495735840804, time = 8.129838705062866, error = 9.372383905568761e-07
-- eps = 1e-05, cr = 30.218885056969484, time = 8.080924987792969, error = 9.332133803608809e-06
-- eps = 0.0001, cr = 59.11391972672929, time = 8.17961597442627, error = 9.977865936860383e-05
-- eps = 0.001, cr = 156.6826618379357, time = 8.374288320541382, error = 0.0009941722196944902
-- eps = 0.01, cr = 521.2530120481928, time = 8.408727169036865, error = 0.008852830511847523
-- eps = 0.1, cr = 3682.0425531914893, time = 7.025733232498169, error = 0.09202545361118943
--------------------------------------------------------------------------------
N = 4096, G = 1, P = 1, A = 14, B = 14
-- eps = 1e-08, cr = 6.933499153625592, time = 10.235581398010254, error = 1.2091253811038377e-08
-- eps = 1e-07, cr = 10.298057928628236, time = 8.302226781845093, error = 9.561997142130853e-08
-- eps = 1e-06, cr = 15.858407079646017, time = 8.227068185806274, error = 9.401513988037257e-07
-- eps = 1e-05, cr = 24.918244459618847, time = 8.053093194961548, error = 9.718954584141473e-06
-- eps = 0.0001, cr = 46.223859972362966, time = 8.50700831413269, error = 9.719130332351015e-05
-- eps = 0.001, cr = 125.95167869469721, time = 8.846845149993896, error = 0.0009957700151196638
-- eps = 0.01, cr = 413.82268041237114, time = 10.042255878448486, error = 0.009837346718588484
-- eps = 0.1, cr = 4181.333333333333, time = 6.899580717086792, error = 0.10015559990435792
--------------------------------------------------------------------------------
N = 4096, G = 1, P = 1, A = 16, B = 16
-- eps = 1e-08, cr = 6.189940968122786, time = 11.508529901504517, error = 1.274107247470082e-08
-- eps = 1e-07, cr = 8.751844556471806, time = 8.806706190109253, error = 9.834389776351119e-08
-- eps = 1e-06, cr = 12.845788209927965, time = 9.514811754226685, error = 9.60807195482792e-07
-- eps = 1e-05, cr = 19.615683926967975, time = 8.98859691619873, error = 9.905752206372923e-06
-- eps = 0.0001, cr = 30.705007320644217, time = 17.128101348876953, error = 9.827318103097266e-05
-- eps = 0.001, cr = 69.02159031068983, time = 9.33413052558899, error = 0.0009612877454952869
-- eps = 0.01, cr = 265.8661257606491, time = 12.967673301696777, error = 0.009912036296267758
-- eps = 0.1, cr = 4369.066666666667, time = 8.433939695358276, error = 0.09061205889052629
--------------------------------------------------------------------------------
N = 16384, G = 1, P = 1, A = 12, B = 12
-- eps = 1e-08, cr = 42.605027448714246, time = 9.14842677116394, error = 9.948501054035795e-09
-- eps = 1e-07, cr = 61.516896120150186, time = 8.984816551208496, error = 9.960837017309499e-08
-- eps = 1e-06, cr = 90.74215384615384, time = 8.765546560287476, error = 9.097128908523157e-07
-- eps = 1e-05, cr = 147.82556390977444, time = 9.020284652709961, error = 9.253028153557262e-06
-- eps = 0.0001, cr = 278.4815864022663, time = 9.147953510284424, error = 9.672651753919402e-05
-- eps = 0.001, cr = 686.640279394645, time = 9.64272928237915, error = 0.0009984986018911032
-- eps = 0.01, cr = 1846.0845070422536, time = 9.565565586090088, error = 0.009412130589745367
-- eps = 0.1, cr = 8936.727272727272, time = 8.50002384185791, error = 0.09479408022295938
--------------------------------------------------------------------------------
N = 16384, G = 1, P = 1, A = 13, B = 13
-- eps = 1e-08, cr = 26.441957294014287, time = 16.44115686416626, error = 1.085774392059127e-08
-- eps = 1e-07, cr = 45.860871869617064, time = 9.494621515274048, error = 9.510900808215544e-08
-- eps = 1e-06, cr = 70.32295423375832, time = 9.068851232528687, error = 9.183428057733464e-07
-- eps = 1e-05, cr = 114.07778510217534, time = 9.375919818878174, error = 9.909813369449388e-06
-- eps = 0.0001, cr = 219.70134095056733, time = 9.261975765228271, error = 9.706032633308521e-05
-- eps = 0.001, cr = 544.5223205506392, time = 9.698550462722778, error = 0.0009451591680668562
-- eps = 0.01, cr = 1680.1553398058252, time = 9.188595294952393, error = 0.009142634539165225
-- eps = 0.1, cr = 9749.633802816901, time = 8.537885427474976, error = 0.09215611112384244
--------------------------------------------------------------------------------
N = 16384, G = 1, P = 1, A = 14, B = 14
-- eps = 1e-08, cr = 23.97485497562396, time = 13.830731868743896, error = 1.2709625640454112e-08
-- eps = 1e-07, cr = 37.64847120615269, time = 10.83319616317749, error = 1.0568036261642712e-07
-- eps = 1e-06, cr = 58.84453565931247, time = 11.039435386657715, error = 9.874815870536173e-07
-- eps = 1e-05, cr = 92.22469844916715, time = 10.224951028823853, error = 9.539359037232246e-06
-- eps = 0.0001, cr = 173.99566536627654, time = 9.978599071502686, error = 9.98426250656977e-05
-- eps = 0.001, cr = 450.76698483997757, time = 10.708230018615723, error = 0.000999320332826265
-- eps = 0.01, cr = 1384.7623975851661, time = 11.926742792129517, error = 0.009960805639835065
-- eps = 0.1, cr = 11150.222222222223, time = 9.298264741897583, error = 0.10023652928966213
--------------------------------------------------------------------------------
N = 16384, G = 1, P = 1, A = 16, B = 16
-- eps = 1e-08, cr = 18.90552430405308, time = 17.19686722755432, error = 1.3078635925223014e-08
-- eps = 1e-07, cr = 29.714803899342552, time = 13.333511590957642, error = 1.0063099350001102e-07
-- eps = 1e-06, cr = 44.52788364562875, time = 13.19641900062561, error = 9.586288381100008e-07
-- eps = 1e-05, cr = 69.79339723109692, time = 13.0130033493042, error = 9.20519901572452e-06
-- eps = 0.0001, cr = 109.08746651408359, time = 13.444576025009155, error = 9.644523832579412e-05
-- eps = 0.001, cr = 252.36486161251503, time = 13.415526151657104, error = 0.000969848088708766
-- eps = 0.01, cr = 882.6397306397306, time = 14.606251955032349, error = 0.009962139407302681
-- eps = 0.1, cr = 11397.565217391304, time = 12.543857336044312, error = 0.09059773233651591
--------------------------------------------------------------------------------
N = 65536, G = 1, P = 1, A = 12, B = 12
-- eps = 1e-08, cr = 161.87279588336193, time = 19.415555953979492, error = 9.322039656470373e-09
-- eps = 1e-07, cr = 229.5035019455253, time = 19.215073347091675, error = 9.782124949807982e-08
-- eps = 1e-06, cr = 341.1359167148641, time = 19.002746105194092, error = 9.353851883455494e-07
-- eps = 1e-05, cr = 545.375866851595, time = 19.199593782424927, error = 9.442110126252959e-06
-- eps = 0.0001, cr = 987.1531380753138, time = 18.889972686767578, error = 9.733208741004732e-05
-- eps = 0.001, cr = 2202.3766627771297, time = 20.171004056930542, error = 0.0009574923084615442
-- eps = 0.01, cr = 5272.1698324022345, time = 19.61108636856079, error = 0.009459636322291529
-- eps = 0.1, cr = 20695.57894736842, time = 18.17504596710205, error = 0.0949801435387827
--------------------------------------------------------------------------------
N = 65536, G = 1, P = 1, A = 13, B = 13
-- eps = 1e-08, cr = 102.87461569184755, time = 26.315041542053223, error = 1.0865209653425573e-08
-- eps = 1e-07, cr = 175.0914379663589, time = 19.785796880722046, error = 1.0085903164255539e-07
-- eps = 1e-06, cr = 268.2129122874994, time = 19.183885097503662, error = 9.867224809278655e-07
-- eps = 1e-05, cr = 419.4502556334028, time = 19.190333366394043, error = 9.081102778387406e-06
-- eps = 0.0001, cr = 797.0339666090962, time = 19.532400131225586, error = 9.986090450392728e-05
-- eps = 0.001, cr = 1832.189247311828, time = 19.147342205047607, error = 0.0009558025000981713
-- eps = 0.01, cr = 4840.727272727273, time = 19.113775491714478, error = 0.009277210405800025
-- eps = 0.1, cr = 23268.03361344538, time = 18.483031034469604, error = 0.09220208568434343
--------------------------------------------------------------------------------
N = 65536, G = 1, P = 1, A = 14, B = 14
-- eps = 1e-08, cr = 86.5826525384885, time = 27.256879806518555, error = 1.1768372396097603e-08
-- eps = 1e-07, cr = 141.03976985747855, time = 23.12104558944702, error = 1.0626202387471296e-07
-- eps = 1e-06, cr = 217.21212121212122, time = 23.033777952194214, error = 9.721877872139021e-07
-- eps = 1e-05, cr = 345.4457831325301, time = 23.03370499610901, error = 9.360215730652008e-06
-- eps = 0.0001, cr = 626.4658603199375, time = 22.302443981170654, error = 9.411590455617587e-05
-- eps = 0.001, cr = 1555.0915254237289, time = 22.948477268218994, error = 0.0009524774347084436
-- eps = 0.01, cr = 4249.108832285809, time = 24.58297061920166, error = 0.00982852769883434
-- eps = 0.1, cr = 26760.533333333333, time = 22.533510446548462, error = 0.10026321583276501
--------------------------------------------------------------------------------
N = 262144, G = 1, P = 1, A = 12, B = 12
-- eps = 1e-08, cr = 601.2860146543485, time = 62.00216341018677, error = 9.486383419329002e-09
-- eps = 1e-07, cr = 837.223562810504, time = 61.343488693237305, error = 9.898037388601292e-08
-- eps = 1e-06, cr = 1218.0154878678368, time = 58.48145580291748, error = 9.43695906941514e-07
-- eps = 1e-05, cr = 1888.1920768307323, time = 60.832616090774536, error = 9.504200437817842e-06
-- eps = 0.0001, cr = 3216.4907975460123, time = 60.50844144821167, error = 9.750930069482987e-05
-- eps = 0.001, cr = 6345.391830559758, time = 67.81006717681885, error = 0.000958232051459129
-- eps = 0.01, cr = 13409.852930728242, time = 60.82346820831299, error = 0.009727182720872246
-- eps = 0.1, cr = 44938.97142857143, time = 59.36717247962952, error = 0.09506856116610077
================================================================================
Directory: fixed_source/square/meshsize/meshes
--------------------------------------------------------------------------------
N = 256, G = 1, P = 1, A = 7, B = 7
-- eps = 1e-08, cr = 1.8823529411764706, time = 4.654771566390991, error = 2.8539097046658173e-10
-- eps = 1e-07, cr = 2.24, time = 4.9276299476623535, error = 9.254589381849945e-08
-- eps = 1e-06, cr = 2.5568691398287813, time = 4.931213855743408, error = 9.202881371281404e-07
-- eps = 1e-05, cr = 3.4142623843222646, time = 4.999454498291016, error = 8.960128864267944e-06
-- eps = 0.0001, cr = 4.563113859585304, time = 5.419259786605835, error = 7.446367052864961e-05
-- eps = 0.001, cr = 8.318302387267904, time = 5.439272165298462, error = 0.0009287585212740671
-- eps = 0.01, cr = 22.974358974358974, time = 5.958852052688599, error = 0.00944067177993909
-- eps = 0.1, cr = 137.84615384615384, time = 6.099037170410156, error = 0.09877738830898827
--------------------------------------------------------------------------------
N = 256, G = 1, P = 1, A = 8, B = 8
-- eps = 1e-08, cr = 1.8823529411764706, time = 4.843041658401489, error = 1.265527014508334e-10
-- eps = 1e-07, cr = 1.9541984732824427, time = 4.888867378234863, error = 9.042034088600665e-08
-- eps = 1e-06, cr = 2.4009378663540444, time = 5.150198221206665, error = 8.512276516253658e-07
-- eps = 1e-05, cr = 3.0843373493975905, time = 5.064805269241333, error = 9.507589645478271e-06
-- eps = 0.0001, cr = 4.188139059304704, time = 5.556829214096069, error = 9.864603748098911e-05
-- eps = 0.001, cr = 6.954159592529711, time = 6.4825990200042725, error = 0.0009822234956360254
-- eps = 0.01, cr = 21.11340206185567, time = 6.107850790023804, error = 0.009438006028756076
-- eps = 0.1, cr = 170.66666666666666, time = 6.540656566619873, error = 0.0972536403271258
--------------------------------------------------------------------------------
N = 256, G = 1, P = 1, A = 9, B = 9
-- eps = 1e-08, cr = 1.78328173374613, time = 5.169945478439331, error = 8.804928755968482e-09
-- eps = 1e-07, cr = 1.8823529411764706, time = 5.202474117279053, error = 2.1400279609851922e-08
-- eps = 1e-06, cr = 2.2064268993402854, time = 5.4644317626953125, error = 9.86031839274898e-07
-- eps = 1e-05, cr = 2.7788796569284373, time = 5.671061992645264, error = 9.349269897328058e-06
-- eps = 0.0001, cr = 3.806167400881057, time = 5.715001106262207, error = 9.797971147343705e-05
-- eps = 0.001, cr = 6.223289315726291, time = 5.775131940841675, error = 0.0008615717100676792
-- eps = 0.01, cr = 20.054158607350097, time = 6.865408897399902, error = 0.009896604161116405
-- eps = 0.1, cr = 188.5090909090909, time = 7.187716007232666, error = 0.09964562394932443
--------------------------------------------------------------------------------
N = 256, G = 1, P = 1, A = 11, B = 11
-- eps = 1e-08, cr = 1.8823529411764706, time = 5.322542667388916, error = 9.391786966813318e-09
-- eps = 1e-07, cr = 1.8823529411764706, time = 5.078182935714722, error = 9.391786967298734e-09
-- eps = 1e-06, cr = 2.017980456026059, time = 5.298223972320557, error = 8.803114332815997e-07
-- eps = 1e-05, cr = 2.5085843861354067, time = 5.458740949630737, error = 8.715048764634924e-06
-- eps = 0.0001, cr = 3.3065755764304012, time = 5.812525510787964, error = 9.028659753162373e-05
-- eps = 0.001, cr = 5.142098273572377, time = 6.175568103790283, error = 0.0009739333769092006
-- eps = 0.01, cr = 13.878136200716845, time = 7.125720977783203, error = 0.009971024236528998
-- eps = 0.1, cr = 186.6024096385542, time = 11.392656087875366, error = 0.09164134909663921
--------------------------------------------------------------------------------
N = 256, G = 1, P = 1, A = 8, B = 8
-- eps = 1e-08, cr = 1.8823529411764706, time = 5.085542678833008, error = 1.0708140865825936e-10
-- eps = 1e-07, cr = 2.1671957671957673, time = 5.174232006072998, error = 9.508785593419637e-08
-- eps = 1e-06, cr = 2.5377942998760843, time = 5.359708547592163, error = 5.899459857656876e-07
-- eps = 1e-05, cr = 3.4247491638795986, time = 5.396328449249268, error = 8.278023574064209e-06
-- eps = 0.0001, cr = 4.68649885583524, time = 6.08809232711792, error = 8.577940493167789e-05
-- eps = 0.001, cr = 9.570093457943925, time = 6.223953723907471, error = 0.0009628584831942077
-- eps = 0.01, cr = 25.924050632911392, time = 6.966904401779175, error = 0.008663995028235462
-- eps = 0.1, cr = 195.04761904761904, time = 6.454497337341309, error = 0.09954608416187449
--------------------------------------------------------------------------------
N = 256, G = 1, P = 1, A = 9, B = 9
-- eps = 1e-08, cr = 1.8823529411764706, time = 5.050992965698242, error = 9.94822285012514e-10
-- eps = 1e-07, cr = 1.8823529411764706, time = 5.114049911499023, error = 9.94822285012514e-10
-- eps = 1e-06, cr = 2.3625384527742965, time = 5.096693515777588, error = 7.803778709294487e-07
-- eps = 1e-05, cr = 3.124773960216998, time = 5.084802150726318, error = 9.327759217976089e-06
-- eps = 0.0001, cr = 4.11837140019861, time = 5.354266405105591, error = 9.141018039052079e-05
-- eps = 0.001, cr = 8.018561484918793, time = 6.214857816696167, error = 0.000991016799860032
-- eps = 0.01, cr = 25.28780487804878, time = 7.037782430648804, error = 0.00957392501777465
-- eps = 0.1, cr = 185.14285714285714, time = 6.8138651847839355, error = 0.09378473860026589
--------------------------------------------------------------------------------
N = 256, G = 1, P = 1, A = 10, B = 10
-- eps = 1e-08, cr = 1.8823529411764706, time = 4.976402521133423, error = 4.853121042955271e-09
-- eps = 1e-07, cr = 1.8823529411764706, time = 5.307758331298828, error = 4.853121043223696e-09
-- eps = 1e-06, cr = 2.1835551006482428, time = 5.126774072647095, error = 1.0019186797240308e-06
-- eps = 1e-05, cr = 2.8293545534924847, time = 5.7462379932403564, error = 9.185526428794336e-06
-- eps = 0.0001, cr = 3.89768574908648, time = 5.715303897857666, error = 9.782901207284079e-05
-- eps = 0.001, cr = 7.015620718004933, time = 6.469531297683716, error = 0.0009225319512416584
-- eps = 0.01, cr = 21.476510067114095, time = 7.6484668254852295, error = 0.009282806232217297
-- eps = 0.1, cr = 220.68965517241378, time = 6.777942419052124, error = 0.09114762797625107
--------------------------------------------------------------------------------
N = 256, G = 1, P = 1, A = 12, B = 12
-- eps = 1e-08, cr = 1.6134453781512605, time = 5.340999126434326, error = 9.23174463397798e-09
-- eps = 1e-07, cr = 1.8823529411764706, time = 5.045526027679443, error = 2.320435476302152e-08
-- eps = 1e-06, cr = 2.0425531914893615, time = 5.475996732711792, error = 7.410770864545824e-07
-- eps = 1e-05, cr = 2.581512605042017, time = 5.821655988693237, error = 9.894389304390832e-06
-- eps = 0.0001, cr = 3.296137339055794, time = 6.416969537734985, error = 8.474346509203606e-05
-- eps = 0.001, cr = 5.446808510638298, time = 6.423190116882324, error = 0.0009963061242772026
-- eps = 0.01, cr = 16.449799196787147, time = 7.371625900268555, error = 0.009467313516775109
-- eps = 0.1, cr = 256.0, time = 10.448212623596191, error = 0.09609089768719367
--------------------------------------------------------------------------------
N = 256, G = 1, P = 1, A = 10, B = 10
-- eps = 1e-08, cr = 1.8823529411764706, time = 4.770279169082642, error = 6.232296906355862e-10
-- eps = 1e-07, cr = 2.1066491112574064, time = 5.456261873245239, error = 9.477598124346529e-08
-- eps = 1e-06, cr = 2.6677782409337225, time = 5.249366998672485, error = 8.866651672220338e-07
-- eps = 1e-05, cr = 3.65296803652968, time = 5.739850759506226, error = 9.801493853710826e-06
-- eps = 0.0001, cr = 5.295821266032271, time = 5.980788230895996, error = 9.506749341595721e-05
-- eps = 0.001, cr = 12.698412698412698, time = 6.402005910873413, error = 0.0009969089931330104
-- eps = 0.01, cr = 37.64705882352941, time = 7.8332908153533936, error = 0.0096995927138094
-- eps = 0.1, cr = 290.90909090909093, time = 6.470224142074585, error = 0.0957374196376022
--------------------------------------------------------------------------------
N = 256, G = 1, P = 1, A = 11, B = 11
-- eps = 1e-08, cr = 1.8823529411764706, time = 5.259209156036377, error = 5.072684856406272e-10
-- eps = 1e-07, cr = 1.9785385794583545, time = 5.290438652038574, error = 8.164053648501692e-08
-- eps = 1e-06, cr = 2.3984514130855596, time = 5.4884583950042725, error = 9.380032293455152e-07
-- eps = 1e-05, cr = 3.135540034416439, time = 5.392843961715698, error = 9.343649214040588e-06
-- eps = 0.0001, cr = 4.7018822100789315, time = 5.879183530807495, error = 9.546174466490683e-05
-- eps = 0.001, cr = 9.814955640050696, time = 6.503909111022949, error = 0.0008932686417804822
-- eps = 0.01, cr = 35.64556962025316, time = 7.494909048080444, error = 0.009407334595931313
-- eps = 0.1, cr = 286.81481481481484, time = 6.495392322540283, error = 0.09800335521077383
--------------------------------------------------------------------------------
N = 256, G = 1, P = 1, A = 12, B = 12
-- eps = 1e-08, cr = 1.8823529411764706, time = 5.011395454406738, error = 3.5131046668274134e-09
-- eps = 1e-07, cr = 1.8823529411764706, time = 5.061130046844482, error = 3.5131046661675057e-09
-- eps = 1e-06, cr = 2.2153846153846155, time = 5.646044969558716, error = 9.082474765282698e-07
-- eps = 1e-05, cr = 2.8567885926844387, time = 5.860569953918457, error = 9.11444553455795e-06
-- eps = 0.0001, cr = 4.290502793296089, time = 5.918092727661133, error = 9.853473805563881e-05
-- eps = 0.001, cr = 8.802292263610315, time = 6.623170852661133, error = 0.0009465309742640979
-- eps = 0.01, cr = 28.9811320754717, time = 8.472504377365112, error = 0.009956369465788432
-- eps = 0.1, cr = 297.2903225806452, time = 6.491352558135986, error = 0.09600673031501639
--------------------------------------------------------------------------------
N = 256, G = 1, P = 1, A = 14, B = 14
-- eps = 1e-08, cr = 1.817444219066937, time = 5.257266283035278, error = 9.668286821989357e-09
-- eps = 1e-07, cr = 1.8823529411764706, time = 5.1836230754852295, error = 1.5346882374926687e-08
-- eps = 1e-06, cr = 2.098360655737705, time = 5.380976915359497, error = 9.346731841085287e-07
-- eps = 1e-05, cr = 2.5098039215686274, time = 5.97179102897644, error = 9.918842051417453e-06
-- eps = 0.0001, cr = 3.3308550185873607, time = 6.027937173843384, error = 9.098350590383356e-05
-- eps = 0.001, cr = 6.0599033816425125, time = 6.406702518463135, error = 0.0009732939981397355
-- eps = 0.01, cr = 20.56393442622951, time = 8.63312292098999, error = 0.009964692154873335
-- eps = 0.1, cr = 358.4, time = 8.734004497528076, error = 0.09990243920596592
--------------------------------------------------------------------------------
N = 256, G = 1, P = 1, A = 13, B = 13
-- eps = 1e-08, cr = 1.8823529411764706, time = 5.363126039505005, error = 6.404339545402136e-13
-- eps = 1e-07, cr = 2.1369159340116566, time = 5.636300086975098, error = 8.564136584091264e-08
-- eps = 1e-06, cr = 2.798266606299722, time = 5.689454555511475, error = 9.575128575160494e-07
-- eps = 1e-05, cr = 3.8371618625277164, time = 5.779501914978027, error = 9.992873977552657e-06
-- eps = 0.0001, cr = 6.841239721695129, time = 6.654848337173462, error = 9.838062645557542e-05
-- eps = 0.001, cr = 17.086887835703003, time = 7.944092035293579, error = 0.0009960356798002208
-- eps = 0.01, cr = 59.42857142857143, time = 7.883812665939331, error = 0.009834598078110716
-- eps = 0.1, cr = 432.64, time = 5.806619644165039, error = 0.09843799369932615
--------------------------------------------------------------------------------
N = 256, G = 1, P = 1, A = 14, B = 14
-- eps = 1e-08, cr = 1.8823529411764706, time = 5.112501859664917, error = 7.55205636395829e-12
-- eps = 1e-07, cr = 1.9848101265822784, time = 5.41523814201355, error = 9.198794564441006e-08
-- eps = 1e-06, cr = 2.382978723404255, time = 5.685763835906982, error = 9.787775451216935e-07
-- eps = 1e-05, cr = 3.384324834749764, time = 5.739313125610352, error = 9.172485265745897e-06
-- eps = 0.0001, cr = 5.85347643490434, time = 5.770909786224365, error = 8.958433564595271e-05
-- eps = 0.001, cr = 14.377077363896849, time = 8.576377391815186, error = 0.0009982627712718916
-- eps = 0.01, cr = 55.50442477876106, time = 7.349844932556152, error = 0.009677163586581713
-- eps = 0.1, cr = 464.5925925925926, time = 5.902803897857666, error = 0.09676529608242077
--------------------------------------------------------------------------------
N = 256, G = 1, P = 1, A = 15, B = 15
-- eps = 1e-08, cr = 1.8823529411764706, time = 5.279601573944092, error = 8.314609352117214e-09
-- eps = 1e-07, cr = 1.9155304289990023, time = 5.430917501449585, error = 9.993742152298864e-08
-- eps = 1e-06, cr = 2.175883952855848, time = 5.806980609893799, error = 7.797140913397342e-07
-- eps = 1e-05, cr = 3.014759761331519, time = 5.793373107910156, error = 9.460432887571432e-06
-- eps = 0.0001, cr = 4.822101297614064, time = 5.967931747436523, error = 9.349196001073615e-05
-- eps = 0.001, cr = 11.856731165088513, time = 7.597166299819946, error = 0.0009584766314299129
-- eps = 0.01, cr = 42.88905435591958, time = 10.593963146209717, error = 0.00972972126662726
-- eps = 0.1, cr = 464.51612903225805, time = 6.2169787883758545, error = 0.09742833458572474
--------------------------------------------------------------------------------
N = 256, G = 1, P = 1, A = 17, B = 17
-- eps = 1e-08, cr = 1.8823529411764706, time = 4.94415807723999, error = 8.747955808040299e-09
-- eps = 1e-07, cr = 1.8823529411764706, time = 5.089210271835327, error = 8.747955808290369e-09
-- eps = 1e-06, cr = 2.072613177947109, time = 5.734044551849365, error = 8.344411928486613e-07
-- eps = 1e-05, cr = 2.527121191419593, time = 5.858332872390747, error = 9.299733144683069e-06
-- eps = 0.0001, cr = 3.7403437815975735, time = 6.1879167556762695, error = 9.962891735910559e-05
-- eps = 0.001, cr = 7.690644490644491, time = 6.75216817855835, error = 0.0009555499793354674
-- eps = 0.01, cr = 24.826845637583894, time = 8.775524377822876, error = 0.00987017667866066
-- eps = 0.1, cr = 489.96026490066225, time = 7.189945936203003, error = 0.09901449030592807
--------------------------------------------------------------------------------
N = 256, G = 1, P = 1, A = 16, B = 16
-- eps = 1e-08, cr = 1.8823529411764706, time = 5.089720964431763, error = 4.5771399484365645e-15
-- eps = 1e-07, cr = 2.085539714867617, time = 5.847832679748535, error = 9.576906172817834e-08
-- eps = 1e-06, cr = 2.794950528829751, time = 6.142631530761719, error = 9.523983389832025e-07
-- eps = 1e-05, cr = 4.5893557422969185, time = 5.992663621902466, error = 9.897214047662579e-06
-- eps = 0.0001, cr = 8.564558285415577, time = 7.621838331222534, error = 9.487628818797236e-05
-- eps = 0.001, cr = 22.59862068965517, time = 8.353444814682007, error = 0.0009926900857363577
-- eps = 0.01, cr = 85.11168831168831, time = 6.810746192932129, error = 0.00953271700265712
-- eps = 0.1, cr = 564.9655172413793, time = 5.663161039352417, error = 0.08598536565057491
--------------------------------------------------------------------------------
N = 256, G = 1, P = 1, A = 17, B = 17
-- eps = 1e-08, cr = 1.8823529411764706, time = 5.140728712081909, error = 1.0646634257284049e-10
-- eps = 1e-07, cr = 1.9665089575248524, time = 5.6099889278411865, error = 8.705088576946595e-08
-- eps = 1e-06, cr = 2.6407766990291264, time = 5.750186204910278, error = 9.920830125016324e-07
-- eps = 1e-05, cr = 3.9608116066170567, time = 6.329730272293091, error = 9.443573057344962e-06
-- eps = 0.0001, cr = 7.2504900039200315, time = 6.475871324539185, error = 9.023896863028118e-05
-- eps = 0.001, cr = 17.85759111754767, time = 8.05477499961853, error = 0.0009975027265789098
-- eps = 0.01, cr = 83.22159730033746, time = 8.296173810958862, error = 0.009606573770866406
-- eps = 0.1, cr = 578.0, time = 5.986804246902466, error = 0.08419005050011144
--------------------------------------------------------------------------------
N = 256, G = 1, P = 1, A = 18, B = 18
-- eps = 1e-08, cr = 1.8823529411764706, time = 5.192891597747803, error = 3.1208642215517777e-09
-- eps = 1e-07, cr = 1.9210672595886604, time = 5.539778709411621, error = 9.316312125837471e-08
-- eps = 1e-06, cr = 2.3132530120481927, time = 5.45770525932312, error = 9.229366351731916e-07
-- eps = 1e-05, cr = 3.330281859792821, time = 6.199688911437988, error = 9.731931537028252e-06
-- eps = 0.0001, cr = 6.086292926328148, time = 6.406049013137817, error = 9.919604297333769e-05
-- eps = 0.001, cr = 14.763972944108223, time = 8.544077157974243, error = 0.000973983972074527
-- eps = 0.01, cr = 67.32467532467533, time = 11.278020858764648, error = 0.009917876101887836
-- eps = 0.1, cr = 668.9032258064516, time = 6.137558937072754, error = 0.09793180104475761
--------------------------------------------------------------------------------
N = 256, G = 1, P = 1, A = 20, B = 20
-- eps = 1e-08, cr = 1.8823529411764706, time = 5.244898796081543, error = 6.652884434593398e-09
-- eps = 1e-07, cr = 1.8823529411764706, time = 5.12215518951416, error = 6.652884434555515e-09
-- eps = 1e-06, cr = 2.053915275994865, time = 5.788174390792847, error = 9.214794258846766e-07
-- eps = 1e-05, cr = 2.6122448979591835, time = 6.07645058631897, error = 9.477020144657238e-06
-- eps = 0.0001, cr = 4.3199460006749915, time = 6.417238235473633, error = 9.817028334137989e-05
-- eps = 0.001, cr = 9.566517189835576, time = 7.527143239974976, error = 0.000996118946734559
-- eps = 0.01, cr = 31.527093596059114, time = 10.124309778213501, error = 0.00986951135219311
-- eps = 0.1, cr = 711.1111111111111, time = 6.898617267608643, error = 0.09895829594328044
--------------------------------------------------------------------------------
N = 256, G = 1, P = 1, A = 21, B = 21
-- eps = 1e-08, cr = 1.8823529411764706, time = 5.789832353591919, error = 1.9745650366740344e-15
-- eps = 1e-07, cr = 2.1333333333333333, time = 5.817984104156494, error = 9.913618581260588e-08
-- eps = 1e-06, cr = 3.1859126312224855, time = 6.272182464599609, error = 9.735944238760924e-07
-- eps = 1e-05, cr = 5.739501779359431, time = 6.672546863555908, error = 9.88867767009617e-06
-- eps = 0.0001, cr = 12.418435815641844, time = 8.861908197402954, error = 9.93130670164481e-05
-- eps = 0.001, cr = 34.84444444444444, time = 9.62066912651062, error = 0.0009424216261229284
-- eps = 0.01, cr = 134.72076372315036, time = 6.731633424758911, error = 0.009868941877969188
-- eps = 0.1, cr = 933.0247933884298, time = 5.264989376068115, error = 0.09978208311773527
--------------------------------------------------------------------------------
N = 256, G = 1, P = 1, A = 22, B = 22
-- eps = 1e-08, cr = 1.8823529411764706, time = 5.216503143310547, error = 7.240366401999955e-11
-- eps = 1e-07, cr = 1.9442631182525734, time = 6.041450500488281, error = 7.482318825869084e-08
-- eps = 1e-06, cr = 2.75, time = 6.208719253540039, error = 9.908778767675011e-07
-- eps = 1e-05, cr = 4.649305816135085, time = 6.527827501296997, error = 9.473726673016272e-06
-- eps = 0.0001, cr = 10.146085817228956, time = 8.794875860214233, error = 9.915936705380736e-05
-- eps = 0.001, cr = 27.558718861209965, time = 9.804723262786865, error = 0.0009747495931101416
-- eps = 0.01, cr = 137.2137320044297, time = 8.767677307128906, error = 0.009725900280295989
-- eps = 0.1, cr = 911.0588235294117, time = 5.666102647781372, error = 0.0988786178049097
--------------------------------------------------------------------------------
N = 256, G = 1, P = 1, A = 23, B = 23
-- eps = 1e-08, cr = 1.8823529411764706, time = 5.358954906463623, error = 5.390916510965879e-10
-- eps = 1e-07, cr = 1.8823529411764706, time = 5.7505292892456055, error = 5.390916510965879e-10
-- eps = 1e-06, cr = 2.413114754098361, time = 13.636806726455688, error = 9.470576882391044e-07
-- eps = 1e-05, cr = 3.887472729360432, time = 6.547421216964722, error = 9.795624502210882e-06
-- eps = 0.0001, cr = 7.859779454439931, time = 8.592213869094849, error = 9.456736278103804e-05
-- eps = 0.001, cr = 21.902636260714864, time = 8.74721622467041, error = 0.0009864985690912198
-- eps = 0.01, cr = 111.36842105263158, time = 11.908437728881836, error = 0.009957476367579161
-- eps = 0.1, cr = 967.3142857142857, time = 5.9804253578186035, error = 0.09995675885974979
--------------------------------------------------------------------------------
N = 256, G = 1, P = 1, A = 25, B = 25
-- eps = 1e-08, cr = 1.8823529411764706, time = 5.052294015884399, error = 4.978250576285611e-09
-- eps = 1e-07, cr = 1.8823529411764706, time = 5.975591659545898, error = 4.978250576632869e-09
-- eps = 1e-06, cr = 2.0460358056265986, time = 6.176971673965454, error = 9.771954799066877e-07
-- eps = 1e-05, cr = 2.962085308056872, time = 6.4260783195495605, error = 9.676439718366631e-06
-- eps = 0.0001, cr = 5.32499084767198, time = 7.202954292297363, error = 9.594627086907579e-05
-- eps = 0.001, cr = 12.127643447282649, time = 9.156312942504883, error = 0.0009657484055510558
-- eps = 0.01, cr = 46.28290425224183, time = 11.742101669311523, error = 0.009985826216815286
-- eps = 0.1, cr = 1052.6315789473683, time = 6.086592674255371, error = 0.09783398676976329
--------------------------------------------------------------------------------
N = 256, G = 1, P = 1, A = 27, B = 27
-- eps = 1e-08, cr = 1.8823529411764706, time = 5.832001447677612, error = 3.4800903613964038e-15
-- eps = 1e-07, cr = 2.1654135338345863, time = 6.427701234817505, error = 9.603527436862624e-08
-- eps = 1e-06, cr = 3.737263697532842, time = 6.426078796386719, error = 9.833406872015592e-07
-- eps = 1e-05, cr = 7.136127256041603, time = 8.815677642822266, error = 9.472340260201593e-06
-- eps = 0.0001, cr = 17.400839160839162, time = 9.440122842788696, error = 9.96792695549758e-05
-- eps = 0.001, cr = 54.44107351225204, time = 9.825761795043945, error = 0.0009857338471849677
-- eps = 0.01, cr = 215.50115473441107, time = 7.706645250320435, error = 0.009866075319957918
-- eps = 0.1, cr = 1260.972972972973, time = 5.708056688308716, error = 0.0964281143315545
--------------------------------------------------------------------------------
N = 256, G = 1, P = 1, A = 28, B = 28
-- eps = 1e-08, cr = 1.8823529411764706, time = 5.716503381729126, error = 1.0728787168585948e-12
-- eps = 1e-07, cr = 1.9227467811158798, time = 6.096632719039917, error = 9.7561694932479e-08
-- eps = 1e-06, cr = 2.9923664122137406, time = 6.78916072845459, error = 9.810509575815956e-07
-- eps = 1e-05, cr = 5.727853881278539, time = 8.68590235710144, error = 9.964618885132283e-06
-- eps = 0.0001, cr = 13.788403407529541, time = 9.268447875976562, error = 9.873926466814836e-05
-- eps = 0.001, cr = 40.826688364524, time = 10.395283699035645, error = 0.000988290996824803
-- eps = 0.01, cr = 215.57894736842104, time = 8.562861204147339, error = 0.009934531764881306
-- eps = 0.1, cr = 1223.8048780487804, time = 5.5448267459869385, error = 0.08320113592534956
--------------------------------------------------------------------------------
N = 256, G = 1, P = 1, A = 29, B = 29
-- eps = 1e-08, cr = 1.8823529411764706, time = 5.617679595947266, error = 2.6742854092994285e-10
-- eps = 1e-07, cr = 1.8823529411764706, time = 6.028793096542358, error = 2.6742854092994285e-10
-- eps = 1e-06, cr = 2.4715984754557563, time = 6.534540176391602, error = 9.87761136882046e-07
-- eps = 1e-05, cr = 4.548250802771675, time = 6.955602169036865, error = 9.72551556963394e-06
-- eps = 0.0001, cr = 10.621410952146029, time = 10.064087390899658, error = 9.790485173509757e-05
-- eps = 0.001, cr = 30.140837183256334, time = 10.053295373916626, error = 0.0009952773370490557
-- eps = 0.01, cr = 187.05125977410947, time = 11.124510765075684, error = 0.009983069641241071
-- eps = 0.1, cr = 1312.780487804878, time = 5.459822654724121, error = 0.09774979263342563
--------------------------------------------------------------------------------
N = 256, G = 1, P = 1, A = 31, B = 31
-- eps = 1e-08, cr = 1.8823529411764706, time = 5.860496997833252, error = 6.410778119182667e-09
-- eps = 1e-07, cr = 1.8823529411764706, time = 5.855185270309448, error = 6.410778119103022e-09
-- eps = 1e-06, cr = 2.075313807531381, time = 6.562088966369629, error = 9.834706802747914e-07
-- eps = 1e-05, cr = 3.2140468227424748, time = 6.983443975448608, error = 9.81892869987502e-06
-- eps = 0.0001, cr = 6.51301193974532, time = 8.931467533111572, error = 9.903775487126879e-05
-- eps = 0.001, cr = 15.81486243250193, time = 10.6451416015625, error = 0.0009972327814910644
-- eps = 0.01, cr = 72.65682220909628, time = 15.428542137145996, error = 0.009964773574230278
-- eps = 0.1, cr = 1397.8181818181818, time = 6.534411191940308, error = 0.09172883399111498
--------------------------------------------------------------------------------
N = 256, G = 1, P = 1, A = 35, B = 35
-- eps = 1e-08, cr = 1.8823529411764706, time = 5.620940685272217, error = 1.0535231982771893e-14
-- eps = 1e-07, cr = 2.1824457868218134, time = 7.0472588539123535, error = 1.0452108136214244e-07
-- eps = 1e-06, cr = 4.056291390728477, time = 8.539369344711304, error = 9.806421639188958e-07
-- eps = 1e-05, cr = 9.259751380399798, time = 10.693482160568237, error = 9.891557093199302e-06
-- eps = 0.0001, cr = 23.9572192513369, time = 9.755931377410889, error = 9.88091033406977e-05
-- eps = 0.001, cr = 81.60291438979964, time = 10.540729522705078, error = 0.0009923112136485813
-- eps = 0.01, cr = 323.29896907216494, time = 7.483829021453857, error = 0.009754744508110947
-- eps = 0.1, cr = 1742.2222222222222, time = 5.818226337432861, error = 0.09369707442141864
--------------------------------------------------------------------------------
N = 256, G = 1, P = 1, A = 36, B = 36
-- eps = 1e-08, cr = 1.8823529411764706, time = 6.017457008361816, error = 7.477174450845776e-15
-- eps = 1e-07, cr = 1.9246333766474848, time = 6.947573900222778, error = 8.019616732358814e-08
-- eps = 1e-06, cr = 3.010890082764629, time = 7.2715935707092285, error = 9.85835653305905e-07
-- eps = 1e-05, cr = 6.559949383106612, time = 10.378190517425537, error = 9.918087378191663e-06
-- eps = 0.0001, cr = 18.597309417040357, time = 9.834532022476196, error = 9.894594495593529e-05
-- eps = 0.001, cr = 61.30376940133038, time = 11.911274909973145, error = 0.0009927916672238196
-- eps = 0.01, cr = 318.09779482262707, time = 7.817567825317383, error = 0.00942326482897861
-- eps = 0.1, cr = 1803.1304347826087, time = 5.4727466106414795, error = 0.09696821864075032
--------------------------------------------------------------------------------
N = 256, G = 1, P = 1, A = 37, B = 37
-- eps = 1e-08, cr = 1.8823529411764706, time = 6.155826807022095, error = 4.066818972462475e-10
-- eps = 1e-07, cr = 1.8823529411764706, time = 6.197321891784668, error = 4.066818972462475e-10
-- eps = 1e-06, cr = 2.54838428201623, time = 7.149686336517334, error = 9.88616336527636e-07
-- eps = 1e-05, cr = 5.350268685881778, time = 9.10092282295227, error = 9.842703257721007e-06
-- eps = 0.0001, cr = 14.226840951530406, time = 11.058552026748657, error = 9.782204111264654e-05
-- eps = 0.001, cr = 45.10476190476191, time = 10.773116827011108, error = 0.0009878544476159352
-- eps = 0.01, cr = 299.798118049615, time = 9.612011194229126, error = 0.009706677107059802
-- eps = 0.1, cr = 1894.4, time = 5.744581460952759, error = 0.09977886545401825
--------------------------------------------------------------------------------
N = 256, G = 1, P = 1, A = 39, B = 39
-- eps = 1e-08, cr = 1.8823529411764706, time = 5.708250045776367, error = 1.3206189687613226e-09
-- eps = 1e-07, cr = 1.8823529411764706, time = 6.052894592285156, error = 1.3206189687613226e-09
-- eps = 1e-06, cr = 2.1333333333333333, time = 6.843554496765137, error = 9.834019997391996e-07
-- eps = 1e-05, cr = 3.578165778349568, time = 7.610144138336182, error = 9.941795517539152e-06
-- eps = 0.0001, cr = 8.333354735152488, time = 10.899158716201782, error = 9.963835569802049e-05
-- eps = 0.001, cr = 22.37793103448276, time = 11.473065853118896, error = 0.0009834867201651439
-- eps = 0.01, cr = 132.7116564417178, time = 21.757688760757446, error = 0.009991873826844185
-- eps = 0.1, cr = 1908.7058823529412, time = 5.800557851791382, error = 0.09852103747505624
--------------------------------------------------------------------------------
N = 256, G = 1, P = 1, A = 46, B = 46
-- eps = 1e-08, cr = 1.8836620580298773, time = 6.568643808364868, error = 3.212513329064923e-09
-- eps = 1e-07, cr = 2.2473282442748093, time = 7.685570955276489, error = 1.1002222103355365e-07
-- eps = 1e-06, cr = 4.334400204839329, time = 9.654460906982422, error = 9.817037559507015e-07
-- eps = 1e-05, cr = 12.074179743223965, time = 11.239065647125244, error = 9.935544838054403e-06
-- eps = 0.0001, cr = 34.20229826998359, time = 10.742522239685059, error = 9.914512977173204e-05
-- eps = 0.001, cr = 129.22137404580153, time = 11.022192239761353, error = 0.000993005317922572
-- eps = 0.01, cr = 504.37243947858474, time = 8.00505781173706, error = 0.009921443411121021
-- eps = 0.1, cr = 2418.285714285714, time = 5.537960052490234, error = 0.09161556921208147
--------------------------------------------------------------------------------
N = 256, G = 1, P = 1, A = 47, B = 47
-- eps = 1e-08, cr = 1.884674091996774, time = 7.224754571914673, error = 1.0583392909209729e-08
-- eps = 1e-07, cr = 1.9673673297569596, time = 7.518795013427734, error = 8.380069971064664e-08
-- eps = 1e-06, cr = 3.2429407042091984, time = 8.452537775039673, error = 9.869042702363388e-07
-- eps = 1e-05, cr = 8.241936659233673, time = 11.862060785293579, error = 9.82851183327799e-06
-- eps = 0.0001, cr = 26.4526148376836, time = 11.558353662490845, error = 9.955030367637964e-05
-- eps = 0.001, cr = 97.70283344851417, time = 13.576553583145142, error = 0.000981256835573754
-- eps = 0.01, cr = 490.8888888888889, time = 8.327659606933594, error = 0.009856548357668722
-- eps = 0.1, cr = 2480.280701754386, time = 5.663901090621948, error = 0.09393680715570991
--------------------------------------------------------------------------------
N = 256, G = 1, P = 1, A = 48, B = 48
-- eps = 1e-08, cr = 1.8823529411764706, time = 6.503498554229736, error = 2.7495740201704563e-11
-- eps = 1e-07, cr = 1.8858195211786373, time = 7.405463457107544, error = 2.4570178274444427e-08
-- eps = 1e-06, cr = 2.655907780979827, time = 8.03836727142334, error = 9.894080672239366e-07
-- eps = 1e-05, cr = 6.108873974645786, time = 11.859358787536621, error = 9.996603620200963e-06
-- eps = 0.0001, cr = 20.141510722578882, time = 12.745982885360718, error = 9.918964513576259e-05
-- eps = 0.001, cr = 70.01709401709402, time = 13.808526277542114, error = 0.0009850016499890247
-- eps = 0.01, cr = 487.05532617671344, time = 10.093308925628662, error = 0.009870916331640014
-- eps = 0.1, cr = 2542.344827586207, time = 5.902359962463379, error = 0.09618362022358212
--------------------------------------------------------------------------------
N = 256, G = 1, P = 1, A = 50, B = 50
-- eps = 1e-08, cr = 1.8823529411764706, time = 5.904481410980225, error = 7.098156738503977e-10
-- eps = 1e-07, cr = 1.8877274121616838, time = 7.299595594406128, error = 9.518686713219873e-08
-- eps = 1e-06, cr = 2.213062602008354, time = 7.893347978591919, error = 9.941931357780145e-07
-- eps = 1e-05, cr = 4.080383556054269, time = 9.605611324310303, error = 9.9662338613228e-06
-- eps = 0.0001, cr = 11.122697254084116, time = 12.194005489349365, error = 9.711935654924774e-05
-- eps = 0.001, cr = 32.68307629455622, time = 12.869762897491455, error = 0.0009822199951456665
-- eps = 0.01, cr = 391.43730886850153, time = 23.085007667541504, error = 0.009855039256032152
-- eps = 0.1, cr = 2539.6825396825398, time = 5.834080457687378, error = 0.08260509488077405
--------------------------------------------------------------------------------
N = 256, G = 1, P = 1, A = 60, B = 60
-- eps = 1e-08, cr = 1.9466529229365395, time = 8.209261178970337, error = 1.4367251857225582e-08
-- eps = 1e-07, cr = 2.47741935483871, time = 12.151047229766846, error = 1.0714654119499562e-07
-- eps = 1e-06, cr = 5.213849287169043, time = 10.881501913070679, error = 9.98442006293028e-07
-- eps = 1e-05, cr = 15.961205403533079, time = 12.958263158798218, error = 9.974042166920298e-06
-- eps = 0.0001, cr = 47.70680194637126, time = 11.931689977645874, error = 9.905471280491479e-05
-- eps = 0.001, cr = 200.1737619461338, time = 12.904737710952759, error = 0.000987761138264665
-- eps = 0.01, cr = 737.28, time = 8.02486801147461, error = 0.009876020355074108
-- eps = 0.1, cr = 3339.1304347826085, time = 5.892860174179077, error = 0.09016877768619548
--------------------------------------------------------------------------------
N = 256, G = 1, P = 1, A = 61, B = 61
-- eps = 1e-08, cr = 1.8823529411764706, time = 7.084036827087402, error = 7.40523013380675e-15
-- eps = 1e-07, cr = 2.0388168314712556, time = 9.727110862731934, error = 1.1007903269595571e-07
-- eps = 1e-06, cr = 3.620475242105903, time = 10.487403154373169, error = 9.960553547972356e-07
-- eps = 1e-05, cr = 10.416814294775058, time = 13.753771781921387, error = 9.929821644339188e-06
-- eps = 0.0001, cr = 36.305206189496154, time = 12.722838640213013, error = 9.94040598746204e-05
-- eps = 0.001, cr = 159.42694560669457, time = 13.216345310211182, error = 0.0009961372210650268
-- eps = 0.01, cr = 728.269113149847, time = 9.080172538757324, error = 0.009849919732201442
-- eps = 0.1, cr = 3354.1408450704225, time = 6.2632317543029785, error = 0.09184667959569282
--------------------------------------------------------------------------------
N = 256, G = 1, P = 1, A = 62, B = 62
-- eps = 1e-08, cr = 1.8823529411764706, time = 6.762667894363403, error = 6.678486030393575e-14
-- eps = 1e-07, cr = 1.9263795034022662, time = 8.696231126785278, error = 1.0259052409110668e-07
-- eps = 1e-06, cr = 2.8170201071772087, time = 8.930854082107544, error = 9.972277409850491e-07
-- eps = 1e-05, cr = 7.247702097572472, time = 13.660146951675415, error = 9.91265565590018e-06
-- eps = 0.0001, cr = 28.502114348606845, time = 13.461339473724365, error = 9.947887077403134e-05
-- eps = 0.001, cr = 112.08018223234625, time = 15.220158100128174, error = 0.0009885549470605316
-- eps = 0.01, cr = 716.7254187909687, time = 8.554837942123413, error = 0.009832806071366832
-- eps = 0.1, cr = 3416.8888888888887, time = 6.199212074279785, error = 0.09351363021138367
--------------------------------------------------------------------------------
N = 256, G = 1, P = 1, A = 64, B = 64
-- eps = 1e-08, cr = 1.8823529411764706, time = 6.861877918243408, error = 5.136986965796993e-10
-- eps = 1e-07, cr = 1.8823529411764706, time = 7.677209138870239, error = 5.136986965796993e-10
-- eps = 1e-06, cr = 2.307768152686809, time = 9.262419700622559, error = 9.985136799011507e-07
-- eps = 1e-05, cr = 4.725529076684573, time = 12.785433053970337, error = 9.959469113596897e-06
-- eps = 0.0001, cr = 15.069211312945505, time = 14.372261047363281, error = 9.972380891547194e-05
-- eps = 0.001, cr = 49.88468125594672, time = 18.08236050605774, error = 0.000987293880510944
-- eps = 0.01, cr = 602.9764232317424, time = 17.468328952789307, error = 0.009754211653163225
-- eps = 0.1, cr = 3542.4864864864867, time = 6.480328798294067, error = 0.09689372192409115
--------------------------------------------------------------------------------
N = 256, G = 1, P = 1, A = 78, B = 78
-- eps = 1e-08, cr = 1.9795877384078435, time = 10.088796138763428, error = 1.1801293364925752e-08
-- eps = 1e-07, cr = 2.5602356561419195, time = 14.614553928375244, error = 1.073777690388827e-07
-- eps = 1e-06, cr = 5.765330372015547, time = 13.15781044960022, error = 9.906822257005468e-07
-- eps = 1e-05, cr = 20.563280610493518, time = 14.585502624511719, error = 9.981370587661864e-06
-- eps = 0.0001, cr = 65.05864661654135, time = 13.4404296875, error = 9.968519015497157e-05
-- eps = 0.001, cr = 312.87746082764164, time = 14.206526517868042, error = 0.000990955331057878
-- eps = 0.01, cr = 1089.1636363636364, time = 8.043568849563599, error = 0.009668775388020356
-- eps = 0.1, cr = 4475.586206896552, time = 6.504921913146973, error = 0.08919160179986853
--------------------------------------------------------------------------------
N = 256, G = 1, P = 1, A = 79, B = 79
-- eps = 1e-08, cr = 1.9064856711915537, time = 7.970732688903809, error = 9.2517773195264e-09
-- eps = 1e-07, cr = 2.148220456348406, time = 11.864610433578491, error = 1.0849769325383842e-07
-- eps = 1e-06, cr = 4.07251371357491, time = 12.371432542800903, error = 9.91925652689781e-07
-- eps = 1e-05, cr = 13.18590045144305, time = 15.612313985824585, error = 9.983474404036175e-06
-- eps = 0.0001, cr = 51.787494732747724, time = 15.397477149963379, error = 9.96927312176098e-05
-- eps = 0.001, cr = 253.3210718249564, time = 15.38401198387146, error = 0.0009914383679618893
-- eps = 0.01, cr = 1069.4082998661313, time = 9.292914152145386, error = 0.009855323195405262
-- eps = 0.1, cr = 4538.909090909091, time = 6.375482797622681, error = 0.09037457796758779
--------------------------------------------------------------------------------
N = 256, G = 1, P = 1, A = 80, B = 80
-- eps = 1e-08, cr = 1.8823529411764706, time = 7.631686449050903, error = 1.9835706164700523e-14
-- eps = 1e-07, cr = 1.9556913674560734, time = 8.060078382492065, error = 8.998424820830612e-08
-- eps = 1e-06, cr = 3.017622443566924, time = 12.222995281219482, error = 9.988799758555081e-07
-- eps = 1e-05, cr = 9.752380952380953, time = 16.904634714126587, error = 9.989343296179124e-06
-- eps = 0.0001, cr = 38.510718315156076, time = 14.550679206848145, error = 9.982665914876128e-05
-- eps = 0.001, cr = 190.26826152595518, time = 16.489900588989258, error = 0.0009869746726245325
-- eps = 0.01, cr = 1053.6334405144694, time = 9.802729368209839, error = 0.009909735330170885
-- eps = 0.1, cr = 4551.111111111111, time = 6.580113410949707, error = 0.09161453938723041
--------------------------------------------------------------------------------
N = 256, G = 1, P = 1, A = 82, B = 82
-- eps = 1e-08, cr = 1.8823529411764706, time = 7.6485795974731445, error = 3.7426849178664336e-10
-- eps = 1e-07, cr = 1.8939011187297006, time = 7.802946329116821, error = 7.549209856451805e-08
-- eps = 1e-06, cr = 2.386195271259371, time = 10.37598991394043, error = 9.930927058906886e-07
-- eps = 1e-05, cr = 5.518118636678378, time = 15.241541624069214, error = 9.930799076192659e-06
-- eps = 0.0001, cr = 20.851127746687016, time = 15.041977882385254, error = 9.906100797678227e-05
-- eps = 0.001, cr = 78.05840740068928, time = 16.249772310256958, error = 0.0009968810339213042
-- eps = 0.01, cr = 978.0363636363636, time = 11.558492660522461, error = 0.009991474477612753
-- eps = 0.1, cr = 4677.565217391304, time = 6.885409355163574, error = 0.0941280778988389
--------------------------------------------------------------------------------
N = 256, G = 1, P = 1, A = 102, B = 102
-- eps = 1e-08, cr = 2.0536406030249945, time = 12.295862197875977, error = 1.024255020047037e-08
-- eps = 1e-07, cr = 2.8701060789579174, time = 17.1879243850708, error = 1.0178475951158517e-07
-- eps = 1e-06, cr = 6.880703512914443, time = 16.158381700515747, error = 9.954801973852989e-07
-- eps = 1e-05, cr = 27.245631981668645, time = 16.65384030342102, error = 9.978484111244168e-06
-- eps = 0.0001, cr = 94.58181818181818, time = 16.56727433204651, error = 9.986644352762295e-05
-- eps = 0.001, cr = 493.59229058561897, time = 14.601746559143066, error = 0.0009943414638786683
-- eps = 0.01, cr = 1589.1551312649165, time = 9.56278944015503, error = 0.009795733512891085
-- eps = 0.1, cr = 6039.510204081633, time = 7.221252918243408, error = 0.08885356524791009
--------------------------------------------------------------------------------
N = 256, G = 1, P = 1, A = 103, B = 103
-- eps = 1e-08, cr = 1.9516665205499928, time = 13.20403790473938, error = 1.2464570213905707e-08
-- eps = 1e-07, cr = 2.3268859065922767, time = 16.825838804244995, error = 1.0661932159929756e-07
-- eps = 1e-06, cr = 4.7650698907469105, time = 15.84109377861023, error = 9.931639682305588e-07
-- eps = 1e-05, cr = 16.925843985067836, time = 17.670037031173706, error = 9.979744520377751e-06
-- eps = 0.0001, cr = 74.00888355996403, time = 17.621688842773438, error = 9.973067639110023e-05
-- eps = 0.001, cr = 396.13535589264876, time = 16.772570371627808, error = 0.0009885389219189908
-- eps = 0.01, cr = 1564.4608294930877, time = 9.301188707351685, error = 0.009809081956874277
-- eps = 0.1, cr = 6062.285714285715, time = 7.439730405807495, error = 0.08934201811382803
--------------------------------------------------------------------------------
N = 256, G = 1, P = 1, A = 104, B = 104
-- eps = 1e-08, cr = 1.8823529411764706, time = 8.86762261390686, error = 1.7164103652191226e-14
-- eps = 1e-07, cr = 1.9975990396158463, time = 10.017393112182617, error = 8.978234129507782e-08
-- eps = 1e-06, cr = 3.3044873018903953, time = 14.92396855354309, error = 9.947806909882745e-07
-- eps = 1e-05, cr = 13.213912113923568, time = 18.02078652381897, error = 9.955553923297205e-06
-- eps = 0.0001, cr = 56.370032573289905, time = 18.457754850387573, error = 9.937671035134764e-05
-- eps = 0.001, cr = 319.2178925524556, time = 18.21736431121826, error = 0.0009834973990940808
-- eps = 0.01, cr = 1543.4202898550725, time = 9.841291904449463, error = 0.009758447330639748
-- eps = 0.1, cr = 6125.876106194691, time = 7.4911229610443115, error = 0.09021407596451331
================================================================================
Directory: fixed_source/circle/direction/meshes
--------------------------------------------------------------------------------
N = 16, G = 1, P = 1, A = 12, B = 12
-- eps = 1e-08, cr = 1.0, time = 4.4949681758880615, error = 0.0
-- eps = 1e-07, cr = 1.0, time = 4.644696235656738, error = 0.0
-- eps = 1e-06, cr = 1.0, time = 4.29623556137085, error = 0.0
-- eps = 1e-05, cr = 1.0, time = 4.693772792816162, error = 0.0
-- eps = 0.0001, cr = 1.0434782608695652, time = 4.614649534225464, error = 7.258852545892246e-05
-- eps = 0.001, cr = 1.411764705882353, time = 5.171426057815552, error = 0.0005531670834840209
-- eps = 0.01, cr = 2.938775510204082, time = 5.4081809520721436, error = 0.009071274360492891
-- eps = 0.1, cr = 18.0, time = 5.535309791564941, error = 0.09565006427450769
--------------------------------------------------------------------------------
N = 16, G = 1, P = 1, A = 13, B = 13
-- eps = 1e-08, cr = 1.0, time = 4.325293779373169, error = 0.0
-- eps = 1e-07, cr = 1.0, time = 4.654383420944214, error = 0.0
-- eps = 1e-06, cr = 1.0, time = 4.627389192581177, error = 0.0
-- eps = 1e-05, cr = 1.0, time = 4.753921985626221, error = 0.0
-- eps = 0.0001, cr = 1.0, time = 4.663614988327026, error = 0.0
-- eps = 0.001, cr = 1.368421052631579, time = 4.869125127792358, error = 0.0009634123514966284
-- eps = 0.01, cr = 2.4626593806921675, time = 6.349385976791382, error = 0.009695643135293402
-- eps = 0.1, cr = 18.52054794520548, time = 6.0557379722595215, error = 0.09332258220855354
--------------------------------------------------------------------------------
N = 16, G = 1, P = 1, A = 14, B = 14
-- eps = 1e-08, cr = 1.0, time = 4.657524108886719, error = 0.0
-- eps = 1e-07, cr = 1.0, time = 4.894533157348633, error = 0.0
-- eps = 1e-06, cr = 1.0, time = 4.941514015197754, error = 0.0
-- eps = 1e-05, cr = 1.0, time = 4.8698484897613525, error = 0.0
-- eps = 0.0001, cr = 1.0, time = 4.917397975921631, error = 0.0
-- eps = 0.001, cr = 1.1666666666666667, time = 5.1692163944244385, error = 0.0009877449478791886
-- eps = 0.01, cr = 1.9848101265822784, time = 6.3564605712890625, error = 0.008948806475656396
-- eps = 0.1, cr = 19.358024691358025, time = 6.214906215667725, error = 0.09508068132061144
--------------------------------------------------------------------------------
N = 16, G = 1, P = 1, A = 16, B = 16
-- eps = 1e-08, cr = 1.0, time = 4.8787617683410645, error = 0.0
-- eps = 1e-07, cr = 1.0, time = 4.489501714706421, error = 0.0
-- eps = 1e-06, cr = 1.0, time = 4.763200044631958, error = 0.0
-- eps = 1e-05, cr = 1.0, time = 4.897085428237915, error = 0.0
-- eps = 0.0001, cr = 1.0, time = 4.890738010406494, error = 0.0
-- eps = 0.001, cr = 1.0, time = 4.739661693572998, error = 0.0
-- eps = 0.01, cr = 1.6, time = 5.856018543243408, error = 0.00885014119439713
-- eps = 0.1, cr = 23.54022988505747, time = 7.71307373046875, error = 0.09212358757778785
--------------------------------------------------------------------------------
N = 64, G = 1, P = 1, A = 12, B = 12
-- eps = 1e-08, cr = 1.6, time = 4.905680894851685, error = 1.178059821248189e-10
-- eps = 1e-07, cr = 1.6, time = 4.671673536300659, error = 1.178059821248189e-10
-- eps = 1e-06, cr = 1.6, time = 4.653804540634155, error = 1.178059821248189e-10
-- eps = 1e-05, cr = 1.6, time = 4.774694204330444, error = 1.178059821248189e-10
-- eps = 0.0001, cr = 1.6, time = 4.940325736999512, error = 1.178059821248189e-10
-- eps = 0.001, cr = 1.8432, time = 5.939654350280762, error = 0.0009825662373115504
-- eps = 0.01, cr = 6.564102564102564, time = 7.93176531791687, error = 0.009745910007570389
-- eps = 0.1, cr = 60.23529411764706, time = 6.2187180519104, error = 0.0832623134516301
--------------------------------------------------------------------------------
N = 64, G = 1, P = 1, A = 13, B = 13
-- eps = 1e-08, cr = 1.0, time = 4.956695318222046, error = 0.0
-- eps = 1e-07, cr = 1.0, time = 4.80422830581665, error = 0.0
-- eps = 1e-06, cr = 1.0, time = 4.920819044113159, error = 0.0
-- eps = 1e-05, cr = 1.1243243243243244, time = 4.695320129394531, error = 9.02750235876255e-06
-- eps = 0.0001, cr = 1.3419354838709678, time = 5.1946563720703125, error = 9.093739672661532e-05
-- eps = 0.001, cr = 1.826718459719642, time = 5.39693021774292, error = 0.0009780545339039433
-- eps = 0.01, cr = 4.499168053244592, time = 8.908413887023926, error = 0.009608831595695084
-- eps = 0.1, cr = 69.33333333333333, time = 7.168779373168945, error = 0.09763859832462667
--------------------------------------------------------------------------------
N = 64, G = 1, P = 1, A = 14, B = 14
-- eps = 1e-08, cr = 1.0, time = 4.609910011291504, error = 0.0
-- eps = 1e-07, cr = 1.0, time = 4.736924648284912, error = 0.0
-- eps = 1e-06, cr = 1.0, time = 4.876865386962891, error = 0.0
-- eps = 1e-05, cr = 1.0, time = 4.811810731887817, error = 0.0
-- eps = 0.0001, cr = 1.1789473684210525, time = 5.06217360496521, error = 7.693005658433127e-05
-- eps = 0.001, cr = 1.5770681418154389, time = 5.816473960876465, error = 0.0009922954208575105
-- eps = 0.01, cr = 3.5475113122171944, time = 7.658962965011597, error = 0.009923825241609131
-- eps = 0.1, cr = 70.07821229050279, time = 7.756379127502441, error = 0.09439736072317341
--------------------------------------------------------------------------------
N = 64, G = 1, P = 1, A = 16, B = 16
-- eps = 1e-08, cr = 1.0, time = 4.6992151737213135, error = 0.0
-- eps = 1e-07, cr = 1.0, time = 4.563210725784302, error = 0.0
-- eps = 1e-06, cr = 1.0, time = 4.688009738922119, error = 0.0
-- eps = 1e-05, cr = 1.0, time = 4.905764818191528, error = 0.0
-- eps = 0.0001, cr = 1.0666666666666667, time = 4.7520763874053955, error = 8.770712552878616e-05
-- eps = 0.001, cr = 1.3128205128205128, time = 5.521621227264404, error = 0.0008735553029037685
-- eps = 0.01, cr = 2.3378995433789953, time = 6.402456045150757, error = 0.009917395388824624
-- eps = 0.1, cr = 70.62068965517241, time = 9.709097623825073, error = 0.09726690985309609
--------------------------------------------------------------------------------
N = 256, G = 1, P = 1, A = 12, B = 12
-- eps = 1e-08, cr = 1.8823529411764706, time = 4.988316774368286, error = 5.4999472705447766e-11
-- eps = 1e-07, cr = 1.8823529411764706, time = 4.819782972335815, error = 5.4999472705447766e-11
-- eps = 1e-06, cr = 1.8823529411764706, time = 4.7444164752960205, error = 5.4999472705447766e-11
-- eps = 1e-05, cr = 2.125461254612546, time = 5.760549068450928, error = 9.915793070024744e-06
-- eps = 0.0001, cr = 2.8097560975609754, time = 5.500341415405273, error = 9.557472994097797e-05
-- eps = 0.001, cr = 4.351274787535411, time = 6.337661027908325, error = 0.0009557438365986613
-- eps = 0.01, cr = 16.941176470588236, time = 12.09086799621582, error = 0.009925406768268766
-- eps = 0.1, cr = 218.1301775147929, time = 6.3550193309783936, error = 0.08580531743574377
--------------------------------------------------------------------------------
N = 256, G = 1, P = 1, A = 13, B = 13
-- eps = 1e-08, cr = 1.0, time = 4.908746719360352, error = 0.0
-- eps = 1e-07, cr = 1.0, time = 4.850336790084839, error = 0.0
-- eps = 1e-06, cr = 1.1122994652406417, time = 5.221874952316284, error = 9.502889522104199e-07
-- eps = 1e-05, cr = 1.3639344262295081, time = 5.908377408981323, error = 9.290506153007554e-06
-- eps = 0.0001, cr = 2.0736196319018405, time = 5.880707025527954, error = 9.913842431825627e-05
-- eps = 0.001, cr = 3.591565664951021, time = 5.990005254745483, error = 0.0009677664695776028
-- eps = 0.01, cr = 11.199585814134092, time = 12.973474979400635, error = 0.00999772655617039
-- eps = 0.1, cr = 235.1304347826087, time = 6.957621335983276, error = 0.09895246338399123
--------------------------------------------------------------------------------
N = 256, G = 1, P = 1, A = 14, B = 14
-- eps = 1e-08, cr = 1.0, time = 4.8182268142700195, error = 0.0
-- eps = 1e-07, cr = 1.0, time = 4.596021890640259, error = 0.0
-- eps = 1e-06, cr = 1.0, time = 5.191899538040161, error = 0.0
-- eps = 1e-05, cr = 1.2295628308174869, time = 5.807932376861572, error = 8.954425165539864e-06
-- eps = 0.0001, cr = 1.7658900541986344, time = 6.083459854125977, error = 9.945663570018881e-05
-- eps = 0.001, cr = 3.0088750299832094, time = 6.004964828491211, error = 0.0009901345156185007
-- eps = 0.01, cr = 8.241787122207622, time = 9.598292350769043, error = 0.009907830129833357
-- eps = 0.1, cr = 262.70157068062827, time = 7.832815170288086, error = 0.09810623001611038
--------------------------------------------------------------------------------
N = 256, G = 1, P = 1, A = 16, B = 16
-- eps = 1e-08, cr = 1.0, time = 4.889739751815796, error = 0.0
-- eps = 1e-07, cr = 1.0, time = 4.936270713806152, error = 0.0
-- eps = 1e-06, cr = 1.0, time = 4.722200870513916, error = 0.0
-- eps = 1e-05, cr = 1.0567595459236325, time = 5.541393041610718, error = 8.657127560015814e-06
-- eps = 0.0001, cr = 1.495982468955442, time = 13.892918586730957, error = 9.056443831975062e-05
-- eps = 0.001, cr = 2.4179456906729633, time = 6.296506404876709, error = 0.0009664921846039385
-- eps = 0.01, cr = 5.231162196679438, time = 7.209724426269531, error = 0.00987187690644913
-- eps = 0.1, cr = 264.258064516129, time = 11.853895902633667, error = 0.09554872934112477
--------------------------------------------------------------------------------
N = 1024, G = 1, P = 1, A = 12, B = 12
-- eps = 1e-08, cr = 2.0831826401446656, time = 5.532228946685791, error = 9.06439848992428e-09
-- eps = 1e-07, cr = 2.417628541448059, time = 5.5843706130981445, error = 9.13935754458182e-08
-- eps = 1e-06, cr = 3.0415841584158416, time = 6.19520115852356, error = 9.394300057093069e-07
-- eps = 1e-05, cr = 4.129032258064516, time = 6.646899700164795, error = 9.32270899478168e-06
-- eps = 0.0001, cr = 6.039318479685452, time = 7.1021904945373535, error = 9.339312200108144e-05
-- eps = 0.001, cr = 10.602243313201035, time = 7.835379600524902, error = 0.000989270805058707
-- eps = 0.01, cr = 53.58139534883721, time = 17.42922329902649, error = 0.010001606386366463
-- eps = 0.1, cr = 752.3265306122449, time = 6.321026086807251, error = 0.09937688266201844
--------------------------------------------------------------------------------
N = 1024, G = 1, P = 1, A = 13, B = 13
-- eps = 1e-08, cr = 1.0987124463519313, time = 5.280027151107788, error = 9.972581233110984e-09
-- eps = 1e-07, cr = 1.3553460104633313, time = 5.757823467254639, error = 9.838978094993758e-08
-- eps = 1e-06, cr = 1.8580999828208211, time = 6.153942823410034, error = 9.943631405669292e-07
-- eps = 1e-05, cr = 2.8974985768342094, time = 6.895363092422485, error = 9.950040961891456e-06
-- eps = 0.0001, cr = 4.6360908701243035, time = 7.117617130279541, error = 9.815308269392824e-05
-- eps = 0.001, cr = 8.936996488328857, time = 7.279913425445557, error = 0.0009819217905030384
-- eps = 0.01, cr = 32.46829268292683, time = 19.96912932395935, error = 0.009960069450517785
-- eps = 0.1, cr = 808.6728971962617, time = 7.023282527923584, error = 0.09428984065010115
--------------------------------------------------------------------------------
N = 1024, G = 1, P = 1, A = 14, B = 14
-- eps = 1e-08, cr = 1.0, time = 4.692622184753418, error = 0.0
-- eps = 1e-07, cr = 1.1839546956111373, time = 5.439231634140015, error = 9.464771557504782e-08
-- eps = 1e-06, cr = 1.5818411097099623, time = 5.896362066268921, error = 9.67600004873678e-07
-- eps = 1e-05, cr = 2.389959275048227, time = 6.964138507843018, error = 9.715049241003843e-06
-- eps = 0.0001, cr = 3.9233716475095783, time = 7.356748104095459, error = 9.833744490399977e-05
-- eps = 0.001, cr = 7.276102088167053, time = 8.165580034255981, error = 0.0009852307988681712
-- eps = 0.01, cr = 22.880072959416324, time = 15.094077110290527, error = 0.009958285467443418
-- eps = 0.1, cr = 900.0179372197309, time = 7.6516196727752686, error = 0.09835496305088225
--------------------------------------------------------------------------------
N = 1024, G = 1, P = 1, A = 16, B = 16
-- eps = 1e-08, cr = 1.0, time = 4.988569974899292, error = 0.0
-- eps = 1e-07, cr = 1.1010752688172043, time = 5.726800441741943, error = 9.752788012338628e-08
-- eps = 1e-06, cr = 1.3653333333333333, time = 6.269403696060181, error = 9.95910613453154e-07
-- eps = 1e-05, cr = 1.845045045045045, time = 6.700166702270508, error = 9.663413957019324e-06
-- eps = 0.0001, cr = 2.972423802612482, time = 7.46466588973999, error = 9.903523338408725e-05
-- eps = 0.001, cr = 5.696801112656467, time = 7.810719013214111, error = 0.0009853229169449875
-- eps = 0.01, cr = 13.756507136859781, time = 10.425671339035034, error = 0.009999106656259683
-- eps = 0.1, cr = 826.9526813880126, time = 12.307595252990723, error = 0.09391133573518615
--------------------------------------------------------------------------------
N = 4096, G = 1, P = 1, A = 12, B = 12
-- eps = 1e-08, cr = 3.23709167544784, time = 6.232010364532471, error = 8.492065200116037e-09
-- eps = 1e-07, cr = 3.6886131679007406, time = 6.935121059417725, error = 9.635097330050919e-08
-- eps = 1e-06, cr = 4.5320875338087045, time = 7.134329557418823, error = 9.68365736155121e-07
-- eps = 1e-05, cr = 6.413361169102297, time = 7.640611171722412, error = 9.498029474406525e-06
-- eps = 0.0001, cr = 10.991055456171734, time = 9.84871792793274, error = 9.971455876919528e-05
-- eps = 0.001, cr = 28.890282131661444, time = 11.683826684951782, error = 0.0009700131876104735
-- eps = 0.01, cr = 185.0138017565872, time = 20.008487224578857, error = 0.01002090777828321
-- eps = 0.1, cr = 2417.311475409836, time = 6.572197914123535, error = 0.09941613085927269
--------------------------------------------------------------------------------
N = 4096, G = 1, P = 1, A = 13, B = 13
-- eps = 1e-08, cr = 1.8939097127222981, time = 6.373137474060059, error = 9.854638306568976e-09
-- eps = 1e-07, cr = 2.452955350815025, time = 6.6098105907440186, error = 9.931906227184913e-08
-- eps = 1e-06, cr = 3.4290922781223374, time = 7.808972597122192, error = 9.697978682865467e-07
-- eps = 1e-05, cr = 5.435175879396985, time = 8.326602458953857, error = 9.868571374446603e-06
-- eps = 0.0001, cr = 9.149382748684872, time = 11.362050533294678, error = 9.8361081792887e-05
-- eps = 0.001, cr = 23.094148261826916, time = 11.370775699615479, error = 0.0009788187943641303
-- eps = 0.01, cr = 113.44215011471648, time = 21.66659903526306, error = 0.009932025858595747
-- eps = 0.1, cr = 2490.0143884892086, time = 7.4677934646606445, error = 0.09436268315858437
--------------------------------------------------------------------------------
N = 4096, G = 1, P = 1, A = 14, B = 14
-- eps = 1e-08, cr = 1.5103244837758112, time = 6.862493276596069, error = 9.769048201166831e-09
-- eps = 1e-07, cr = 2.0275588960278013, time = 7.184499502182007, error = 9.861744292348753e-08
-- eps = 1e-06, cr = 2.9212855146716348, time = 7.2319817543029785, error = 9.674460507185232e-07
-- eps = 1e-05, cr = 4.551730394157936, time = 8.331611394882202, error = 9.86975074783849e-06
-- eps = 0.0001, cr = 7.841378367291125, time = 11.886379718780518, error = 9.88039585135926e-05
-- eps = 0.001, cr = 18.176828854121855, time = 12.758922338485718, error = 0.0009972975555814917
-- eps = 0.01, cr = 76.02424242424243, time = 20.107998371124268, error = 0.009871816341406605
-- eps = 0.1, cr = 2797.268292682927, time = 7.929540157318115, error = 0.09842703201036083
--------------------------------------------------------------------------------
N = 4096, G = 1, P = 1, A = 16, B = 16
-- eps = 1e-08, cr = 1.3027989821882953, time = 8.024195671081543, error = 9.954540506792977e-09
-- eps = 1e-07, cr = 1.8091872791519434, time = 8.076834440231323, error = 9.991671474256545e-08
-- eps = 1e-06, cr = 2.5346534653465347, time = 8.136065006256104, error = 9.890267225337507e-07
-- eps = 1e-05, cr = 3.657142857142857, time = 8.493302583694458, error = 9.674375454804766e-06
-- eps = 0.0001, cr = 6.004764522631483, time = 11.332026481628418, error = 9.880306589895557e-05
-- eps = 0.001, cr = 13.326080878428183, time = 12.83326530456543, error = 0.0009683193233783017
-- eps = 0.01, cr = 42.06418485237484, time = 15.795225143432617, error = 0.009963478721900601
-- eps = 0.1, cr = 2849.391304347826, time = 13.163325309753418, error = 0.09527203685549984
--------------------------------------------------------------------------------
N = 16384, G = 1, P = 1, A = 12, B = 12
-- eps = 1e-08, cr = 3.81368162420794, time = 10.671485185623169, error = 1.3619186841508973e-08
-- eps = 1e-07, cr = 4.3239692686645945, time = 10.139259099960327, error = 9.237547283777318e-08
-- eps = 1e-06, cr = 5.43236074270557, time = 10.719929695129395, error = 9.48599666384536e-07
-- eps = 1e-05, cr = 8.091308165057068, time = 11.338887929916382, error = 9.762388557153975e-06
-- eps = 0.0001, cr = 16.941176470588236, time = 17.003408432006836, error = 9.802306302017495e-05
-- eps = 0.001, cr = 88.0400029852974, time = 16.26289701461792, error = 0.000988178431033561
-- eps = 0.01, cr = 627.4723404255319, time = 22.141735076904297, error = 0.009892482879367335
-- eps = 0.1, cr = 6939.105882352941, time = 8.55610728263855, error = 0.09939438301632177
--------------------------------------------------------------------------------
N = 16384, G = 1, P = 1, A = 13, B = 13
-- eps = 1e-08, cr = 2.516263177026536, time = 13.690735816955566, error = 2.064511466316617e-08
-- eps = 1e-07, cr = 3.2882563629972354, time = 10.745860576629639, error = 9.782324959373496e-08
-- eps = 1e-06, cr = 4.6105158343615384, time = 12.240598678588867, error = 9.868420674300188e-07
-- eps = 1e-05, cr = 7.314904049370192, time = 12.284914016723633, error = 9.993243608409543e-06
-- eps = 0.0001, cr = 14.462460956678889, time = 19.55135178565979, error = 9.849562097495123e-05
-- eps = 0.001, cr = 64.78768309233001, time = 16.860867500305176, error = 0.0009865244217714592
-- eps = 0.01, cr = 407.6101869571618, time = 25.696411609649658, error = 0.009864784089176461
-- eps = 0.1, cr = 6819.940886699507, time = 9.374182224273682, error = 0.09436703327072686
--------------------------------------------------------------------------------
N = 16384, G = 1, P = 1, A = 14, B = 14
-- eps = 1e-08, cr = 2.0563934426229507, time = 10.428115844726562, error = 9.944084924514098e-09
-- eps = 1e-07, cr = 2.776564985820018, time = 10.369871854782104, error = 9.876294831710201e-08
-- eps = 1e-06, cr = 4.074959900919741, time = 11.665524244308472, error = 9.868324431464366e-07
-- eps = 1e-05, cr = 6.471139197652768, time = 14.254890203475952, error = 9.843059185283194e-06
-- eps = 0.0001, cr = 12.388371088204432, time = 22.172897815704346, error = 9.956608860124758e-05
-- eps = 0.001, cr = 49.0718826405868, time = 19.67110300064087, error = 0.0009935833412807033
-- eps = 0.01, cr = 269.0402144772118, time = 23.66128420829773, error = 0.009909640340907369
-- eps = 0.1, cr = 7737.985542168674, time = 10.327730178833008, error = 0.09843728918002424
--------------------------------------------------------------------------------
N = 16384, G = 1, P = 1, A = 16, B = 16
-- eps = 1e-08, cr = 1.8742644693096915, time = 19.925127506256104, error = 1.8906644788672093e-08
-- eps = 1e-07, cr = 2.6021580091521823, time = 16.468486309051514, error = 1.0035582541893225e-07
-- eps = 1e-06, cr = 3.7376525607391353, time = 14.928717851638794, error = 9.93147370579832e-07
-- eps = 1e-05, cr = 5.573263032570797, time = 16.15592885017395, error = 9.837593209213063e-06
-- eps = 0.0001, cr = 9.780762629654504, time = 20.91145086288452, error = 9.947247605587445e-05
-- eps = 0.001, cr = 33.47730030010855, time = 24.233640909194946, error = 0.0009954975817382593
-- eps = 0.01, cr = 140.46563965170796, time = 22.45572328567505, error = 0.009891830676968015
-- eps = 0.1, cr = 9362.285714285714, time = 16.84877109527588, error = 0.09959616029783544
--------------------------------------------------------------------------------
N = 65536, G = 1, P = 1, A = 12, B = 12
-- eps = 1e-08, cr = 4.119170333123821, time = 23.908719778060913, error = 8.521757078169323e-09
-- eps = 1e-07, cr = 4.599591372023021, time = 23.599875688552856, error = 9.671495229293492e-08
-- eps = 1e-06, cr = 5.928951971210872, time = 24.09316396713257, error = 9.881777298414124e-07
-- eps = 1e-05, cr = 9.78473788984738, time = 31.938621282577515, error = 9.99823884483985e-06
-- eps = 0.0001, cr = 31.487087776428353, time = 30.75495672225952, error = 9.926453151279264e-05
-- eps = 0.001, cr = 306.8005201560468, time = 34.81606125831604, error = 0.0009978055618078223
-- eps = 0.01, cr = 2086.949137549757, time = 30.729552507400513, error = 0.009997436483103101
-- eps = 0.1, cr = 17739.06766917293, time = 18.69282579421997, error = 0.09936977315286688
--------------------------------------------------------------------------------
N = 65536, G = 1, P = 1, A = 13, B = 13
-- eps = 1e-08, cr = 2.781501766003528, time = 27.029184818267822, error = 9.782711632117032e-09
-- eps = 1e-07, cr = 3.6581961733487294, time = 25.732983112335205, error = 9.976912768962849e-08
-- eps = 1e-06, cr = 5.2823683603057745, time = 28.59350848197937, error = 1.0009278375304208e-06
-- eps = 1e-05, cr = 8.909906489126866, time = 30.300106048583984, error = 9.951664767077336e-06
-- eps = 0.0001, cr = 25.933580752795176, time = 34.09869313240051, error = 9.935487997805398e-05
-- eps = 0.001, cr = 198.64380515101513, time = 29.096194744110107, error = 0.0009797318751932165
-- eps = 0.01, cr = 1401.0858950031625, time = 33.368961334228516, error = 0.009995301238016644
-- eps = 0.1, cr = 16730.489425981872, time = 19.864932775497437, error = 0.09436363460300941
--------------------------------------------------------------------------------
N = 65536, G = 1, P = 1, A = 14, B = 14
-- eps = 1e-08, cr = 2.2777054305793167, time = 35.1272919178009, error = 1.0009101581641803e-08
-- eps = 1e-07, cr = 3.1243204115863743, time = 31.791446447372437, error = 1.0034692835245723e-07
-- eps = 1e-06, cr = 4.6085613745041645, time = 30.13414978981018, error = 9.969389693074585e-07
-- eps = 1e-05, cr = 7.79697955615986, time = 34.24339771270752, error = 9.79716321725669e-06
-- eps = 0.0001, cr = 20.525488566817405, time = 40.165525913238525, error = 9.964729732310294e-05
-- eps = 0.001, cr = 147.08977647489922, time = 34.15322828292847, error = 0.0009907116437754258
-- eps = 0.01, cr = 958.0143198090692, time = 33.37220239639282, error = 0.009982160716035693
-- eps = 0.1, cr = 19143.15350223547, time = 23.410809755325317, error = 0.09843234644605207
--------------------------------------------------------------------------------
N = 262144, G = 1, P = 1, A = 12, B = 12
-- eps = 1e-08, cr = 4.1265623524226305, time = 81.11005568504333, error = 8.873631262195987e-09
-- eps = 1e-07, cr = 4.706721648003734, time = 86.69377899169922, error = 1.0405303329546422e-07
-- eps = 1e-06, cr = 6.346544001936811, time = 85.75884485244751, error = 1.0011556662192163e-06
-- eps = 1e-05, cr = 13.101581786976766, time = 89.78472590446472, error = 9.947670325582117e-06
-- eps = 0.0001, cr = 83.37950319613725, time = 76.37607622146606, error = 9.995286289910689e-05
-- eps = 0.001, cr = 1048.3430348811376, time = 68.81350016593933, error = 0.0009971162036513687
-- eps = 0.01, cr = 6081.639439342677, time = 72.42067837715149, error = 0.009920009225828448
-- eps = 0.1, cr = 41210.41048034935, time = 59.380011796951294, error = 0.09935466973605057
================================================================================
Directory: fixed_source/circle/meshsize/meshes
--------------------------------------------------------------------------------
N = 256, G = 1, P = 1, A = 7, B = 7
-- eps = 1e-08, cr = 1.8823529411764706, time = 4.7416229248046875, error = 1.8356851642870128e-10
-- eps = 1e-07, cr = 1.8823529411764706, time = 4.458542346954346, error = 1.8356851642870128e-10
-- eps = 1e-06, cr = 1.8823529411764706, time = 4.633299827575684, error = 1.8356851642870128e-10
-- eps = 1e-05, cr = 2.0154241645244215, time = 4.776469707489014, error = 8.95034944463382e-06
-- eps = 0.0001, cr = 2.6319765002098197, time = 5.333407163619995, error = 8.872456258024512e-05
-- eps = 0.001, cr = 3.9029247044181705, time = 5.28424596786499, error = 0.0009291073761582336
-- eps = 0.01, cr = 8.209424083769633, time = 6.135966062545776, error = 0.009821221287471102
-- eps = 0.1, cr = 81.45454545454545, time = 7.3340559005737305, error = 0.09596924368894211
--------------------------------------------------------------------------------
N = 256, G = 1, P = 1, A = 8, B = 8
-- eps = 1e-08, cr = 1.0, time = 4.581934928894043, error = 0.0
-- eps = 1e-07, cr = 1.0, time = 4.425899505615234, error = 0.0
-- eps = 1e-06, cr = 1.0, time = 4.367413520812988, error = 0.0
-- eps = 1e-05, cr = 1.149915777653004, time = 4.626291751861572, error = 8.994632126126661e-06
-- eps = 0.0001, cr = 1.6759410801963994, time = 12.746023416519165, error = 8.793255521318177e-05
-- eps = 0.001, cr = 3.1314984709480123, time = 5.65326189994812, error = 0.00098975000979992
-- eps = 0.01, cr = 6.64935064935065, time = 6.629338502883911, error = 0.009841094806544713
-- eps = 0.1, cr = 80.31372549019608, time = 9.338065385818481, error = 0.09663286476601804
--------------------------------------------------------------------------------
N = 256, G = 1, P = 1, A = 9, B = 9
-- eps = 1e-08, cr = 1.0, time = 4.773277997970581, error = 0.0
-- eps = 1e-07, cr = 1.0, time = 4.716057777404785, error = 0.0
-- eps = 1e-06, cr = 1.0, time = 4.756526231765747, error = 0.0
-- eps = 1e-05, cr = 1.090679570797391, time = 4.963973045349121, error = 8.423721503977629e-06
-- eps = 0.0001, cr = 1.5481558906973272, time = 5.010989189147949, error = 9.438195602384167e-05
-- eps = 0.001, cr = 2.5461689587426326, time = 5.970308065414429, error = 0.0009943774777346824
-- eps = 0.01, cr = 5.331961943944458, time = 6.896522521972656, error = 0.009960126336112481
-- eps = 0.1, cr = 70.05405405405405, time = 12.635210990905762, error = 0.09872263753029319
--------------------------------------------------------------------------------
N = 256, G = 1, P = 1, A = 11, B = 11
-- eps = 1e-08, cr = 1.0, time = 4.494892120361328, error = 0.0
-- eps = 1e-07, cr = 1.0, time = 4.598906517028809, error = 0.0
-- eps = 1e-06, cr = 1.0, time = 4.713439702987671, error = 0.0
-- eps = 1e-05, cr = 1.0870297585626052, time = 4.6731603145599365, error = 9.941323281655806e-06
-- eps = 0.0001, cr = 1.3233082706766917, time = 5.843194961547852, error = 8.966468027397132e-05
-- eps = 0.001, cr = 2.3395770392749244, time = 6.033185958862305, error = 0.0009652936204020088
-- eps = 0.01, cr = 5.6608187134502925, time = 7.33917236328125, error = 0.009712342778724415
-- eps = 0.1, cr = 81.73087071240106, time = 8.562705993652344, error = 0.0986593886876274
--------------------------------------------------------------------------------
N = 256, G = 1, P = 1, A = 8, B = 8
-- eps = 1e-08, cr = 1.8823529411764706, time = 4.748347997665405, error = 1.1775104318875766e-09
-- eps = 1e-07, cr = 1.8823529411764706, time = 4.9192588329315186, error = 1.1775104318875766e-09
-- eps = 1e-06, cr = 1.8823529411764706, time = 4.880310297012329, error = 1.1775104318875766e-09
-- eps = 1e-05, cr = 2.0, time = 4.934858322143555, error = 8.535819864812075e-06
-- eps = 0.0001, cr = 2.694736842105263, time = 5.1060731410980225, error = 8.858676956421037e-05
-- eps = 0.001, cr = 4.031496062992126, time = 5.535588264465332, error = 0.0009659469605355574
-- eps = 0.01, cr = 8.533333333333333, time = 6.677388429641724, error = 0.008791285895820873
-- eps = 0.1, cr = 117.87050359712231, time = 7.226219177246094, error = 0.09622741549373666
--------------------------------------------------------------------------------
N = 256, G = 1, P = 1, A = 9, B = 9
-- eps = 1e-08, cr = 1.0, time = 4.833285093307495, error = 0.0
-- eps = 1e-07, cr = 1.0, time = 4.199493885040283, error = 0.0
-- eps = 1e-06, cr = 1.0, time = 4.901169776916504, error = 0.0
-- eps = 1e-05, cr = 1.2610070542447094, time = 5.109739542007446, error = 9.617046047933041e-06
-- eps = 0.0001, cr = 1.8243885271863451, time = 5.619085073471069, error = 8.296388160460612e-05
-- eps = 0.001, cr = 3.2198757763975157, time = 5.921363353729248, error = 0.0009975902923682017
-- eps = 0.01, cr = 6.8936170212765955, time = 7.632112503051758, error = 0.009324230247293574
-- eps = 0.1, cr = 123.42857142857143, time = 8.648560285568237, error = 0.09976345569435364
--------------------------------------------------------------------------------
N = 256, G = 1, P = 1, A = 10, B = 10
-- eps = 1e-08, cr = 1.0, time = 4.77614951133728, error = 0.0
-- eps = 1e-07, cr = 1.0, time = 4.972729444503784, error = 0.0
-- eps = 1e-06, cr = 1.0, time = 4.618479013442993, error = 0.0
-- eps = 1e-05, cr = 1.0818120351588911, time = 5.319743871688843, error = 9.862467625670962e-06
-- eps = 0.0001, cr = 1.5802469135802468, time = 5.891502380371094, error = 9.81181080468304e-05
-- eps = 0.001, cr = 2.7009917704156994, time = 5.841349840164185, error = 0.0009263127792464661
-- eps = 0.01, cr = 5.847418912745546, time = 6.981309652328491, error = 0.009328861367969392
-- eps = 0.1, cr = 119.62616822429906, time = 10.247291803359985, error = 0.0999626668492819
--------------------------------------------------------------------------------
N = 256, G = 1, P = 1, A = 12, B = 12
-- eps = 1e-08, cr = 1.0, time = 4.6902031898498535, error = 0.0
-- eps = 1e-07, cr = 1.0, time = 4.538395166397095, error = 0.0
-- eps = 1e-06, cr = 1.0, time = 4.804945468902588, error = 0.0
-- eps = 1e-05, cr = 1.0285714285714285, time = 4.948378086090088, error = 9.63893849879907e-06
-- eps = 0.0001, cr = 1.283923098356088, time = 5.722138404846191, error = 9.677158787457817e-05
-- eps = 0.001, cr = 2.08837525492862, time = 6.1425440311431885, error = 0.0009982829206258116
-- eps = 0.01, cr = 4.2430939226519335, time = 6.509681463241577, error = 0.009943968307587323
-- eps = 0.1, cr = 36.57142857142857, time = 18.634580373764038, error = 0.09884252416134685
--------------------------------------------------------------------------------
N = 256, G = 1, P = 1, A = 10, B = 10
-- eps = 1e-08, cr = 1.8823529411764706, time = 4.508971214294434, error = 3.776462387855827e-09
-- eps = 1e-07, cr = 1.8823529411764706, time = 4.851926565170288, error = 3.776462386968875e-09
-- eps = 1e-06, cr = 1.8823529411764706, time = 4.565201044082642, error = 3.776462386968875e-09
-- eps = 1e-05, cr = 2.0618556701030926, time = 5.359154939651489, error = 9.970510476996609e-06
-- eps = 0.0001, cr = 2.6913372582001682, time = 5.453960418701172, error = 9.23725402920788e-05
-- eps = 0.001, cr = 3.945745992601726, time = 5.7106873989105225, error = 0.0008709973594638418
-- eps = 0.01, cr = 11.70018281535649, time = 9.117066144943237, error = 0.00960766076633805
-- eps = 0.1, cr = 147.97687861271677, time = 6.818480014801025, error = 0.08155611118740685
--------------------------------------------------------------------------------
N = 256, G = 1, P = 1, A = 11, B = 11
-- eps = 1e-08, cr = 1.0, time = 4.48894476890564, error = 0.0
-- eps = 1e-07, cr = 1.0, time = 4.868678569793701, error = 0.0
-- eps = 1e-06, cr = 1.035294117647059, time = 4.976402759552002, error = 9.058069648687595e-07
-- eps = 1e-05, cr = 1.3239870063258676, time = 5.5109546184539795, error = 9.807410107804984e-06
-- eps = 0.0001, cr = 1.9567909033480733, time = 5.696410417556763, error = 9.240745703060805e-05
-- eps = 0.001, cr = 3.4032080861349154, time = 5.693907976150513, error = 0.0009207503894122843
-- eps = 0.01, cr = 8.284568066327894, time = 8.454557418823242, error = 0.009822050719624305
-- eps = 0.1, cr = 166.53763440860214, time = 8.020673274993896, error = 0.09262932957864016
--------------------------------------------------------------------------------
N = 256, G = 1, P = 1, A = 12, B = 12
-- eps = 1e-08, cr = 1.0, time = 4.77158260345459, error = 0.0
-- eps = 1e-07, cr = 1.0, time = 4.691836833953857, error = 0.0
-- eps = 1e-06, cr = 1.0, time = 4.692933082580566, error = 0.0
-- eps = 1e-05, cr = 1.1277533039647578, time = 5.262472629547119, error = 9.917371987599801e-06
-- eps = 0.0001, cr = 1.6750272628135223, time = 5.9020795822143555, error = 9.981989162263654e-05
-- eps = 0.001, cr = 2.849721706864564, time = 6.096831560134888, error = 0.0009834004397926946
-- eps = 0.01, cr = 6.857142857142857, time = 7.351557493209839, error = 0.009694683642001357
-- eps = 0.1, cr = 198.19354838709677, time = 9.434741497039795, error = 0.09842326958868927
--------------------------------------------------------------------------------
N = 256, G = 1, P = 1, A = 14, B = 14
-- eps = 1e-08, cr = 1.0, time = 4.435604572296143, error = 0.0
-- eps = 1e-07, cr = 1.0, time = 4.415785312652588, error = 0.0
-- eps = 1e-06, cr = 1.0, time = 4.6675896644592285, error = 0.0
-- eps = 1e-05, cr = 1.0380668652763985, time = 5.1552605628967285, error = 9.179052224672986e-06
-- eps = 0.0001, cr = 1.3724288840262582, time = 5.917196750640869, error = 9.915147404342931e-05
-- eps = 0.001, cr = 2.2486331451106927, time = 6.254169940948486, error = 0.0009844382502045361
-- eps = 0.01, cr = 4.817204301075269, time = 6.961616277694702, error = 0.009993820175039761
-- eps = 0.1, cr = 163.9738562091503, time = 22.001547813415527, error = 0.096809362815078
--------------------------------------------------------------------------------
N = 256, G = 1, P = 1, A = 13, B = 13
-- eps = 1e-08, cr = 1.8823529411764706, time = 4.640601396560669, error = 4.957464397307893e-10
-- eps = 1e-07, cr = 1.8823529411764706, time = 4.636812686920166, error = 4.957464397307893e-10
-- eps = 1e-06, cr = 1.8823529411764706, time = 5.363555192947388, error = 4.957464397307893e-10
-- eps = 1e-05, cr = 2.0953118946144906, time = 5.686664819717407, error = 9.284461677699601e-06
-- eps = 0.0001, cr = 2.805343016469978, time = 5.464057445526123, error = 9.27380213646764e-05
-- eps = 0.001, cr = 4.26835043409629, time = 6.752351522445679, error = 0.000955925943519816
-- eps = 0.01, cr = 20.330827067669173, time = 11.94556450843811, error = 0.009935760183529983
-- eps = 0.1, cr = 265.4233128834356, time = 6.4404826164245605, error = 0.09989933791610865
--------------------------------------------------------------------------------
N = 256, G = 1, P = 1, A = 14, B = 14
-- eps = 1e-08, cr = 1.0, time = 4.563223361968994, error = 0.0
-- eps = 1e-07, cr = 1.0, time = 4.84158992767334, error = 0.0
-- eps = 1e-06, cr = 1.145780051150895, time = 5.044458627700806, error = 9.585569937097384e-07
-- eps = 1e-05, cr = 1.4209333937471682, time = 5.510357618331909, error = 9.858571933083705e-06
-- eps = 0.0001, cr = 2.1849851942170355, time = 6.489708662033081, error = 9.523534477385076e-05
-- eps = 0.001, cr = 3.780590717299578, time = 6.026174545288086, error = 0.0009926160545981478
-- eps = 0.01, cr = 13.739320920043811, time = 15.45366883277893, error = 0.009994061426562355
-- eps = 0.1, cr = 281.8876404494382, time = 6.5199713706970215, error = 0.09750733661713662
--------------------------------------------------------------------------------
N = 256, G = 1, P = 1, A = 15, B = 15
-- eps = 1e-08, cr = 1.0, time = 4.745758533477783, error = 0.0
-- eps = 1e-07, cr = 1.0, time = 4.848311424255371, error = 0.0
-- eps = 1e-06, cr = 1.0, time = 4.813721179962158, error = 0.0
-- eps = 1e-05, cr = 1.2738853503184713, time = 5.652229070663452, error = 9.15711685860484e-06
-- eps = 0.0001, cr = 1.8218623481781377, time = 6.395236253738403, error = 9.63129345218502e-05
-- eps = 0.001, cr = 3.102445330173435, time = 6.3443920612335205, error = 0.0009618623184214866
-- eps = 0.01, cr = 9.014084507042254, time = 12.601401090621948, error = 0.009661761779474472
-- eps = 0.1, cr = 274.2857142857143, time = 7.233567953109741, error = 0.09071862215798522
--------------------------------------------------------------------------------
N = 256, G = 1, P = 1, A = 17, B = 17
-- eps = 1e-08, cr = 1.0, time = 5.122952222824097, error = 0.0
-- eps = 1e-07, cr = 1.0, time = 5.0397045612335205, error = 0.0
-- eps = 1e-06, cr = 1.0, time = 5.0122528076171875, error = 0.0
-- eps = 1e-05, cr = 1.0713003185635679, time = 5.471140146255493, error = 9.37208476795985e-06
-- eps = 0.0001, cr = 1.511141975939051, time = 6.237405061721802, error = 9.883712823292126e-05
-- eps = 0.001, cr = 2.4060619857556342, time = 6.656375885009766, error = 0.0009945323168612276
-- eps = 0.01, cr = 5.417691857059168, time = 8.139579772949219, error = 0.009955543357343477
-- eps = 0.1, cr = 209.58640226628896, time = 10.096657276153564, error = 0.09958947078668576
--------------------------------------------------------------------------------
N = 256, G = 1, P = 1, A = 16, B = 16
-- eps = 1e-08, cr = 1.8823529411764706, time = 4.957899808883667, error = 2.4323252692076004e-10
-- eps = 1e-07, cr = 1.8823529411764706, time = 5.12680196762085, error = 2.4323252692076004e-10
-- eps = 1e-06, cr = 1.8823529411764706, time = 4.933637857437134, error = 2.4323252692076004e-10
-- eps = 1e-05, cr = 2.085539714867617, time = 6.012146711349487, error = 8.807529022510166e-06
-- eps = 0.0001, cr = 2.8054794520547945, time = 5.801360845565796, error = 8.742127713955762e-05
-- eps = 0.001, cr = 4.850207223208999, time = 7.18480658531189, error = 0.000940856239277897
-- eps = 0.01, cr = 31.751937984496124, time = 12.292384386062622, error = 0.009696732965986388
-- eps = 0.1, cr = 383.2514619883041, time = 6.52150297164917, error = 0.09496481332869637
--------------------------------------------------------------------------------
N = 256, G = 1, P = 1, A = 17, B = 17
-- eps = 1e-08, cr = 1.0, time = 5.004124402999878, error = 0.0
-- eps = 1e-07, cr = 1.032258064516129, time = 4.9895970821380615, error = 8.620263733976847e-08
-- eps = 1e-06, cr = 1.2307692307692308, time = 5.517524242401123, error = 7.997040252877304e-07
-- eps = 1e-05, cr = 1.5424258850018764, time = 5.922357559204102, error = 9.582299997200813e-06
-- eps = 0.0001, cr = 2.334321953682085, time = 6.3018882274627686, error = 9.749584071786658e-05
-- eps = 0.001, cr = 4.001730852444829, time = 6.749965190887451, error = 0.000949226945264615
-- eps = 0.01, cr = 23.368288060644346, time = 15.146399974822998, error = 0.009874712092520162
-- eps = 0.1, cr = 371.7788944723618, time = 6.418459415435791, error = 0.09887120871403195
--------------------------------------------------------------------------------
N = 256, G = 1, P = 1, A = 18, B = 18
-- eps = 1e-08, cr = 1.0, time = 4.9145121574401855, error = 0.0
-- eps = 1e-07, cr = 1.0, time = 4.755598783493042, error = 0.0
-- eps = 1e-06, cr = 1.0756302521008403, time = 5.439956903457642, error = 8.126319001719886e-07
-- eps = 1e-05, cr = 1.3626864690806335, time = 6.013093709945679, error = 8.599253866078946e-06
-- eps = 0.0001, cr = 1.9905923010463664, time = 6.48686671257019, error = 9.871591132920965e-05
-- eps = 0.001, cr = 3.3893429225237006, time = 6.631443738937378, error = 0.0009811860535879234
-- eps = 0.01, cr = 14.53627760252366, time = 21.136934518814087, error = 0.009758893342692055
-- eps = 0.1, cr = 410.61386138613864, time = 6.654642581939697, error = 0.09743721086949483
--------------------------------------------------------------------------------
N = 256, G = 1, P = 1, A = 20, B = 20
-- eps = 1e-08, cr = 1.0, time = 4.69586181640625, error = 0.0
-- eps = 1e-07, cr = 1.0, time = 4.7027857303619385, error = 0.0
-- eps = 1e-06, cr = 1.0, time = 5.184465408325195, error = 0.0
-- eps = 1e-05, cr = 1.1659151978867788, time = 5.953028202056885, error = 9.090832885185144e-06
-- eps = 0.0001, cr = 1.6153457849570925, time = 6.529472351074219, error = 9.239839415031191e-05
-- eps = 0.001, cr = 2.4672320740169624, time = 6.586154222488403, error = 0.0009470817372448731
-- eps = 0.01, cr = 6.4646464646464645, time = 12.232550621032715, error = 0.009906050628117108
-- eps = 0.1, cr = 441.37931034482756, time = 9.837565422058105, error = 0.09697884625075529
--------------------------------------------------------------------------------
N = 256, G = 1, P = 1, A = 21, B = 21
-- eps = 1e-08, cr = 1.8823529411764706, time = 4.729490756988525, error = 1.271834265967046e-10
-- eps = 1e-07, cr = 1.8823529411764706, time = 5.32255220413208, error = 1.271834265967046e-10
-- eps = 1e-06, cr = 1.8823529411764706, time = 5.650224447250366, error = 1.271834265967046e-10
-- eps = 1e-05, cr = 2.1414264036418817, time = 6.018631935119629, error = 7.994017201203693e-06
-- eps = 0.0001, cr = 2.859646900884014, time = 6.249868869781494, error = 9.551195559626667e-05
-- eps = 0.001, cr = 6.332155477031802, time = 11.335222959518433, error = 0.0009940609838370489
-- eps = 0.01, cr = 55.36831780284453, time = 12.108181238174438, error = 0.009865981600985322
-- eps = 0.1, cr = 584.9533678756477, time = 6.360846757888794, error = 0.0952008639957009
--------------------------------------------------------------------------------
N = 256, G = 1, P = 1, A = 22, B = 22
-- eps = 1e-08, cr = 1.0, time = 4.733503103256226, error = 0.0
-- eps = 1e-07, cr = 1.1831932773109244, time = 5.6010565757751465, error = 9.94339071879828e-08
-- eps = 1e-06, cr = 1.3358633776091082, time = 5.705124378204346, error = 6.85303846842265e-07
-- eps = 1e-05, cr = 1.6540381791483114, time = 6.602901458740234, error = 9.919349623688718e-06
-- eps = 0.0001, cr = 2.5141836776104864, time = 6.563847303390503, error = 9.727076048512181e-05
-- eps = 0.001, cr = 4.838487972508591, time = 7.758846044540405, error = 0.0009759359437389652
-- eps = 0.01, cr = 43.262569832402235, time = 14.011413335800171, error = 0.009612002498005975
-- eps = 0.1, cr = 598.5700483091788, time = 6.502413034439087, error = 0.09651006023291654
--------------------------------------------------------------------------------
N = 256, G = 1, P = 1, A = 23, B = 23
-- eps = 1e-08, cr = 1.0, time = 4.840999126434326, error = 0.0
-- eps = 1e-07, cr = 1.0308123249299719, time = 5.355979681015015, error = 9.64398728018414e-08
-- eps = 1e-06, cr = 1.219552609776305, time = 5.804452657699585, error = 8.034186122532817e-07
-- eps = 1e-05, cr = 1.4714082379912428, time = 6.151072025299072, error = 9.504506801912798e-06
-- eps = 0.0001, cr = 2.124697982365308, time = 6.468405723571777, error = 9.289658726395915e-05
-- eps = 0.001, cr = 3.9310304789550075, time = 6.984726190567017, error = 0.0009735367919560929
-- eps = 0.01, cr = 33.603970223325064, time = 16.34902310371399, error = 0.009999290979171781
-- eps = 0.1, cr = 588.8, time = 6.642197370529175, error = 0.09904463987850279
--------------------------------------------------------------------------------
N = 256, G = 1, P = 1, A = 25, B = 25
-- eps = 1e-08, cr = 1.0, time = 4.469263553619385, error = 0.0
-- eps = 1e-07, cr = 1.0, time = 4.924249887466431, error = 0.0
-- eps = 1e-06, cr = 1.0457516339869282, time = 5.4525673389434814, error = 9.778236308189366e-07
-- eps = 1e-05, cr = 1.283985490963952, time = 6.588430166244507, error = 9.299980312409049e-06
-- eps = 0.0001, cr = 1.7408144835765034, time = 6.785014867782593, error = 9.859189134012173e-05
-- eps = 0.001, cr = 2.6770178021683844, time = 7.081713676452637, error = 0.0009579310601264539
-- eps = 0.01, cr = 10.446591799425438, time = 24.482733249664307, error = 0.00997382782574834
-- eps = 0.1, cr = 634.9206349206349, time = 6.898791790008545, error = 0.09954209091704644
--------------------------------------------------------------------------------
N = 256, G = 1, P = 1, A = 27, B = 27
-- eps = 1e-08, cr = 1.8823529411764706, time = 4.905820608139038, error = 3.6302920553909347e-10
-- eps = 1e-07, cr = 1.8823529411764706, time = 5.742904186248779, error = 3.6302920553909347e-10
-- eps = 1e-06, cr = 1.8823529411764706, time = 5.925546407699585, error = 3.6302920553909347e-10
-- eps = 1e-05, cr = 2.198473282442748, time = 6.237539291381836, error = 9.69767234924935e-06
-- eps = 0.0001, cr = 3.130854918802845, time = 7.1927149295806885, error = 9.78151407533318e-05
-- eps = 0.001, cr = 10.589196550158874, time = 12.903314590454102, error = 0.00099672239675079
-- eps = 0.01, cr = 92.16, time = 19.799907684326172, error = 0.009961597302962914
-- eps = 0.1, cr = 961.979381443299, time = 6.500982046127319, error = 0.10025923064749523
--------------------------------------------------------------------------------
N = 256, G = 1, P = 1, A = 28, B = 28
-- eps = 1e-08, cr = 1.1095975232198143, time = 5.204383373260498, error = 9.840984839201749e-09
-- eps = 1e-07, cr = 1.285509325681492, time = 5.484610319137573, error = 8.125329686884109e-08
-- eps = 1e-06, cr = 1.4294749437337968, time = 6.41623854637146, error = 9.836452200879008e-07
-- eps = 1e-05, cr = 1.78321131565854, time = 6.7281622886657715, error = 9.359045359554893e-06
-- eps = 0.0001, cr = 2.7040310411726667, time = 6.786944627761841, error = 9.548994222496399e-05
-- eps = 0.001, cr = 6.722626025791325, time = 14.150592565536499, error = 0.0009982004420180444
-- eps = 0.01, cr = 76.60458015267176, time = 13.29792594909668, error = 0.009882322629769779
-- eps = 0.1, cr = 880.280701754386, time = 6.261474847793579, error = 0.09727199802194965
--------------------------------------------------------------------------------
N = 256, G = 1, P = 1, A = 29, B = 29
-- eps = 1e-08, cr = 1.0, time = 4.869272470474243, error = 0.0
-- eps = 1e-07, cr = 1.1614518147684605, time = 5.696761131286621, error = 9.392215029932105e-08
-- eps = 1e-06, cr = 1.3222133513480316, time = 6.475170373916626, error = 8.641989667659398e-07
-- eps = 1e-05, cr = 1.6267907876443208, time = 6.5943732261657715, error = 9.672455620713267e-06
-- eps = 0.0001, cr = 2.2733089772559287, time = 7.074284553527832, error = 9.911644874013322e-05
-- eps = 0.001, cr = 4.817974309627176, time = 11.133489608764648, error = 0.0009943155832738036
-- eps = 0.01, cr = 65.75931582162492, time = 15.845235586166382, error = 0.009933145578146757
-- eps = 0.1, cr = 885.9917695473251, time = 6.584054470062256, error = 0.0967826906760811
--------------------------------------------------------------------------------
N = 256, G = 1, P = 1, A = 31, B = 31
-- eps = 1e-08, cr = 1.0, time = 4.680701971054077, error = 0.0
-- eps = 1e-07, cr = 1.0, time = 4.942312002182007, error = 0.0
-- eps = 1e-06, cr = 1.1555037856726849, time = 6.434415340423584, error = 9.286482898093016e-07
-- eps = 1e-05, cr = 1.3702115335345817, time = 6.763139247894287, error = 9.220853584415811e-06
-- eps = 0.0001, cr = 1.7941656942823805, time = 7.183453798294067, error = 9.581913968663587e-05
-- eps = 0.001, cr = 2.9354365282964836, time = 7.750920534133911, error = 0.0009599480406332246
-- eps = 0.01, cr = 28.103267077907244, time = 22.497746229171753, error = 0.009958978578332901
-- eps = 0.1, cr = 869.3144876325089, time = 6.679514169692993, error = 0.09399187430502491
--------------------------------------------------------------------------------
N = 256, G = 1, P = 1, A = 35, B = 35
-- eps = 1e-08, cr = 1.8823529411764706, time = 5.443025350570679, error = 7.943345016534136e-15
-- eps = 1e-07, cr = 1.8823529411764706, time = 5.713624954223633, error = 7.943345016534136e-15
-- eps = 1e-06, cr = 1.9221103987643575, time = 6.37086296081543, error = 9.445675018725151e-07
-- eps = 1e-05, cr = 2.24880245532513, time = 7.01278829574585, error = 9.726436256110292e-06
-- eps = 0.0001, cr = 3.8979764331526874, time = 8.036694288253784, error = 9.921812330665705e-05
-- eps = 0.001, cr = 18.991097922848663, time = 12.642496585845947, error = 0.0009929119199651169
-- eps = 0.01, cr = 150.76923076923077, time = 13.041320323944092, error = 0.009801157552533654
-- eps = 0.1, cr = 1451.851851851852, time = 5.7778098583221436, error = 0.09372733512370572
--------------------------------------------------------------------------------
N = 256, G = 1, P = 1, A = 36, B = 36
-- eps = 1e-08, cr = 1.2433890987587695, time = 5.867504835128784, error = 9.129254021181975e-09
-- eps = 1e-07, cr = 1.382953181272509, time = 6.453410863876343, error = 9.479536085598021e-08
-- eps = 1e-06, cr = 1.5058823529411764, time = 6.30716347694397, error = 7.962462518520239e-07
-- eps = 1e-05, cr = 1.9206668982285515, time = 7.516053915023804, error = 9.55727851472349e-06
-- eps = 0.0001, cr = 3.3305493093478957, time = 7.802931308746338, error = 9.80731140627139e-05
-- eps = 0.001, cr = 12.887507768800496, time = 14.00112795829773, error = 0.00099975343211758
-- eps = 0.01, cr = 132.92307692307693, time = 14.680639743804932, error = 0.009913041077055098
-- eps = 0.1, cr = 1219.764705882353, time = 6.3050994873046875, error = 0.09634306117967875
--------------------------------------------------------------------------------
N = 256, G = 1, P = 1, A = 37, B = 37
-- eps = 1e-08, cr = 1.0797993616051071, time = 5.810153484344482, error = 9.250132201991364e-09
-- eps = 1e-07, cr = 1.289760348583878, time = 6.349284648895264, error = 8.860594386121635e-08
-- eps = 1e-06, cr = 1.4213685474189677, time = 6.679920196533203, error = 9.373659836185243e-07
-- eps = 1e-05, cr = 1.6859119291122677, time = 7.422982454299927, error = 9.73257371118527e-06
-- eps = 0.0001, cr = 2.740912219232935, time = 7.4038426876068115, error = 9.865185316647932e-05
-- eps = 0.001, cr = 7.192398464916781, time = 16.264888525009155, error = 0.0009967432534143095
-- eps = 0.01, cr = 118.04109127652409, time = 15.18597149848938, error = 0.009849106734291905
-- eps = 0.1, cr = 1283.7509157509157, time = 6.610464572906494, error = 0.09692115173736615
--------------------------------------------------------------------------------
N = 256, G = 1, P = 1, A = 39, B = 39
-- eps = 1e-08, cr = 1.0, time = 4.949630975723267, error = 0.0
-- eps = 1e-07, cr = 1.0795847750865053, time = 6.11693000793457, error = 9.372219645351251e-08
-- eps = 1e-06, cr = 1.2338111715274345, time = 7.082861661911011, error = 9.479935045426762e-07
-- eps = 1e-05, cr = 1.4241573033707866, time = 7.053962707519531, error = 9.996209004741569e-06
-- eps = 0.0001, cr = 1.8861826425623438, time = 7.8731529712677, error = 9.976958116245717e-05
-- eps = 0.001, cr = 3.9720896070510467, time = 11.401766538619995, error = 0.0009936962565910163
-- eps = 0.01, cr = 85.76563876651983, time = 22.20294713973999, error = 0.00994947926802977
-- eps = 0.1, cr = 1315.4594594594594, time = 6.334348201751709, error = 0.09940085282409183
--------------------------------------------------------------------------------
N = 256, G = 1, P = 1, A = 46, B = 46
-- eps = 1e-08, cr = 1.8823529411764706, time = 6.32096791267395, error = 2.799642363432754e-14
-- eps = 1e-07, cr = 1.8823529411764706, time = 6.437006950378418, error = 2.799642363432754e-14
-- eps = 1e-06, cr = 2.0136798905608755, time = 6.588229656219482, error = 9.289902740351211e-07
-- eps = 1e-05, cr = 2.683789139912802, time = 7.70101523399353, error = 9.912043874980793e-06
-- eps = 0.0001, cr = 5.047860444311913, time = 13.796849489212036, error = 9.769864845541924e-05
-- eps = 0.001, cr = 32.7269212179797, time = 12.454713344573975, error = 0.0009983347132949925
-- eps = 0.01, cr = 255.15591144606688, time = 13.497409105300903, error = 0.00978790454678297
-- eps = 0.1, cr = 1793.6953642384105, time = 5.850670099258423, error = 0.09910947394549771
--------------------------------------------------------------------------------
N = 256, G = 1, P = 1, A = 47, B = 47
-- eps = 1e-08, cr = 1.340463458110517, time = 6.593977451324463, error = 8.325148036289108e-09
-- eps = 1e-07, cr = 1.4623237724842002, time = 6.750954627990723, error = 8.635178478592949e-08
-- eps = 1e-06, cr = 1.613779956737876, time = 7.696687936782837, error = 9.867484850683967e-07
-- eps = 1e-05, cr = 2.2793022280978943, time = 8.047080278396606, error = 9.912232506439755e-06
-- eps = 0.0001, cr = 4.452647160719348, time = 10.848716259002686, error = 9.891617503829683e-05
-- eps = 0.001, cr = 23.831767036116144, time = 13.979233503341675, error = 0.000997856709150982
-- eps = 0.01, cr = 228.8563334682315, time = 12.780354022979736, error = 0.009984822225816616
-- eps = 0.1, cr = 2142.060606060606, time = 6.22043514251709, error = 0.09539785980405413
--------------------------------------------------------------------------------
N = 256, G = 1, P = 1, A = 48, B = 48
-- eps = 1e-08, cr = 1.2292917166866746, time = 6.7516937255859375, error = 9.791003348892938e-09
-- eps = 1e-07, cr = 1.3794342164346656, time = 6.885169267654419, error = 9.129157781288297e-08
-- eps = 1e-06, cr = 1.5229281996199289, time = 7.832939863204956, error = 9.591354898240482e-07
-- eps = 1e-05, cr = 1.9751922201087684, time = 8.31757116317749, error = 9.919233028834833e-06
-- eps = 0.0001, cr = 3.6873218304576145, time = 9.085083246231079, error = 9.897966332256361e-05
-- eps = 0.001, cr = 16.291680477295326, time = 15.335721969604492, error = 0.0009964444486792801
-- eps = 0.01, cr = 200.6886696155155, time = 14.584726810455322, error = 0.009996597448751613
-- eps = 0.1, cr = 1776.578313253012, time = 6.644970178604126, error = 0.0959430229026555
--------------------------------------------------------------------------------
N = 256, G = 1, P = 1, A = 50, B = 50
-- eps = 1e-08, cr = 1.0, time = 5.403701066970825, error = 0.0
-- eps = 1e-07, cr = 1.1477761836441893, time = 7.132397651672363, error = 8.885734786955243e-08
-- eps = 1e-06, cr = 1.2892828364222402, time = 7.477455139160156, error = 9.878245191707654e-07
-- eps = 1e-05, cr = 1.4808781607493244, time = 8.313865423202515, error = 9.837814885116063e-06
-- eps = 0.0001, cr = 2.2968705139247776, time = 8.334755659103394, error = 9.906726373341772e-05
-- eps = 0.001, cr = 6.256843422493352, time = 18.34767436981201, error = 0.0009907101679086094
-- eps = 0.01, cr = 186.6977829638273, time = 16.67747926712036, error = 0.00993757553207566
-- eps = 0.1, cr = 1893.491124260355, time = 6.61294412612915, error = 0.09912437856964489
--------------------------------------------------------------------------------
N = 256, G = 1, P = 1, A = 60, B = 60
-- eps = 1e-08, cr = 1.8823529411764706, time = 6.965043067932129, error = 3.243687204038713e-14
-- eps = 1e-07, cr = 1.9306184012066365, time = 7.254085302352905, error = 8.451214402359395e-08
-- eps = 1e-06, cr = 2.1901140684410647, time = 8.168660640716553, error = 9.968320718785507e-07
-- eps = 1e-05, cr = 3.305405715597383, time = 9.32765531539917, error = 9.904052099837611e-06
-- eps = 0.0001, cr = 7.276172430127901, time = 17.15033268928528, error = 9.952194581624275e-05
-- eps = 0.001, cr = 53.49431158579058, time = 12.983378648757935, error = 0.000997275257718095
-- eps = 0.01, cr = 415.13513513513516, time = 13.813708305358887, error = 0.009904419305078375
-- eps = 0.1, cr = 2916.4556962025317, time = 6.596392393112183, error = 0.08542299884141732
--------------------------------------------------------------------------------
N = 256, G = 1, P = 1, A = 61, B = 61
-- eps = 1e-08, cr = 1.4175744371822803, time = 7.765557765960693, error = 9.937822242831631e-09
-- eps = 1e-07, cr = 1.5309803921568628, time = 7.575042009353638, error = 8.222174616440462e-08
-- eps = 1e-06, cr = 1.808505467800729, time = 8.628845691680908, error = 9.84797419856791e-07
-- eps = 1e-05, cr = 2.8908338290098206, time = 8.85253119468689, error = 9.964341750549877e-06
-- eps = 0.0001, cr = 6.088148072400041, time = 16.568455457687378, error = 9.885167951999063e-05
-- eps = 0.001, cr = 41.62447017697182, time = 14.128003358840942, error = 0.0009971597126396546
-- eps = 0.01, cr = 378.7578528827038, time = 15.328009366989136, error = 0.009971989601365553
-- eps = 0.1, cr = 2540.2026666666666, time = 6.489717960357666, error = 0.10008712647221792
--------------------------------------------------------------------------------
N = 256, G = 1, P = 1, A = 62, B = 62
-- eps = 1e-08, cr = 1.333781512605042, time = 7.787473917007446, error = 9.365614198382043e-09
-- eps = 1e-07, cr = 1.4497625137011327, time = 7.8498852252960205, error = 9.316455026675877e-08
-- eps = 1e-06, cr = 1.6375302856838574, time = 8.966295957565308, error = 9.955527900128873e-07
-- eps = 1e-05, cr = 2.4177050984708517, time = 8.937079191207886, error = 9.936243089116718e-06
-- eps = 0.0001, cr = 5.0708219968670125, time = 14.980021715164185, error = 9.973917875888953e-05
-- eps = 0.001, cr = 31.52434648898001, time = 15.182235479354858, error = 0.0009983048076812517
-- eps = 0.01, cr = 363.12324723247235, time = 13.999195337295532, error = 0.010009585256272584
-- eps = 0.1, cr = 3037.2345679012346, time = 6.6568427085876465, error = 0.09534315225879114
--------------------------------------------------------------------------------
N = 256, G = 1, P = 1, A = 64, B = 64
-- eps = 1e-08, cr = 1.0708496732026145, time = 7.900802373886108, error = 9.696897215260296e-09
-- eps = 1e-07, cr = 1.2230516572111079, time = 8.430033206939697, error = 9.015685752981175e-08
-- eps = 1e-06, cr = 1.329438493995456, time = 9.642843246459961, error = 9.552670257770895e-07
-- eps = 1e-05, cr = 1.617693522906793, time = 9.974137306213379, error = 9.81994984062342e-06
-- eps = 0.0001, cr = 3.01620029455081, time = 10.604676723480225, error = 9.913537773825333e-05
-- eps = 0.001, cr = 12.624623756892774, time = 19.938785791397095, error = 0.0009944994831007775
-- eps = 0.01, cr = 339.56476683937825, time = 14.861188411712646, error = 0.009937992220452715
-- eps = 0.1, cr = 2608.3980099502487, time = 7.508885383605957, error = 0.09624314872504094
--------------------------------------------------------------------------------
N = 256, G = 1, P = 1, A = 78, B = 78
-- eps = 1e-08, cr = 1.8944971537001898, time = 7.554692983627319, error = 5.902587784256852e-09
-- eps = 1e-07, cr = 2.0112812248186946, time = 8.187509298324585, error = 8.318106543977188e-08
-- eps = 1e-06, cr = 2.5715644317641466, time = 9.47176742553711, error = 9.89573096089032e-07
-- eps = 1e-05, cr = 4.085963734049698, time = 12.862786531448364, error = 9.927399520743094e-06
-- eps = 0.0001, cr = 11.323678241144652, time = 17.615413665771484, error = 9.966997416084152e-05
-- eps = 0.001, cr = 85.91703442188879, time = 13.286360025405884, error = 0.0009969188789472026
-- eps = 0.01, cr = 652.2211055276382, time = 12.83139967918396, error = 0.009850576953035319
-- eps = 0.1, cr = 4142.297872340426, time = 6.723429203033447, error = 0.09753010107224686
--------------------------------------------------------------------------------
N = 256, G = 1, P = 1, A = 79, B = 79
-- eps = 1e-08, cr = 1.4796605209247877, time = 8.747735023498535, error = 8.78647049562148e-09
-- eps = 1e-07, cr = 1.625200900032144, time = 8.537316799163818, error = 9.517823802246358e-08
-- eps = 1e-06, cr = 2.154983301771253, time = 10.263654470443726, error = 9.979317268444932e-07
-- eps = 1e-05, cr = 3.731748790104079, time = 18.315102338790894, error = 9.932554125865956e-06
-- eps = 0.0001, cr = 9.431889157167062, time = 17.601328134536743, error = 9.969647252246637e-05
-- eps = 0.001, cr = 67.92636367501382, time = 14.382312059402466, error = 0.0009983776924666274
-- eps = 0.01, cr = 606.5664388762339, time = 14.521583795547485, error = 0.009748334572580477
-- eps = 0.1, cr = 3435.905376344086, time = 6.797996997833252, error = 0.09655266492946876
--------------------------------------------------------------------------------
N = 256, G = 1, P = 1, A = 80, B = 80
-- eps = 1e-08, cr = 1.3879100027107618, time = 8.409974336624146, error = 9.365670973616846e-09
-- eps = 1e-07, cr = 1.513449600945906, time = 8.868420124053955, error = 9.333888080424665e-08
-- eps = 1e-06, cr = 1.8393612530648535, time = 10.811053276062012, error = 9.915743332778223e-07
-- eps = 1e-05, cr = 2.9687182906676717, time = 11.434868812561035, error = 9.896200803480255e-06
-- eps = 0.0001, cr = 7.465733449985419, time = 17.74825954437256, error = 9.989677242519899e-05
-- eps = 0.001, cr = 55.47128927410618, time = 14.783752679824829, error = 0.000996246046308265
-- eps = 0.01, cr = 583.4757834757835, time = 15.830018281936646, error = 0.009982023514508939
-- eps = 0.1, cr = 3485.9574468085107, time = 6.9750306606292725, error = 0.10017933636816717
--------------------------------------------------------------------------------
N = 256, G = 1, P = 1, A = 82, B = 82
-- eps = 1e-08, cr = 1.1433551198257081, time = 8.862203598022461, error = 9.762832137891055e-09
-- eps = 1e-07, cr = 1.2549019607843137, time = 9.28081464767456, error = 8.977367418080992e-08
-- eps = 1e-06, cr = 1.3539731682146543, time = 8.771097898483276, error = 9.012782794217011e-07
-- eps = 1e-05, cr = 1.8276550382658479, time = 10.937685489654541, error = 9.895919869026298e-06
-- eps = 0.0001, cr = 4.200448999511957, time = 15.49333930015564, error = 9.985802420433448e-05
-- eps = 0.001, cr = 31.20638143582306, time = 17.647151708602905, error = 0.0009987966612201695
-- eps = 0.01, cr = 554.9142488716957, time = 14.545179605484009, error = 0.009913048856713482
-- eps = 0.1, cr = 4157.83574879227, time = 7.116847991943359, error = 0.09874429866727431
--------------------------------------------------------------------------------
N = 256, G = 1, P = 1, A = 102, B = 102
-- eps = 1e-08, cr = 1.9692307692307693, time = 9.418631792068481, error = 9.139003041891001e-09
-- eps = 1e-07, cr = 2.216933577492925, time = 12.321391820907593, error = 1.081700544553255e-07
-- eps = 1e-06, cr = 3.005470597793706, time = 12.088449478149414, error = 9.961859594384544e-07
-- eps = 1e-05, cr = 5.104457016696564, time = 17.340257167816162, error = 9.986518003472516e-06
-- eps = 0.0001, cr = 19.584864038119328, time = 19.664905786514282, error = 9.992662951397489e-05
-- eps = 0.001, cr = 139.56319429888913, time = 14.659672260284424, error = 0.0009906513040008993
-- eps = 0.01, cr = 994.5571321882002, time = 13.548062801361084, error = 0.009926523627319881
-- eps = 0.1, cr = 5642.847457627118, time = 7.598436594009399, error = 0.09524026079229184
--------------------------------------------------------------------------------
N = 256, G = 1, P = 1, A = 103, B = 103
-- eps = 1e-08, cr = 1.53874883286648, time = 10.327972412109375, error = 9.67287225507631e-09
-- eps = 1e-07, cr = 1.808427730915619, time = 15.505851984024048, error = 1.0877521926803546e-07
-- eps = 1e-06, cr = 2.5845764989360607, time = 11.89761757850647, error = 9.965994138111615e-07
-- eps = 1e-05, cr = 4.737614781322392, time = 17.06902766227722, error = 9.998728049253188e-06
-- eps = 0.0001, cr = 15.515018566123965, time = 18.82944416999817, error = 9.958204888906272e-05
-- eps = 0.001, cr = 116.1884064171123, time = 15.535619974136353, error = 0.0009971996472031529
-- eps = 0.01, cr = 962.4039688164422, time = 14.323824405670166, error = 0.00962663649873335
-- eps = 0.1, cr = 5705.680672268908, time = 7.570400953292847, error = 0.09864410818247271
--------------------------------------------------------------------------------
N = 256, G = 1, P = 1, A = 104, B = 104
-- eps = 1e-08, cr = 1.439446366782007, time = 10.458996295928955, error = 9.871397324814959e-09
-- eps = 1e-07, cr = 1.591582974653276, time = 10.520774602890015, error = 9.736450388984104e-08
-- eps = 1e-06, cr = 2.0981698482653264, time = 13.843577861785889, error = 9.89039533111311e-07
-- eps = 1e-05, cr = 3.826429195272683, time = 14.914681434631348, error = 9.949836311104764e-06
-- eps = 0.0001, cr = 12.247416843595188, time = 19.20629072189331, error = 9.985286348945849e-05
-- eps = 0.001, cr = 97.1951698960966, time = 16.407417058944702, error = 0.0009999258207496122
-- eps = 0.01, cr = 939.2455902306649, time = 15.187754154205322, error = 0.009947068358925348
-- eps = 0.1, cr = 4693.04406779661, time = 7.997378349304199, error = 0.09660340413369949
================================================================================
Directory: fixed_source/quarter_circle/direction/meshes
--------------------------------------------------------------------------------
N = 16, G = 1, P = 4, A = 10, B = 10
-- eps = 1e-08, cr = 1.098901098901099, time = 43.95376539230347, error = 1.292950686796128e-15
-- eps = 1e-07, cr = 1.098901098901099, time = 43.8569393157959, error = 1.292950686796128e-15
-- eps = 1e-06, cr = 1.098901098901099, time = 44.383689403533936, error = 1.292950686796128e-15
-- eps = 1e-05, cr = 1.098901098901099, time = 43.665833711624146, error = 1.292950686796128e-15
-- eps = 0.0001, cr = 1.098901098901099, time = 46.56335687637329, error = 1.292950686796128e-15
-- eps = 0.001, cr = 1.1913626209977661, time = 49.99367713928223, error = 0.0009615590371497301
-- eps = 0.01, cr = 2.2889842632331905, time = 54.45446562767029, error = 0.008689422591668418
-- eps = 0.1, cr = 25.806451612903224, time = 102.90713143348694, error = 0.09745095858555634
--------------------------------------------------------------------------------
N = 16, G = 1, P = 4, A = 11, B = 11
-- eps = 1e-08, cr = 1.1062857142857143, time = 45.45656204223633, error = 2.1846001465139085e-15
-- eps = 1e-07, cr = 1.1062857142857143, time = 45.5768723487854, error = 2.1846001465139085e-15
-- eps = 1e-06, cr = 1.1062857142857143, time = 45.78296899795532, error = 2.1846001465139085e-15
-- eps = 1e-05, cr = 1.1062857142857143, time = 45.32994794845581, error = 2.1846001465139085e-15
-- eps = 0.0001, cr = 1.1062857142857143, time = 47.39888954162598, error = 2.1846001465139085e-15
-- eps = 0.001, cr = 1.1740448756822317, time = 48.468968868255615, error = 0.0009926398616601736
-- eps = 0.01, cr = 2.176503653738055, time = 50.832951068878174, error = 0.009518135891660806
-- eps = 0.1, cr = 21.333333333333332, time = 160.69630694389343, error = 0.09956631553887901
--------------------------------------------------------------------------------
N = 16, G = 1, P = 4, A = 12, B = 12
-- eps = 1e-08, cr = 1.111969111969112, time = 42.16933798789978, error = 3.5252681997209753e-15
-- eps = 1e-07, cr = 1.111969111969112, time = 44.04252481460571, error = 3.5252681997209753e-15
-- eps = 1e-06, cr = 1.111969111969112, time = 45.15675640106201, error = 3.5252681997209753e-15
-- eps = 1e-05, cr = 1.111969111969112, time = 44.493163108825684, error = 3.5252681997209753e-15
-- eps = 0.0001, cr = 1.111969111969112, time = 45.09216046333313, error = 3.5252681997209753e-15
-- eps = 0.001, cr = 1.148554336989033, time = 47.83536911010742, error = 0.0009060222087259805
-- eps = 0.01, cr = 2.131359851988899, time = 50.358726978302, error = 0.00949096636726028
-- eps = 0.1, cr = 11.076923076923077, time = 140.3291847705841, error = 0.09960010342706474
--------------------------------------------------------------------------------
N = 16, G = 1, P = 4, A = 14, B = 14
-- eps = 1e-08, cr = 1.1378809869375908, time = 43.08924460411072, error = 2.673017492003532e-15
-- eps = 1e-07, cr = 1.1378809869375908, time = 44.4291718006134, error = 2.673017492003532e-15
-- eps = 1e-06, cr = 1.1378809869375908, time = 44.185385942459106, error = 2.673017492003532e-15
-- eps = 1e-05, cr = 1.1378809869375908, time = 45.24649977684021, error = 2.673017492003532e-15
-- eps = 0.0001, cr = 1.1378809869375908, time = 55.37326955795288, error = 2.673017492003532e-15
-- eps = 0.001, cr = 1.1378809869375908, time = 49.64500069618225, error = 2.673017492003532e-15
-- eps = 0.01, cr = 1.855621301775148, time = 50.96225595474243, error = 0.009787017399980443
-- eps = 0.1, cr = 6.5435576421491914, time = 107.72523784637451, error = 0.0998568112738183
--------------------------------------------------------------------------------
N = 64, G = 1, P = 4, A = 10, B = 10
-- eps = 1e-08, cr = 1.1315417256011315, time = 43.14277458190918, error = 1.7092790580788062e-15
-- eps = 1e-07, cr = 1.1315417256011315, time = 45.76119065284729, error = 1.7092790580788062e-15
-- eps = 1e-06, cr = 1.1315417256011315, time = 45.49411392211914, error = 1.7092790580788062e-15
-- eps = 1e-05, cr = 1.1315417256011315, time = 46.56894135475159, error = 1.7092790580788062e-15
-- eps = 0.0001, cr = 1.1315417256011315, time = 46.631903886795044, error = 1.7092790580788062e-15
-- eps = 0.001, cr = 1.4282526221825484, time = 51.3767831325531, error = 0.0008866315718845578
-- eps = 0.01, cr = 2.6778242677824267, time = 62.38643503189087, error = 0.00991845485378729
-- eps = 0.1, cr = 82.05128205128206, time = 141.4954378604889, error = 0.09888887510741583
--------------------------------------------------------------------------------
N = 64, G = 1, P = 4, A = 11, B = 11
-- eps = 1e-08, cr = 1.1334894613583137, time = 42.29240345954895, error = 2.9454399124638603e-15
-- eps = 1e-07, cr = 1.1334894613583137, time = 44.60815763473511, error = 2.9454399124638603e-15
-- eps = 1e-06, cr = 1.1334894613583137, time = 45.14351010322571, error = 2.9454399124638603e-15
-- eps = 1e-05, cr = 1.1334894613583137, time = 46.613460063934326, error = 2.9454399124638603e-15
-- eps = 0.0001, cr = 1.1334894613583137, time = 47.50186014175415, error = 2.9454399124638603e-15
-- eps = 0.001, cr = 1.4077440465369933, time = 51.691622257232666, error = 0.0009309471095551308
-- eps = 0.01, cr = 2.440592499212102, time = 60.20556020736694, error = 0.009848660364250961
-- eps = 0.1, cr = 42.9625520110957, time = 254.13912653923035, error = 0.09862547977984991
--------------------------------------------------------------------------------
N = 64, G = 1, P = 4, A = 12, B = 12
-- eps = 1e-08, cr = 1.1349753694581282, time = 43.70767664909363, error = 5.3595191319582385e-15
-- eps = 1e-07, cr = 1.1349753694581282, time = 44.206738233566284, error = 5.3595191319582385e-15
-- eps = 1e-06, cr = 1.1349753694581282, time = 44.31088924407959, error = 5.3595191319582385e-15
-- eps = 1e-05, cr = 1.1349753694581282, time = 45.793163776397705, error = 5.3595191319582385e-15
-- eps = 0.0001, cr = 1.1349753694581282, time = 48.50894808769226, error = 5.3595191319582385e-15
-- eps = 0.001, cr = 1.3364269141531322, time = 51.17261075973511, error = 0.0009438877120946873
-- eps = 0.01, cr = 2.3132530120481927, time = 59.83605432510376, error = 0.009922225415536997
-- eps = 0.1, cr = 14.222222222222221, time = 236.66677927970886, error = 0.09926524861531377
--------------------------------------------------------------------------------
N = 64, G = 1, P = 4, A = 14, B = 14
-- eps = 1e-08, cr = 1.1370558375634519, time = 42.632774353027344, error = 2.643006865530524e-15
-- eps = 1e-07, cr = 1.1370558375634519, time = 44.01039147377014, error = 2.643006865530524e-15
-- eps = 1e-06, cr = 1.1370558375634519, time = 45.40286087989807, error = 2.643006865530524e-15
-- eps = 1e-05, cr = 1.1370558375634519, time = 46.936196088790894, error = 2.643006865530524e-15
-- eps = 0.0001, cr = 1.1370558375634519, time = 47.9446496963501, error = 2.643006865530524e-15
-- eps = 0.001, cr = 1.212449255751015, time = 50.703782081604004, error = 0.0009001295795867273
-- eps = 0.01, cr = 1.9239263803680982, time = 60.30004096031189, error = 0.009973175000684863
-- eps = 0.1, cr = 7.813142323263781, time = 137.10175609588623, error = 0.09843889873219377
--------------------------------------------------------------------------------
N = 256, G = 1, P = 4, A = 10, B = 10
-- eps = 1e-08, cr = 1.1400071250445316, time = 43.5645055770874, error = 2.4472456304513157e-15
-- eps = 1e-07, cr = 1.1400071250445316, time = 45.209463596343994, error = 2.4472456304513157e-15
-- eps = 1e-06, cr = 1.1400071250445316, time = 45.547263622283936, error = 2.4472456304513157e-15
-- eps = 1e-05, cr = 1.1400071250445316, time = 54.46329617500305, error = 2.4472456304513157e-15
-- eps = 0.0001, cr = 1.4381214538509073, time = 50.52634072303772, error = 9.944673290289772e-05
-- eps = 0.001, cr = 2.2743425728500357, time = 60.5161566734314, error = 0.00098895591836404
-- eps = 0.01, cr = 5.876951331496786, time = 71.48461675643921, error = 0.009940605243207468
-- eps = 0.1, cr = 213.33333333333334, time = 270.23988819122314, error = 0.09745960920730773
--------------------------------------------------------------------------------
N = 256, G = 1, P = 4, A = 11, B = 11
-- eps = 1e-08, cr = 1.140500736377025, time = 43.27769351005554, error = 3.924684951774436e-15
-- eps = 1e-07, cr = 1.140500736377025, time = 45.044803619384766, error = 3.924684951774436e-15
-- eps = 1e-06, cr = 1.140500736377025, time = 45.980361223220825, error = 3.924684951774436e-15
-- eps = 1e-05, cr = 1.140500736377025, time = 46.536144971847534, error = 3.924684951774436e-15
-- eps = 0.0001, cr = 1.3850831693793597, time = 50.53298258781433, error = 9.836833395203638e-05
-- eps = 0.001, cr = 2.161392736280222, time = 62.073065519332886, error = 0.0009872424664463322
-- eps = 0.01, cr = 4.9609224855861624, time = 75.4384400844574, error = 0.009701147428701325
-- eps = 0.1, cr = 148.03345280764637, time = 584.2118928432465, error = 0.09956410823382097
--------------------------------------------------------------------------------
N = 256, G = 1, P = 4, A = 12, B = 12
-- eps = 1e-08, cr = 1.1408764545679624, time = 43.643495321273804, error = 6.850594388909158e-15
-- eps = 1e-07, cr = 1.1408764545679624, time = 44.563153982162476, error = 6.850594388909158e-15
-- eps = 1e-06, cr = 1.1408764545679624, time = 45.5423059463501, error = 6.850594388909158e-15
-- eps = 1e-05, cr = 1.1408764545679624, time = 46.47760891914368, error = 6.850594388909158e-15
-- eps = 0.0001, cr = 1.343734052635416, time = 51.02098798751831, error = 9.461608094695517e-05
-- eps = 0.001, cr = 1.9182016859194506, time = 60.13403344154358, error = 0.0009570434856848244
-- eps = 0.01, cr = 4.281533101045296, time = 73.50699043273926, error = 0.009831915510903904
-- eps = 0.1, cr = 35.61739130434783, time = 379.8740990161896, error = 0.0998409470453268
--------------------------------------------------------------------------------
N = 256, G = 1, P = 4, A = 14, B = 14
-- eps = 1e-08, cr = 1.1414012738853503, time = 44.111716985702515, error = 1.8960779737764683e-15
-- eps = 1e-07, cr = 1.1414012738853503, time = 45.02289628982544, error = 1.8960779737764683e-15
-- eps = 1e-06, cr = 1.1414012738853503, time = 46.64999079704285, error = 1.8960779737764683e-15
-- eps = 1e-05, cr = 1.1414012738853503, time = 46.653940200805664, error = 1.8960779737764683e-15
-- eps = 0.0001, cr = 1.1842061787543368, time = 49.7270245552063, error = 9.757003644460352e-05
-- eps = 0.001, cr = 1.595370576452259, time = 58.60254120826721, error = 0.0009845914779131046
-- eps = 0.01, cr = 3.062219645418205, time = 90.33819079399109, error = 0.009920679029510833
-- eps = 0.1, cr = 16.232934325461017, time = 166.841157913208, error = 0.09977309353180766
--------------------------------------------------------------------------------
N = 1024, G = 1, P = 4, A = 10, B = 10
-- eps = 1e-08, cr = 1.142143303292585, time = 45.775919914245605, error = 5.742975695077965e-15
-- eps = 1e-07, cr = 1.2546866959100154, time = 49.15676546096802, error = 9.937335719277048e-08
-- eps = 1e-06, cr = 1.5445879087727767, time = 50.57100033760071, error = 9.795159904803317e-07
-- eps = 1e-05, cr = 2.0761526296581647, time = 53.44945788383484, error = 9.66857126670936e-06
-- eps = 0.0001, cr = 3.1815074877275835, time = 58.60412383079529, error = 9.922005506569162e-05
-- eps = 0.001, cr = 6.582669066598097, time = 77.59075260162354, error = 0.0009970302644991993
-- eps = 0.01, cr = 18.896475364458386, time = 96.08764672279358, error = 0.009988975494774297
-- eps = 0.1, cr = 984.6153846153846, time = 293.573322057724, error = 0.09934067211205058
--------------------------------------------------------------------------------
N = 1024, G = 1, P = 4, A = 11, B = 11
-- eps = 1e-08, cr = 1.14226712884431, time = 47.284828424453735, error = 4.677209952010798e-15
-- eps = 1e-07, cr = 1.1982283426493627, time = 48.989073038101196, error = 9.523236332214583e-08
-- eps = 1e-06, cr = 1.4431606410734252, time = 50.0420196056366, error = 9.674342522828819e-07
-- eps = 1e-05, cr = 1.9093437709477836, time = 53.43977737426758, error = 9.609878843334035e-06
-- eps = 0.0001, cr = 2.904181511344459, time = 60.925894260406494, error = 9.730189687778381e-05
-- eps = 0.001, cr = 5.924310884792847, time = 85.20246028900146, error = 0.0009830081728391786
-- eps = 0.01, cr = 15.378428695544248, time = 87.4089937210083, error = 0.009686205339485353
-- eps = 0.1, cr = 318.11039794608473, time = 831.1364064216614, error = 0.09987027757398821
--------------------------------------------------------------------------------
N = 1024, G = 1, P = 4, A = 12, B = 12
-- eps = 1e-08, cr = 1.1423613263092656, time = 50.78932237625122, error = 7.47480897534477e-15
-- eps = 1e-07, cr = 1.168875642082567, time = 56.2126350402832, error = 9.233687762706886e-08
-- eps = 1e-06, cr = 1.3801572444777237, time = 55.20672345161438, error = 9.401481183080171e-07
-- eps = 1e-05, cr = 1.8015834229303098, time = 57.87011742591858, error = 9.991894488405984e-06
-- eps = 0.0001, cr = 2.6091018472644913, time = 64.85983848571777, error = 9.949998533843425e-05
-- eps = 0.001, cr = 5.0783854525416725, time = 91.81956315040588, error = 0.000991574074760687
-- eps = 0.01, cr = 12.944388359741913, time = 87.83118343353271, error = 0.009707255192592941
-- eps = 0.1, cr = 98.56684491978609, time = 797.7500846385956, error = 0.09993582809864843
--------------------------------------------------------------------------------
N = 1024, G = 1, P = 4, A = 14, B = 14
-- eps = 1e-08, cr = 1.142492827542238, time = 49.78321051597595, error = 1.821825600470162e-15
-- eps = 1e-07, cr = 1.142492827542238, time = 49.542741775512695, error = 1.821825600470162e-15
-- eps = 1e-06, cr = 1.2050241360263214, time = 53.33805012702942, error = 9.317854682208372e-07
-- eps = 1e-05, cr = 1.4617278196145835, time = 54.61734366416931, error = 9.85241877628458e-06
-- eps = 0.0001, cr = 2.026167016637054, time = 60.15993142127991, error = 9.767529509771179e-05
-- eps = 0.001, cr = 3.10370210002165, time = 86.81573367118835, error = 0.0009826404875319073
-- eps = 0.01, cr = 7.464722728456131, time = 100.00722694396973, error = 0.009890258234075947
-- eps = 0.1, cr = 46.223859972362966, time = 218.76188135147095, error = 0.09931075323907734
--------------------------------------------------------------------------------
N = 4096, G = 1, P = 4, A = 10, B = 10
-- eps = 1e-08, cr = 1.7971848783741093, time = 57.71180486679077, error = 9.859186964540728e-09
-- eps = 1e-07, cr = 2.2750752618891568, time = 56.13909411430359, error = 9.904552982045496e-08
-- eps = 1e-06, cr = 3.0433619639195175, time = 60.31243848800659, error = 9.86765477423404e-07
-- eps = 1e-05, cr = 4.493395936636096, time = 72.76334953308105, error = 9.717529343020584e-06
-- eps = 0.0001, cr = 7.754344780583848, time = 87.49535250663757, error = 9.978144844851004e-05
-- eps = 0.001, cr = 20.2581730055888, time = 114.78134512901306, error = 0.0009950179031870164
-- eps = 0.01, cr = 62.074713950140186, time = 135.41062450408936, error = 0.009977327961107105
-- eps = 0.1, cr = 2834.6020761245672, time = 293.9526193141937, error = 0.09518456850304213
--------------------------------------------------------------------------------
N = 4096, G = 1, P = 4, A = 11, B = 11
-- eps = 1e-08, cr = 1.7742996199842123, time = 66.0791711807251, error = 9.79042644604702e-09
-- eps = 1e-07, cr = 2.2231711912152585, time = 58.55173349380493, error = 9.96302555503165e-08
-- eps = 1e-06, cr = 2.963980073319658, time = 61.01040983200073, error = 9.967923000088186e-07
-- eps = 1e-05, cr = 4.306652242106681, time = 70.70005679130554, error = 9.977219016104726e-06
-- eps = 0.0001, cr = 7.043952217508403, time = 97.56602382659912, error = 9.741984876132977e-05
-- eps = 0.001, cr = 17.67027952082145, time = 122.24977850914001, error = 0.0009903852521078401
-- eps = 0.01, cr = 50.664826599197525, time = 124.16518044471741, error = 0.009827042487122604
-- eps = 0.1, cr = 1101.368888888889, time = 739.8767564296722, error = 0.0991537626362623
--------------------------------------------------------------------------------
N = 4096, G = 1, P = 4, A = 12, B = 12
-- eps = 1e-08, cr = 1.7091591904861256, time = 61.79208517074585, error = 9.984609784627352e-09
-- eps = 1e-07, cr = 2.1375391395106114, time = 63.20473337173462, error = 9.989897592060002e-08
-- eps = 1e-06, cr = 2.8316626339440027, time = 64.54987001419067, error = 9.940696904355798e-07
-- eps = 1e-05, cr = 4.034584655795118, time = 72.48297643661499, error = 9.941877009274458e-06
-- eps = 0.0001, cr = 6.310707866130275, time = 100.33937239646912, error = 9.691128567724805e-05
-- eps = 0.001, cr = 13.760358342665173, time = 137.70403814315796, error = 0.000995721264514669
-- eps = 0.01, cr = 40.33674132330313, time = 119.34707283973694, error = 0.009839584192237334
-- eps = 0.1, cr = 286.1834061135371, time = 1108.5256719589233, error = 0.09997559488442029
--------------------------------------------------------------------------------
N = 4096, G = 1, P = 4, A = 14, B = 14
-- eps = 1e-08, cr = 1.4418960519273392, time = 62.32263112068176, error = 9.92935557205322e-09
-- eps = 1e-07, cr = 1.7642679137310402, time = 62.39040541648865, error = 9.847130019635486e-08
-- eps = 1e-06, cr = 2.2483182757635674, time = 64.55834031105042, error = 9.831390748427603e-07
-- eps = 1e-05, cr = 3.1211016165024765, time = 66.65474390983582, error = 9.796048379035196e-06
-- eps = 0.0001, cr = 4.663197026022305, time = 88.56334018707275, error = 9.966225736274147e-05
-- eps = 0.001, cr = 8.010217113665389, time = 115.72298955917358, error = 0.0009984350196090795
-- eps = 0.01, cr = 20.991946449116202, time = 133.57242369651794, error = 0.009795337850712548
-- eps = 0.1, cr = 132.872558755379, time = 435.54658555984497, error = 0.09983769675577016
--------------------------------------------------------------------------------
N = 16384, G = 1, P = 4, A = 10, B = 10
-- eps = 1e-08, cr = 2.65286692271323, time = 75.0864269733429, error = 9.906769867378895e-09
-- eps = 1e-07, cr = 3.439386687491078, time = 77.07924103736877, error = 9.879652676269242e-08
-- eps = 1e-06, cr = 4.81449048797259, time = 88.61580491065979, error = 9.98977668557896e-07
-- eps = 1e-05, cr = 7.737060823573858, time = 110.22299814224243, error = 1.0007059776883324e-05
-- eps = 0.0001, cr = 16.27980922098569, time = 177.99056553840637, error = 9.966209609698612e-05
-- eps = 0.001, cr = 66.72639895740002, time = 149.87694263458252, error = 0.0009956157145586512
-- eps = 0.01, cr = 217.98829164449174, time = 166.8166377544403, error = 0.009989261617363148
-- eps = 0.1, cr = 7858.033573141487, time = 264.0763738155365, error = 0.09530414799721153
--------------------------------------------------------------------------------
N = 16384, G = 1, P = 4, A = 11, B = 11
-- eps = 1e-08, cr = 2.6643478915318566, time = 73.14717674255371, error = 9.836781659204584e-09
-- eps = 1e-07, cr = 3.45576884190856, time = 81.64054751396179, error = 1.1820553005311018e-07
-- eps = 1e-06, cr = 4.773754828021306, time = 95.93284106254578, error = 9.959340945732874e-07
-- eps = 1e-05, cr = 7.48502119064025, time = 107.1796007156372, error = 9.905051824684447e-06
-- eps = 0.0001, cr = 14.83008860811574, time = 194.4708390235901, error = 9.982188934585113e-05
-- eps = 0.001, cr = 56.86115015058081, time = 160.53141450881958, error = 0.000999336076714091
-- eps = 0.01, cr = 172.62835249042146, time = 157.97890734672546, error = 0.009751846590121105
-- eps = 0.1, cr = 5283.048634243837, time = 673.6816098690033, error = 0.09903791329649252
--------------------------------------------------------------------------------
N = 16384, G = 1, P = 4, A = 12, B = 12
-- eps = 1e-08, cr = 2.6573915550829894, time = 83.80064940452576, error = 9.843203579727341e-09
-- eps = 1e-07, cr = 3.4240930702380745, time = 88.98525762557983, error = 1.0946964633140625e-07
-- eps = 1e-06, cr = 4.661976951896173, time = 98.18054270744324, error = 9.923375466812225e-07
-- eps = 1e-05, cr = 7.039648628649178, time = 113.75417995452881, error = 9.980853950030677e-06
-- eps = 0.0001, cr = 12.628441741960348, time = 177.78830909729004, error = 9.942443314003702e-05
-- eps = 0.001, cr = 38.716969985394755, time = 210.29625797271729, error = 0.0009984411283410904
-- eps = 0.01, cr = 134.98468096062248, time = 161.90659880638123, error = 0.00985209879878949
-- eps = 0.1, cr = 1029.248991165885, time = 1034.8738958835602, error = 0.09986774146869605
--------------------------------------------------------------------------------
N = 16384, G = 1, P = 4, A = 14, B = 14
-- eps = 1e-08, cr = 2.3041186591720204, time = 101.59855723381042, error = 9.983497747208947e-09
-- eps = 1e-07, cr = 2.940707176896788, time = 114.42026162147522, error = 1.1578776778151398e-07
-- eps = 1e-06, cr = 3.855882769667468, time = 110.25354838371277, error = 1.0015909138099628e-06
-- eps = 1e-05, cr = 5.53277005141211, time = 122.42053008079529, error = 9.922052095618949e-06
-- eps = 0.0001, cr = 8.923648085366532, time = 141.23632764816284, error = 9.877065421042893e-05
-- eps = 0.001, cr = 19.600299076829174, time = 209.32875728607178, error = 0.0009966386280135294
-- eps = 0.01, cr = 67.669309507378, time = 186.73139214515686, error = 0.009999737860020518
-- eps = 0.1, cr = 415.6438001553197, time = 563.7242333889008, error = 0.09976230963795037
--------------------------------------------------------------------------------
N = 65536, G = 1, P = 4, A = 10, B = 10
-- eps = 1e-08, cr = 2.9230809030079152, time = 169.4981722831726, error = 1.0352169840604996e-08
-- eps = 1e-07, cr = 3.9016909153042065, time = 207.10625386238098, error = 1.1114666582286864e-07
-- eps = 1e-06, cr = 5.784248654907997, time = 197.70081400871277, error = 1.0087067444329406e-06
-- eps = 1e-05, cr = 10.83963506209105, time = 206.93303966522217, error = 9.992975723216447e-06
-- eps = 0.0001, cr = 37.20359910306264, time = 264.59548807144165, error = 9.979470124870716e-05
-- eps = 0.001, cr = 230.27406886858748, time = 232.5061957836151, error = 0.000998055004296278
-- eps = 0.01, cr = 750.2260889473986, time = 258.54800605773926, error = 0.00999696619492799
-- eps = 0.1, cr = 21664.793388429753, time = 320.35225677490234, error = 0.09025036125755982
--------------------------------------------------------------------------------
N = 65536, G = 1, P = 4, A = 11, B = 11
-- eps = 1e-08, cr = 2.9309102064425754, time = 203.4135434627533, error = 9.925909999621997e-09
-- eps = 1e-07, cr = 3.8923502638919056, time = 212.17916584014893, error = 1.0580347765642e-07
-- eps = 1e-06, cr = 5.63813066622869, time = 235.50564122200012, error = 1.0066331579900635e-06
-- eps = 1e-05, cr = 10.035937662153577, time = 222.32288885116577, error = 9.903894126925194e-06
-- eps = 0.0001, cr = 29.265780927074108, time = 308.1323697566986, error = 9.987151772030556e-05
-- eps = 0.001, cr = 191.6153125887264, time = 258.00140595436096, error = 0.0009832576721780183
-- eps = 0.01, cr = 595.8265835149148, time = 273.34298300743103, error = 0.009999362074613799
-- eps = 0.1, cr = 18571.091334894612, time = 656.082198381424, error = 0.09981361877545047
--------------------------------------------------------------------------------
N = 65536, G = 1, P = 4, A = 12, B = 12
-- eps = 1e-08, cr = 3.0032345322275757, time = 256.07202887535095, error = 1.3538849867524303e-08
-- eps = 1e-07, cr = 3.911448878189984, time = 255.29837369918823, error = 1.0858414683938845e-07
-- eps = 1e-06, cr = 5.505093731187261, time = 270.64515018463135, error = 9.9133604549984e-07
-- eps = 1e-05, cr = 9.123129393749565, time = 264.6709508895874, error = 9.929726037621094e-06
-- eps = 0.0001, cr = 20.53776245691006, time = 348.21768403053284, error = 9.950863256442663e-05
-- eps = 0.001, cr = 123.05304334219997, time = 350.4814603328705, error = 0.0009987118565089324
-- eps = 0.01, cr = 470.741189674523, time = 304.4173357486725, error = 0.009946456056877708
-- eps = 0.1, cr = 3576.04547176961, time = 785.84725689888, error = 0.0996310986465964
================================================================================
Directory: fixed_source/quarter_circle/meshsize/meshes
--------------------------------------------------------------------------------
N = 256, G = 1, P = 4, A = 7, B = 7
-- eps = 1e-08, cr = 1.1370558375634519, time = 46.63114142417908, error = 4.385937986773667e-15
-- eps = 1e-07, cr = 1.1370558375634519, time = 47.02784299850464, error = 4.385937986773667e-15
-- eps = 1e-06, cr = 1.1370558375634519, time = 48.080262899398804, error = 4.385937986773667e-15
-- eps = 1e-05, cr = 1.1370558375634519, time = 49.22529649734497, error = 4.385937986773667e-15
-- eps = 0.0001, cr = 1.4144443818007555, time = 51.24556231498718, error = 9.35655109954654e-05
-- eps = 0.001, cr = 2.155141310883945, time = 56.03713583946228, error = 0.0008720346811501757
-- eps = 0.01, cr = 5.544309392265193, time = 86.47403955459595, error = 0.009973661768626095
-- eps = 0.1, cr = 114.81922196796339, time = 351.2798330783844, error = 0.09996686709837165
--------------------------------------------------------------------------------
N = 256, G = 1, P = 4, A = 8, B = 8
-- eps = 1e-08, cr = 1.1384102279043913, time = 46.5343816280365, error = 6.6096025741941726e-15
-- eps = 1e-07, cr = 1.1384102279043913, time = 47.54737401008606, error = 6.6096025741941726e-15
-- eps = 1e-06, cr = 1.1384102279043913, time = 48.467886447906494, error = 6.6096025741941726e-15
-- eps = 1e-05, cr = 1.1384102279043913, time = 49.86403012275696, error = 6.6096025741941726e-15
-- eps = 0.0001, cr = 1.332465842550423, time = 52.74481987953186, error = 9.014152679800733e-05
-- eps = 0.001, cr = 1.9782661192948563, time = 57.3402361869812, error = 0.0009529872193958036
-- eps = 0.01, cr = 4.720253529242293, time = 73.15365171432495, error = 0.009806940960595355
-- eps = 0.1, cr = 36.40888888888889, time = 324.4659481048584, error = 0.09957614925259177
--------------------------------------------------------------------------------
N = 256, G = 1, P = 4, A = 9, B = 9
-- eps = 1e-08, cr = 1.1393406593406594, time = 45.434009075164795, error = 1.1606444709251128e-15
-- eps = 1e-07, cr = 1.1393406593406594, time = 47.19407296180725, error = 1.1606444709251128e-15
-- eps = 1e-06, cr = 1.1393406593406594, time = 49.078978300094604, error = 1.1606444709251128e-15
-- eps = 1e-05, cr = 1.1393406593406594, time = 57.36874842643738, error = 1.1606444709251128e-15
-- eps = 0.0001, cr = 1.2322319942952222, time = 53.010337829589844, error = 9.233223863621957e-05
-- eps = 0.001, cr = 1.7625159371015724, time = 58.83441710472107, error = 0.0009508960495340776
-- eps = 0.01, cr = 3.9946060489308417, time = 75.98281359672546, error = 0.009689168618424043
-- eps = 0.1, cr = 20.945454545454545, time = 191.3044092655182, error = 0.0989358915832469
--------------------------------------------------------------------------------
N = 256, G = 1, P = 4, A = 11, B = 11
-- eps = 1e-08, cr = 1.140500736377025, time = 46.30585789680481, error = 7.603682514316205e-15
-- eps = 1e-07, cr = 1.140500736377025, time = 47.740883588790894, error = 7.603682514316205e-15
-- eps = 1e-06, cr = 1.140500736377025, time = 48.25789141654968, error = 7.603682514316205e-15
-- eps = 1e-05, cr = 1.140500736377025, time = 49.01512360572815, error = 7.603682514316205e-15
-- eps = 0.0001, cr = 1.140500736377025, time = 51.04297685623169, error = 7.603682514316205e-15
-- eps = 0.001, cr = 1.4346386309427321, time = 57.798184633255005, error = 0.0009654525068568689
-- eps = 0.01, cr = 2.6418763326226014, time = 74.58121252059937, error = 0.009748194337729416
-- eps = 0.1, cr = 12.01318596082994, time = 138.3898265361786, error = 0.09881513409096121
--------------------------------------------------------------------------------
N = 256, G = 1, P = 4, A = 8, B = 8
-- eps = 1e-08, cr = 1.1384102279043913, time = 46.445804595947266, error = 3.3914744108142136e-15
-- eps = 1e-07, cr = 1.1384102279043913, time = 46.87941288948059, error = 3.3914744108142136e-15
-- eps = 1e-06, cr = 1.1384102279043913, time = 48.41317296028137, error = 3.3914744108142136e-15
-- eps = 1e-05, cr = 1.1384102279043913, time = 49.436880350112915, error = 3.3914744108142136e-15
-- eps = 0.0001, cr = 1.4453069865913903, time = 52.49781584739685, error = 9.096536274572122e-05
-- eps = 0.001, cr = 2.2272974442631863, time = 58.23025822639465, error = 0.000952040543062743
-- eps = 0.01, cr = 5.560495503139318, time = 86.89908027648926, error = 0.00936862566743069
-- eps = 0.1, cr = 160.62745098039215, time = 388.348441362381, error = 0.09905440735367883
--------------------------------------------------------------------------------
N = 256, G = 1, P = 4, A = 9, B = 9
-- eps = 1e-08, cr = 1.1393406593406594, time = 46.82218313217163, error = 5.553145793607217e-15
-- eps = 1e-07, cr = 1.1393406593406594, time = 48.26636791229248, error = 5.553145793607217e-15
-- eps = 1e-06, cr = 1.1393406593406594, time = 50.10248804092407, error = 5.553145793607217e-15
-- eps = 1e-05, cr = 1.1393406593406594, time = 50.33371639251709, error = 5.553145793607217e-15
-- eps = 0.0001, cr = 1.3266794625719769, time = 53.20130801200867, error = 9.148745072403478e-05
-- eps = 0.001, cr = 2.018102189781022, time = 60.241994857788086, error = 0.0009775198857686703
-- eps = 0.01, cr = 4.699376770538244, time = 74.06409049034119, error = 0.009946621194386726
-- eps = 0.1, cr = 47.641585295807005, time = 464.78410267829895, error = 0.09986887257026313
--------------------------------------------------------------------------------
N = 256, G = 1, P = 4, A = 10, B = 10
-- eps = 1e-08, cr = 1.1400071250445316, time = 47.044740438461304, error = 1.0420742171805545e-14
-- eps = 1e-07, cr = 1.1400071250445316, time = 48.074397563934326, error = 1.0420742171805545e-14
-- eps = 1e-06, cr = 1.1400071250445316, time = 48.488481521606445, error = 1.0420742171805545e-14
-- eps = 1e-05, cr = 1.1400071250445316, time = 50.75515365600586, error = 1.0420742171805545e-14
-- eps = 0.0001, cr = 1.2682056871098781, time = 52.651389360427856, error = 9.024438284011463e-05
-- eps = 0.001, cr = 1.7997750281214848, time = 63.20034623146057, error = 0.0009741103466121891
-- eps = 0.01, cr = 4.023891857906319, time = 79.69477701187134, error = 0.009701849028819648
-- eps = 0.1, cr = 25.321463897131554, time = 262.2024116516113, error = 0.0982062194972333
--------------------------------------------------------------------------------
N = 256, G = 1, P = 4, A = 12, B = 12
-- eps = 1e-08, cr = 1.1408764545679624, time = 46.71800899505615, error = 2.3070946672793017e-15
-- eps = 1e-07, cr = 1.1408764545679624, time = 47.871439695358276, error = 2.3070946672793017e-15
-- eps = 1e-06, cr = 1.1408764545679624, time = 48.45961260795593, error = 2.3070946672793017e-15
-- eps = 1e-05, cr = 1.1408764545679624, time = 49.250436782836914, error = 2.3070946672793017e-15
-- eps = 0.0001, cr = 1.1408764545679624, time = 51.066598892211914, error = 2.3070946672793017e-15
-- eps = 0.001, cr = 1.4554643082754264, time = 58.713430404663086, error = 0.0009849526985342676
-- eps = 0.01, cr = 2.7167808976343135, time = 78.44324445724487, error = 0.00994819910751609
-- eps = 0.1, cr = 13.076977651649521, time = 144.76044154167175, error = 0.09913993961614215
--------------------------------------------------------------------------------
N = 256, G = 1, P = 4, A = 10, B = 10
-- eps = 1e-08, cr = 1.1400071250445316, time = 47.699092388153076, error = 2.4472456304513157e-15
-- eps = 1e-07, cr = 1.1400071250445316, time = 56.35677528381348, error = 2.4472456304513157e-15
-- eps = 1e-06, cr = 1.1400071250445316, time = 49.08855748176575, error = 2.4472456304513157e-15
-- eps = 1e-05, cr = 1.1400071250445316, time = 50.48801302909851, error = 2.4472456304513157e-15
-- eps = 0.0001, cr = 1.4381214538509073, time = 53.69515109062195, error = 9.944673290289772e-05
-- eps = 0.001, cr = 2.2743425728500357, time = 64.66513657569885, error = 0.00098895591836404
-- eps = 0.01, cr = 5.876951331496786, time = 77.54574799537659, error = 0.009940605243207468
-- eps = 0.1, cr = 213.33333333333334, time = 290.67754912376404, error = 0.09745960920730773
--------------------------------------------------------------------------------
N = 256, G = 1, P = 4, A = 11, B = 11
-- eps = 1e-08, cr = 1.140500736377025, time = 47.01467156410217, error = 3.924684951774436e-15
-- eps = 1e-07, cr = 1.140500736377025, time = 48.33198261260986, error = 3.924684951774436e-15
-- eps = 1e-06, cr = 1.140500736377025, time = 49.58866095542908, error = 3.924684951774436e-15
-- eps = 1e-05, cr = 1.140500736377025, time = 50.292484998703, error = 3.924684951774436e-15
-- eps = 0.0001, cr = 1.3850831693793597, time = 54.1524019241333, error = 9.836833395203638e-05
-- eps = 0.001, cr = 2.161392736280222, time = 66.48687481880188, error = 0.0009872424664463322
-- eps = 0.01, cr = 4.9609224855861624, time = 79.86748361587524, error = 0.009701147428701325
-- eps = 0.1, cr = 148.03345280764637, time = 627.1213591098785, error = 0.09956410823382097
--------------------------------------------------------------------------------
N = 256, G = 1, P = 4, A = 12, B = 12
-- eps = 1e-08, cr = 1.1408764545679624, time = 47.92503309249878, error = 6.850594388909158e-15
-- eps = 1e-07, cr = 1.1408764545679624, time = 48.50442934036255, error = 6.850594388909158e-15
-- eps = 1e-06, cr = 1.1408764545679624, time = 49.69586658477783, error = 6.850594388909158e-15
-- eps = 1e-05, cr = 1.1408764545679624, time = 51.027560234069824, error = 6.850594388909158e-15
-- eps = 0.0001, cr = 1.343734052635416, time = 54.68487215042114, error = 9.461608094695517e-05
-- eps = 0.001, cr = 1.9182016859194506, time = 64.13420677185059, error = 0.0009570434856848244
-- eps = 0.01, cr = 4.281533101045296, time = 78.743825674057, error = 0.009831915510903904
-- eps = 0.1, cr = 35.61739130434783, time = 411.35307264328003, error = 0.0998409470453268
--------------------------------------------------------------------------------
N = 256, G = 1, P = 4, A = 14, B = 14
-- eps = 1e-08, cr = 1.1414012738853503, time = 46.91095995903015, error = 1.8960779737764683e-15
-- eps = 1e-07, cr = 1.1414012738853503, time = 56.747872829437256, error = 1.8960779737764683e-15
-- eps = 1e-06, cr = 1.1414012738853503, time = 49.2443904876709, error = 1.8960779737764683e-15
-- eps = 1e-05, cr = 1.1414012738853503, time = 51.046223402023315, error = 1.8960779737764683e-15
-- eps = 0.0001, cr = 1.1842061787543368, time = 53.52849221229553, error = 9.757003644460352e-05
-- eps = 0.001, cr = 1.595370576452259, time = 62.533123254776, error = 0.0009845914779131046
-- eps = 0.01, cr = 3.062219645418205, time = 89.58641266822815, error = 0.009920679029510833
-- eps = 0.1, cr = 16.232934325461017, time = 179.82899498939514, error = 0.09977309353180766
--------------------------------------------------------------------------------
N = 256, G = 1, P = 4, A = 13, B = 13
-- eps = 1e-08, cr = 1.141169023000633, time = 47.189181327819824, error = 3.326483620820244e-15
-- eps = 1e-07, cr = 1.141169023000633, time = 48.52259802818298, error = 3.326483620820244e-15
-- eps = 1e-06, cr = 1.141169023000633, time = 48.75847244262695, error = 3.326483620820244e-15
-- eps = 1e-05, cr = 1.2000110947771336, time = 51.20299482345581, error = 9.642186453223883e-06
-- eps = 0.0001, cr = 1.6067144501801167, time = 57.79833483695984, error = 9.83103105069011e-05
-- eps = 0.001, cr = 2.4599289267945985, time = 75.99271059036255, error = 0.0009935156363863407
-- eps = 0.01, cr = 5.910382513661202, time = 93.61233949661255, error = 0.00970594627656484
-- eps = 0.1, cr = 554.6666666666666, time = 230.99970889091492, error = 0.09904488802895003
--------------------------------------------------------------------------------
N = 256, G = 1, P = 4, A = 14, B = 14
-- eps = 1e-08, cr = 1.1414012738853503, time = 45.66612005233765, error = 3.392233701956815e-15
-- eps = 1e-07, cr = 1.1414012738853503, time = 53.064398765563965, error = 3.392233701956815e-15
-- eps = 1e-06, cr = 1.1414012738853503, time = 47.88621520996094, error = 3.392233701956815e-15
-- eps = 1e-05, cr = 1.1918856002660458, time = 49.73647713661194, error = 9.941534577487078e-06
-- eps = 0.0001, cr = 1.5681470137825422, time = 54.48670530319214, error = 9.959285987511097e-05
-- eps = 0.001, cr = 2.2912461756244578, time = 67.09724640846252, error = 0.0009716091406690514
-- eps = 0.01, cr = 5.069306930693069, time = 80.38157534599304, error = 0.009682191216054504
-- eps = 0.1, cr = 362.9367088607595, time = 558.4825432300568, error = 0.09981207106711372
--------------------------------------------------------------------------------
N = 256, G = 1, P = 4, A = 15, B = 15
-- eps = 1e-08, cr = 1.1415887109560805, time = 43.84674406051636, error = 4.428352549775153e-15
-- eps = 1e-07, cr = 1.1415887109560805, time = 45.49046087265015, error = 4.428352549775153e-15
-- eps = 1e-06, cr = 1.1415887109560805, time = 47.26571178436279, error = 4.428352549775153e-15
-- eps = 1e-05, cr = 1.1570679576545269, time = 48.6268584728241, error = 9.868619858347958e-06
-- eps = 0.0001, cr = 1.4896808565664925, time = 55.1255738735199, error = 9.522643415850827e-05
-- eps = 0.001, cr = 2.0990297453650983, time = 66.4720733165741, error = 0.0009727406930243657
-- eps = 0.01, cr = 4.688263063649683, time = 77.79612851142883, error = 0.009944870294918678
-- eps = 0.1, cr = 56.80473372781065, time = 761.7283935546875, error = 0.0998112404165927
--------------------------------------------------------------------------------
N = 256, G = 1, P = 4, A = 17, B = 17
-- eps = 1e-08, cr = 1.1418693665884676, time = 43.67369103431702, error = 3.806919733526746e-15
-- eps = 1e-07, cr = 1.1418693665884676, time = 44.600531339645386, error = 3.806919733526746e-15
-- eps = 1e-06, cr = 1.1418693665884676, time = 47.30552577972412, error = 3.806919733526746e-15
-- eps = 1e-05, cr = 1.1418693665884676, time = 48.33970832824707, error = 3.806919733526746e-15
-- eps = 0.0001, cr = 1.303855135039873, time = 52.27772855758667, error = 9.732982597801578e-05
-- eps = 0.001, cr = 1.797385938486954, time = 61.38102340698242, error = 0.0009793799522874297
-- eps = 0.01, cr = 3.4401562354691713, time = 81.48473262786865, error = 0.009828087538486704
-- eps = 0.1, cr = 20.07843137254902, time = 211.86125993728638, error = 0.09985143895500259
--------------------------------------------------------------------------------
N = 256, G = 1, P = 4, A = 16, B = 16
-- eps = 1e-08, cr = 1.1417421602787456, time = 44.84698462486267, error = 1.9020625926448506e-15
-- eps = 1e-07, cr = 1.1417421602787456, time = 45.94727277755737, error = 1.9020625926448506e-15
-- eps = 1e-06, cr = 1.1546973007259145, time = 47.87056589126587, error = 6.62008704093267e-07
-- eps = 1e-05, cr = 1.279400281118226, time = 50.79797863960266, error = 9.592217255616335e-06
-- eps = 0.0001, cr = 1.7773920590149708, time = 54.613367319107056, error = 9.868521078893465e-05
-- eps = 0.001, cr = 2.745308310991957, time = 71.16348481178284, error = 0.000981151871635728
-- eps = 0.01, cr = 6.307603464870067, time = 100.74536848068237, error = 0.009939147725559582
-- eps = 0.1, cr = 809.0864197530864, time = 169.94330739974976, error = 0.09576057840101707
--------------------------------------------------------------------------------
N = 256, G = 1, P = 4, A = 17, B = 17
-- eps = 1e-08, cr = 1.1418693665884676, time = 43.89505124092102, error = 3.0423407711410876e-15
-- eps = 1e-07, cr = 1.1418693665884676, time = 44.58452749252319, error = 3.0423407711410876e-15
-- eps = 1e-06, cr = 1.161699588606601, time = 47.83349561691284, error = 8.323657036074023e-07
-- eps = 1e-05, cr = 1.2596987987706767, time = 50.697951555252075, error = 9.77868771145382e-06
-- eps = 0.0001, cr = 1.7145373224258997, time = 53.91464281082153, error = 9.891387704042761e-05
-- eps = 0.001, cr = 2.520491942901918, time = 69.09709477424622, error = 0.0009919699828672868
-- eps = 0.01, cr = 5.274963459413212, time = 88.92015719413757, error = 0.00999598094982921
-- eps = 0.1, cr = 764.6925064599483, time = 299.9557206630707, error = 0.09855385579532802
--------------------------------------------------------------------------------
N = 256, G = 1, P = 4, A = 18, B = 18
-- eps = 1e-08, cr = 1.1458252749074431, time = 45.32472777366638, error = 5.038531180207748e-15
-- eps = 1e-07, cr = 1.1458252749074431, time = 46.082106828689575, error = 5.038531180207748e-15
-- eps = 1e-06, cr = 1.1458252749074431, time = 47.11998105049133, error = 5.038531180207748e-15
-- eps = 1e-05, cr = 1.2297473609299014, time = 50.7016396522522, error = 9.651646896943154e-06
-- eps = 0.0001, cr = 1.6279170183117113, time = 52.836562395095825, error = 9.734541729875729e-05
-- eps = 0.001, cr = 2.3224505796046366, time = 70.58525919914246, error = 0.0009935321313044065
-- eps = 0.01, cr = 4.8139291932675565, time = 80.54614782333374, error = 0.009993578377827182
-- eps = 0.1, cr = 97.35211267605634, time = 760.9346561431885, error = 0.09984259721159174
--------------------------------------------------------------------------------
N = 256, G = 1, P = 4, A = 20, B = 20
-- eps = 1e-08, cr = 1.1550782836258628, time = 44.43131732940674, error = 6.572391417665741e-15
-- eps = 1e-07, cr = 1.1550782836258628, time = 46.899415731430054, error = 6.572391417665741e-15
-- eps = 1e-06, cr = 1.1550782836258628, time = 48.19834780693054, error = 6.572391417665741e-15
-- eps = 1e-05, cr = 1.1550782836258628, time = 50.222381353378296, error = 6.572391417665741e-15
-- eps = 0.0001, cr = 1.4258661022613346, time = 54.454797983169556, error = 9.876236506949776e-05
-- eps = 0.001, cr = 1.9573361877819404, time = 62.701009035110474, error = 0.0009881229472660938
-- eps = 0.01, cr = 3.8737988953620337, time = 77.8829710483551, error = 0.00999807787896598
-- eps = 0.1, cr = 24.689572031344184, time = 243.6567623615265, error = 0.09997081477004018
--------------------------------------------------------------------------------
N = 256, G = 1, P = 4, A = 21, B = 21
-- eps = 1e-08, cr = 1.1587871820663889, time = 45.54015851020813, error = 4.610515909985584e-15
-- eps = 1e-07, cr = 1.1587871820663889, time = 47.098466634750366, error = 4.610515909985584e-15
-- eps = 1e-06, cr = 1.1808463903939084, time = 50.720298290252686, error = 8.692863879051364e-07
-- eps = 1e-05, cr = 1.398482549317147, time = 52.911264419555664, error = 9.947136698183456e-06
-- eps = 0.0001, cr = 2.0103459021502026, time = 58.870827436447144, error = 9.605852539158058e-05
-- eps = 0.001, cr = 2.906993511175198, time = 73.4476044178009, error = 0.0009790299919668285
-- eps = 0.01, cr = 7.20447982642268, time = 139.0984377861023, error = 0.009925398667591113
-- eps = 0.1, cr = 1429.0632911392406, time = 161.15512895584106, error = 0.09821153887794272
--------------------------------------------------------------------------------
N = 256, G = 1, P = 4, A = 22, B = 22
-- eps = 1e-08, cr = 1.1620212326968526, time = 46.27282762527466, error = 2.6846078132379388e-15
-- eps = 1e-07, cr = 1.1620212326968526, time = 48.41240644454956, error = 2.6846078132379388e-15
-- eps = 1e-06, cr = 1.184143124737184, time = 52.29328417778015, error = 5.989449972716355e-07
-- eps = 1e-05, cr = 1.381053757927706, time = 52.92341136932373, error = 9.688991072181634e-06
-- eps = 0.0001, cr = 1.9497702524076288, time = 57.98365640640259, error = 9.874621177799724e-05
-- eps = 0.001, cr = 2.768990099894965, time = 71.31229376792908, error = 0.000982906956940536
-- eps = 0.01, cr = 5.920630749014455, time = 110.22117710113525, error = 0.009824422866736932
-- eps = 0.1, cr = 1424.183908045977, time = 212.3630816936493, error = 0.09854101762983893
--------------------------------------------------------------------------------
N = 256, G = 1, P = 4, A = 23, B = 23
-- eps = 1e-08, cr = 1.164857472173958, time = 46.344781160354614, error = 3.911859365641721e-15
-- eps = 1e-07, cr = 1.164857472173958, time = 47.45748519897461, error = 3.911859365641721e-15
-- eps = 1e-06, cr = 1.1758413503282048, time = 51.08296036720276, error = 4.80847891340216e-07
-- eps = 1e-05, cr = 1.3412499938099507, time = 53.8741455078125, error = 9.814955660052888e-06
-- eps = 0.0001, cr = 1.8286084649297514, time = 56.8870313167572, error = 9.713947636942227e-05
-- eps = 0.001, cr = 2.5888245302135307, time = 70.26070809364319, error = 0.0009934668265805002
-- eps = 0.01, cr = 5.331915940745115, time = 100.36367607116699, error = 0.009907048043479905
-- eps = 0.1, cr = 584.3538295577131, time = 570.988217830658, error = 0.0998694178040345
--------------------------------------------------------------------------------
N = 256, G = 1, P = 4, A = 25, B = 25
-- eps = 1e-08, cr = 1.1695735442464292, time = 45.89738178253174, error = 2.1005613706365793e-15
-- eps = 1e-07, cr = 1.1695735442464292, time = 48.07533311843872, error = 2.1005613706365793e-15
-- eps = 1e-06, cr = 1.1695735442464292, time = 48.88125133514404, error = 2.1005613706365793e-15
-- eps = 1e-05, cr = 1.2105758936509077, time = 52.63296175003052, error = 9.856471877946132e-06
-- eps = 0.0001, cr = 1.5694968291259375, time = 56.503435373306274, error = 9.660962413951952e-05
-- eps = 0.001, cr = 2.1863598475014006, time = 66.47383236885071, error = 0.0009857958996717384
-- eps = 0.01, cr = 4.327101855921031, time = 88.50592970848083, error = 0.009953859976445751
-- eps = 0.1, cr = 29.633745427605685, time = 380.72020292282104, error = 0.09974252748936759
--------------------------------------------------------------------------------
N = 256, G = 1, P = 4, A = 27, B = 27
-- eps = 1e-08, cr = 1.173307849966679, time = 47.410932540893555, error = 1.6623703455775193e-15
-- eps = 1e-07, cr = 1.173307849966679, time = 57.71517992019653, error = 1.6623703455775193e-15
-- eps = 1e-06, cr = 1.209327341474399, time = 54.97330331802368, error = 9.592854595451309e-07
-- eps = 1e-05, cr = 1.5337593228000246, time = 53.31614851951599, error = 9.900601056673939e-06
-- eps = 0.0001, cr = 2.2419182393714787, time = 65.85411429405212, error = 9.791583819221861e-05
-- eps = 0.001, cr = 3.4213117008112195, time = 76.00761079788208, error = 0.0009983787841455955
-- eps = 0.01, cr = 8.703767183182343, time = 184.15997433662415, error = 0.009983008555898133
-- eps = 0.1, cr = 2195.576470588235, time = 115.75507259368896, error = 0.09609211470520172
--------------------------------------------------------------------------------
N = 256, G = 1, P = 4, A = 28, B = 28
-- eps = 1e-08, cr = 1.1748893623996066, time = 49.02481484413147, error = 1.779190115863721e-15
-- eps = 1e-07, cr = 1.1748893623996066, time = 51.76622200012207, error = 1.779190115863721e-15
-- eps = 1e-06, cr = 1.1969608416130917, time = 54.4260311126709, error = 9.487686627710088e-07
-- eps = 1e-05, cr = 1.5120767851492458, time = 54.75846719741821, error = 9.97782612140048e-06
-- eps = 0.0001, cr = 2.1737680060652007, time = 65.23946523666382, error = 9.83452241163907e-05
-- eps = 0.001, cr = 3.1557232704402516, time = 75.48066878318787, error = 0.0009844943590281104
-- eps = 0.01, cr = 6.607321569660258, time = 152.16729068756104, error = 0.009921186182003121
-- eps = 0.1, cr = 1700.8813559322034, time = 147.3339021205902, error = 0.09979723697008334
--------------------------------------------------------------------------------
N = 256, G = 1, P = 4, A = 29, B = 29
-- eps = 1e-08, cr = 1.1763137477735404, time = 56.918232679367065, error = 1.929767241777095e-15
-- eps = 1e-07, cr = 1.1763137477735404, time = 49.93023896217346, error = 1.929767241777095e-15
-- eps = 1e-06, cr = 1.1987127378818079, time = 51.99350619316101, error = 9.078937589307709e-07
-- eps = 1e-05, cr = 1.4581362194085397, time = 54.66185903549194, error = 9.846392175610072e-06
-- eps = 0.0001, cr = 2.0568338691263786, time = 65.46460008621216, error = 9.796529842809761e-05
-- eps = 0.001, cr = 2.956712810371347, time = 72.76157426834106, error = 0.00099322682781779
-- eps = 0.01, cr = 5.751156997749447, time = 117.87847113609314, error = 0.009959991175889226
-- eps = 0.1, cr = 1975.1926605504586, time = 305.0118432044983, error = 0.09997454555256145
--------------------------------------------------------------------------------
N = 256, G = 1, P = 4, A = 31, B = 31
-- eps = 1e-08, cr = 1.178768219409121, time = 47.71657109260559, error = 4.80577080649315e-15
-- eps = 1e-07, cr = 1.178768219409121, time = 50.17555046081543, error = 4.80577080649315e-15
-- eps = 1e-06, cr = 1.178768219409121, time = 51.54135727882385, error = 4.80577080649315e-15
-- eps = 1e-05, cr = 1.2998528514327832, time = 54.78268337249756, error = 9.765587259216925e-06
-- eps = 0.0001, cr = 1.702161812476865, time = 57.62847876548767, error = 9.931178134261489e-05
-- eps = 0.001, cr = 2.419226684498289, time = 74.87865853309631, error = 0.0009989419033849518
-- eps = 0.01, cr = 4.717084417856646, time = 97.85872030258179, error = 0.00999680292365504
-- eps = 0.1, cr = 41.126044801069874, time = 617.7606534957886, error = 0.09999617105488885
--------------------------------------------------------------------------------
N = 256, G = 1, P = 4, A = 35, B = 35
-- eps = 1e-08, cr = 1.1824948529799926, time = 49.61853313446045, error = 9.273547062363855e-15
-- eps = 1e-07, cr = 1.1824948529799926, time = 50.87656760215759, error = 9.273547062363855e-15
-- eps = 1e-06, cr = 1.2867831856500695, time = 55.499998569488525, error = 9.796781203289537e-07
-- eps = 1e-05, cr = 1.6764584814579202, time = 57.18376851081848, error = 9.866006386343382e-06
-- eps = 0.0001, cr = 2.469271895496886, time = 72.43602848052979, error = 9.997142194182345e-05
-- eps = 0.001, cr = 3.8176279212735977, time = 84.69392824172974, error = 0.000999500289670746
-- eps = 0.01, cr = 11.138539132287912, time = 230.9258849620819, error = 0.009969063999444281
-- eps = 0.1, cr = 3372.043010752688, time = 124.44783115386963, error = 0.09402100520992063
--------------------------------------------------------------------------------
N = 256, G = 1, P = 4, A = 36, B = 36
-- eps = 1e-08, cr = 1.1832408450905147, time = 49.752328395843506, error = 1.730436235816111e-15
-- eps = 1e-07, cr = 1.1944012441679628, time = 51.55630302429199, error = 8.639379258974853e-08
-- eps = 1e-06, cr = 1.270199081163859, time = 54.648813009262085, error = 9.945521339082136e-07
-- eps = 1e-05, cr = 1.652040552114247, time = 57.239970207214355, error = 9.978371983963428e-06
-- eps = 0.0001, cr = 2.3980917961691364, time = 71.45349550247192, error = 9.855070566874608e-05
-- eps = 0.001, cr = 3.5351731486414493, time = 79.27527165412903, error = 0.0009878001553411567
-- eps = 0.01, cr = 7.636030956011393, time = 200.79387664794922, error = 0.009985002178663046
-- eps = 0.1, cr = 3529.531914893617, time = 143.7711043357849, error = 0.09743864627196872
--------------------------------------------------------------------------------
N = 256, G = 1, P = 4, A = 37, B = 37
-- eps = 1e-08, cr = 1.1839280043781122, time = 49.174983978271484, error = 1.5704430608079979e-15
-- eps = 1e-07, cr = 1.1839280043781122, time = 51.1405816078186, error = 1.5704430608079979e-15
-- eps = 1e-06, cr = 1.2357447228632732, time = 55.57737755775452, error = 9.95614357045556e-07
-- eps = 1e-05, cr = 1.5869948151334707, time = 57.59208011627197, error = 9.823869621779896e-06
-- eps = 0.0001, cr = 2.2796556423207393, time = 68.8225359916687, error = 9.717006917157693e-05
-- eps = 0.001, cr = 3.3254008919252303, time = 74.60943937301636, error = 0.0009914227360230017
-- eps = 0.01, cr = 6.20070771408351, time = 149.20576882362366, error = 0.009974974683933957
-- eps = 0.1, cr = 3435.921568627451, time = 197.9517629146576, error = 0.0970879759580407
--------------------------------------------------------------------------------
N = 256, G = 1, P = 4, A = 39, B = 39
-- eps = 1e-08, cr = 1.1851491115399366, time = 48.63234877586365, error = 2.648536002397718e-15
-- eps = 1e-07, cr = 1.1851491115399366, time = 50.0383882522583, error = 2.648536002397718e-15
-- eps = 1e-06, cr = 1.1851491115399366, time = 52.43767166137695, error = 2.648536002397718e-15
-- eps = 1e-05, cr = 1.3948155086966412, time = 58.074076890945435, error = 9.947274978125574e-06
-- eps = 0.0001, cr = 1.828090668369359, time = 64.22662949562073, error = 9.956665619341288e-05
-- eps = 0.001, cr = 2.7756562650366225, time = 77.73867654800415, error = 0.0009959393279287498
-- eps = 0.01, cr = 5.021209923110402, time = 110.16575860977173, error = 0.009920390107146586
-- eps = 0.1, cr = 84.36269093272668, time = 1083.343197107315, error = 0.09993267041941298
--------------------------------------------------------------------------------
N = 256, G = 1, P = 4, A = 46, B = 46
-- eps = 1e-08, cr = 1.1882529459765374, time = 50.345850229263306, error = 7.459392085689684e-15
-- eps = 1e-07, cr = 1.1994614894069298, time = 54.92979145050049, error = 9.696698007126233e-08
-- eps = 1e-06, cr = 1.3817189353263017, time = 56.55228614807129, error = 9.979554219184012e-07
-- eps = 1e-05, cr = 1.8241195031030801, time = 66.55262517929077, error = 9.847892671159831e-06
-- eps = 0.0001, cr = 2.6832440893397598, time = 77.63231635093689, error = 9.989891517791863e-05
-- eps = 0.001, cr = 4.210257964729016, time = 95.03602004051208, error = 0.0009899201947061753
-- eps = 0.01, cr = 14.917412496901935, time = 255.58160972595215, error = 0.009984129137715923
-- eps = 0.1, cr = 5584.494845360825, time = 117.03541898727417, error = 0.09894321366972883
--------------------------------------------------------------------------------
N = 256, G = 1, P = 4, A = 47, B = 47
-- eps = 1e-08, cr = 1.1885879548865228, time = 51.21327352523804, error = 1.0235717531188555e-14
-- eps = 1e-07, cr = 1.1997997165479959, time = 59.707979917526245, error = 7.740212374629725e-08
-- eps = 1e-06, cr = 1.3499850201660792, time = 62.321383476257324, error = 9.859314422561261e-07
-- eps = 1e-05, cr = 1.8091351883102862, time = 66.86401510238647, error = 9.868394190868834e-06
-- eps = 0.0001, cr = 2.641949469277919, time = 75.11063742637634, error = 9.988686840602839e-05
-- eps = 0.001, cr = 3.846050260142143, time = 84.58851671218872, error = 0.0009943391324443588
-- eps = 0.01, cr = 9.495371983393712, time = 242.29114818572998, error = 0.009980328998146572
-- eps = 0.1, cr = 5385.752380952381, time = 119.58476519584656, error = 0.09526380436887245
--------------------------------------------------------------------------------
N = 256, G = 1, P = 4, A = 48, B = 48
-- eps = 1e-08, cr = 1.1889024164093303, time = 52.55541443824768, error = 1.4346650576784845e-15
-- eps = 1e-07, cr = 1.1889024164093303, time = 55.22209644317627, error = 1.4346650576784845e-15
-- eps = 1e-06, cr = 1.3181484990971342, time = 59.93688893318176, error = 9.797735768780568e-07
-- eps = 1e-05, cr = 1.7404688274592195, time = 65.70274877548218, error = 9.990401928241634e-06
-- eps = 0.0001, cr = 2.530086992330262, time = 83.71230697631836, error = 9.920456721861096e-05
-- eps = 0.001, cr = 3.5959615666000095, time = 83.50218796730042, error = 0.000988731775182675
-- eps = 0.01, cr = 7.072060622047433, time = 212.22985005378723, error = 0.009986154400564164
-- eps = 0.1, cr = 4096.0, time = 143.18805313110352, error = 0.08923302494303162
--------------------------------------------------------------------------------
N = 256, G = 1, P = 4, A = 50, B = 50
-- eps = 1e-08, cr = 1.189476110115751, time = 50.22853446006775, error = 2.160208912423536e-15
-- eps = 1e-07, cr = 1.189476110115751, time = 51.72973871231079, error = 2.160208912423536e-15
-- eps = 1e-06, cr = 1.189476110115751, time = 53.2458062171936, error = 2.160208912423536e-15
-- eps = 1e-05, cr = 1.46501364293955, time = 59.227516174316406, error = 9.979875751648388e-06
-- eps = 0.0001, cr = 1.9302923186430045, time = 70.31729340553284, error = 9.925532154372539e-05
-- eps = 0.001, cr = 3.0525467301977955, time = 83.12541508674622, error = 0.000999993785654641
-- eps = 0.01, cr = 5.295492625612808, time = 135.6273684501648, error = 0.00992523532326582
-- eps = 0.1, cr = 928.2088469905729, time = 646.9397385120392, error = 0.09964624208795626
--------------------------------------------------------------------------------
N = 256, G = 1, P = 4, A = 60, B = 60
-- eps = 1e-08, cr = 1.191541297973242, time = 55.31918215751648, error = 6.26122064388425e-15
-- eps = 1e-07, cr = 1.2230338032953967, time = 62.49250626564026, error = 9.982124145026391e-08
-- eps = 1e-06, cr = 1.4639818527249506, time = 62.60209012031555, error = 9.949325438939334e-07
-- eps = 1e-05, cr = 1.968995162971952, time = 71.05006432533264, error = 9.993618722561333e-06
-- eps = 0.0001, cr = 2.9308502518699435, time = 85.7679717540741, error = 9.988039201660876e-05
-- eps = 0.001, cr = 4.528301886792453, time = 122.26142573356628, error = 0.0009992934994622405
-- eps = 0.01, cr = 21.70871316514734, time = 273.7077248096466, error = 0.009987744295260224
-- eps = 0.1, cr = 8302.702702702703, time = 122.99883031845093, error = 0.09784719965247314
--------------------------------------------------------------------------------
N = 256, G = 1, P = 4, A = 61, B = 61
-- eps = 1e-08, cr = 1.1916942100166887, time = 56.934855461120605, error = 8.135408879256508e-15
-- eps = 1e-07, cr = 1.2151188265886332, time = 65.62301540374756, error = 9.990499360482324e-08
-- eps = 1e-06, cr = 1.4376172922884212, time = 67.02531385421753, error = 9.950686579796626e-07
-- eps = 1e-05, cr = 1.9771047740416996, time = 83.52638554573059, error = 9.968291115450758e-06
-- eps = 0.0001, cr = 2.859180463675547, time = 86.68506836891174, error = 9.983100693198886e-05
-- eps = 0.001, cr = 4.086449941228454, time = 112.01106214523315, error = 0.0009899459499532683
-- eps = 0.01, cr = 12.18474565973055, time = 300.11295890808105, error = 0.009982111013999566
-- eps = 0.1, cr = 8505.142857142857, time = 137.05216193199158, error = 0.09971369638457225
--------------------------------------------------------------------------------
N = 256, G = 1, P = 4, A = 62, B = 62
-- eps = 1e-08, cr = 1.1918398193947204, time = 60.8355987071991, error = 1.0326773381130342e-14
-- eps = 1e-07, cr = 1.1918398193947204, time = 62.15228056907654, error = 1.0326773381130342e-14
-- eps = 1e-06, cr = 1.3912551726867999, time = 71.76133894920349, error = 9.993560033311207e-07
-- eps = 1e-05, cr = 1.8927001150163678, time = 82.91403484344482, error = 9.88534946514239e-06
-- eps = 0.0001, cr = 2.728720690343619, time = 78.0098397731781, error = 9.987121478725391e-05
-- eps = 0.001, cr = 3.828000155599642, time = 91.68938207626343, error = 0.0009968142295919006
-- eps = 0.01, cr = 8.365579240431003, time = 251.93922019004822, error = 0.009989827511280944
-- eps = 0.1, cr = 8200.533333333333, time = 144.31558465957642, error = 0.09598502133338922
--------------------------------------------------------------------------------
N = 256, G = 1, P = 4, A = 64, B = 64
-- eps = 1e-08, cr = 1.1921109236513125, time = 56.74293851852417, error = 1.713639667775173e-15
-- eps = 1e-07, cr = 1.1921109236513125, time = 62.89661765098572, error = 1.713639667775173e-15
-- eps = 1e-06, cr = 1.1921109236513125, time = 63.89150667190552, error = 1.713639667775173e-15
-- eps = 1e-05, cr = 1.4336873653238245, time = 70.45935297012329, error = 9.967563988752333e-06
-- eps = 0.0001, cr = 1.976744536775906, time = 85.40550065040588, error = 9.946028169446701e-05
-- eps = 0.001, cr = 3.202325908099755, time = 104.5123860836029, error = 0.0009939303965589802
-- eps = 0.01, cr = 5.632554179524988, time = 207.58513379096985, error = 0.009986390955938026
-- eps = 0.1, cr = 1789.3788395904437, time = 365.3250217437744, error = 0.0980371840662468
--------------------------------------------------------------------------------
N = 256, G = 1, P = 4, A = 78, B = 78
-- eps = 1e-08, cr = 1.1934640482809564, time = 67.32270550727844, error = 5.593619001125943e-15
-- eps = 1e-07, cr = 1.2847587175707522, time = 75.93179845809937, error = 9.992714984449541e-08
-- eps = 1e-06, cr = 1.5374525439221671, time = 79.85045766830444, error = 9.857077063421242e-07
-- eps = 1e-05, cr = 2.1068362772602947, time = 86.89059925079346, error = 9.91169089869307e-06
-- eps = 0.0001, cr = 3.1334830158615197, time = 107.17022681236267, error = 9.965002924279491e-05
-- eps = 0.001, cr = 4.836473280688625, time = 170.12698793411255, error = 0.0009988506791383446
-- eps = 0.01, cr = 37.48099483810417, time = 288.13938426971436, error = 0.009987182935985092
-- eps = 0.1, cr = 12073.67441860465, time = 130.38924741744995, error = 0.09702600829341304
--------------------------------------------------------------------------------
N = 256, G = 1, P = 4, A = 79, B = 79
-- eps = 1e-08, cr = 1.1935342657321761, time = 65.2909905910492, error = 6.7281782343565695e-15
-- eps = 1e-07, cr = 1.2756234119039587, time = 75.00766491889954, error = 9.838713303132713e-08
-- eps = 1e-06, cr = 1.5273529941766952, time = 82.52090644836426, error = 9.92577971265048e-07
-- eps = 1e-05, cr = 2.129467751684539, time = 88.23543071746826, error = 9.995716055430873e-06
-- eps = 0.0001, cr = 3.0996439969346876, time = 102.93485951423645, error = 9.883959992339562e-05
-- eps = 0.001, cr = 4.288129645323258, time = 135.0354287624359, error = 0.0009991232535667186
-- eps = 0.01, cr = 16.605865646704828, time = 291.83131313323975, error = 0.009999171461418939
-- eps = 0.1, cr = 12433.431906614785, time = 138.62625646591187, error = 0.0988821005583918
--------------------------------------------------------------------------------
N = 256, G = 1, P = 4, A = 80, B = 80
-- eps = 1e-08, cr = 1.1936018743279433, time = 68.37047362327576, error = 8.37649010277973e-15
-- eps = 1e-07, cr = 1.2326433820652796, time = 75.86246538162231, error = 9.956553001798986e-08
-- eps = 1e-06, cr = 1.464719428988285, time = 83.58160829544067, error = 9.899797183567452e-07
-- eps = 1e-05, cr = 2.0234754772161403, time = 93.27742862701416, error = 9.97722125833951e-06
-- eps = 0.0001, cr = 2.936516471305158, time = 95.30728816986084, error = 9.96206022465849e-05
-- eps = 0.001, cr = 3.967742716683215, time = 112.54331970214844, error = 0.0009870450273705494
-- eps = 0.01, cr = 10.075269346189797, time = 290.74757289886475, error = 0.009987672838416275
-- eps = 0.1, cr = 11872.463768115942, time = 138.54194974899292, error = 0.09390268847208064
--------------------------------------------------------------------------------
N = 256, G = 1, P = 4, A = 82, B = 82
-- eps = 1e-08, cr = 1.1937297675154024, time = 63.078954219818115, error = 1.4847361476575772e-15
-- eps = 1e-07, cr = 1.1937297675154024, time = 64.72035217285156, error = 1.4847361476575772e-15
-- eps = 1e-06, cr = 1.19874258160754, time = 84.77051329612732, error = 9.980559131593592e-07
-- eps = 1e-05, cr = 1.4429789338676011, time = 77.15143918991089, error = 9.877427881979031e-06
-- eps = 0.0001, cr = 2.000822951513278, time = 96.18838381767273, error = 9.968337096784696e-05
-- eps = 0.001, cr = 3.2355846948519185, time = 109.09802579879761, error = 0.0009990302577420084
-- eps = 0.01, cr = 6.033669278338952, time = 214.69137406349182, error = 0.009991848253672416
-- eps = 0.1, cr = 11709.823129251701, time = 204.48839664459229, error = 0.09804796444775984
================================================================================
Directory: fixed_source/cruciform
--------------------------------------------------------------------------------
N = 4096, G = 1, P = 12, A = 16, B = 16
-- eps = 1e-08, cr = 1.344330503129065, time = 103.57393479347229, error = 9.96331904858546e-09
-- eps = 1e-07, cr = 1.6825709939473554, time = 103.77957129478455, error = 9.93744418820987e-08
-- eps = 1e-06, cr = 2.3427538153100955, time = 101.51530742645264, error = 9.941569903735813e-07
-- eps = 1e-05, cr = 3.3248018263681907, time = 103.92464685440063, error = 9.970608374932642e-06
-- eps = 0.0001, cr = 5.186656642000712, time = 111.26996803283691, error = 9.893811373764675e-05
-- eps = 0.001, cr = 10.761836991625158, time = 161.24542117118835, error = 0.0009941202361958522
-- eps = 0.01, cr = 46.46535845377804, time = 262.89979887008667, error = 0.009940301880642639
-- eps = 0.1, cr = 1671.9255912835504, time = 809.9662098884583, error = 0.09986327623813435
================================================================================
Directory: eigenvalue/circle
--------------------------------------------------------------------------------
N = 4096, G = 1, P = 1, A = 14, B = 14
-- eps = 1e-08, cr = 1.7012850506899941, time = 7.069411993026733, error = 9.70120158486415e-09
-- eps = 1e-07, cr = 2.1873664937442783, time = 7.050668716430664, error = 9.618387422958644e-08
-- eps = 1e-06, cr = 3.000239177230328, time = 7.777194976806641, error = 9.768805167360328e-07
-- eps = 1e-05, cr = 4.445468237795694, time = 9.358125686645508, error = 9.929991000467042e-06
-- eps = 0.0001, cr = 8.527532290958531, time = 12.489095687866211, error = 9.841591887601789e-05
-- eps = 0.001, cr = 24.270391196565694, time = 14.987129211425781, error = 0.0009996876716941326
-- eps = 0.01, cr = 145.49039507067778, time = 28.45722508430481, error = 0.010017367704071665
-- eps = 0.1, cr = 2470.203076923077, time = 7.19527792930603, error = 0.09897043204436512
================================================================================
Directory: eigenvalue/quarter_circle
--------------------------------------------------------------------------------
N = 4096, G = 1, P = 1, A = 14, B = 20
-- eps = 1e-08, cr = 1.7890480706833725, time = 8.088761806488037, error = 9.79712175951175e-09
-- eps = 1e-07, cr = 2.257069084954972, time = 8.58794641494751, error = 9.748849087219672e-08
-- eps = 1e-06, cr = 3.0089832927545968, time = 8.954554319381714, error = 9.918446520133926e-07
-- eps = 1e-05, cr = 4.803001876172608, time = 10.158305644989014, error = 9.972347912736737e-06
-- eps = 0.0001, cr = 10.110905404214053, time = 15.771177768707275, error = 9.942774094451216e-05
-- eps = 0.001, cr = 38.112455137578095, time = 21.73380160331726, error = 0.0010001276416485992
-- eps = 0.01, cr = 1315.2293577981652, time = 16.600449323654175, error = 0.00968364379395457
-- eps = 0.1, cr = 4778.666666666667, time = 6.790097713470459, error = 0.09861013758472417
================================================================================
Directory: eigenvalue/pincell
--------------------------------------------------------------------------------
N = 1024, G = 7, P = 4, A = 12, B = 12
-- eps = 1e-08, cr = 1.0968443960826986, time = 634.187310218811, error = 9.889726830633385e-09
-- eps = 1e-07, cr = 1.3961218836565097, time = 668.7245321273804, error = 9.902189112581356e-08
-- eps = 1e-06, cr = 1.9347408829174664, time = 716.5685911178589, error = 9.897389077886057e-07
-- eps = 1e-05, cr = 2.9560117302052786, time = 840.0260384082794, error = 9.901477311731198e-06
-- eps = 0.0001, cr = 4.928342245989305, time = 1066.6633160114288, error = 9.985711726116833e-05
-- eps = 0.001, cr = 13.720575040376447, time = 2143.6352775096893, error = 0.0009975118187505224
-- eps = 0.01, cr = 348.3604454944313, time = 11442.508002281189, error = 0.009901215707856252
-- eps = 0.1, cr = 57344.0, time = 929.4359629154205, error = 0.06559185314346125
================================================================================
Directory: eigenvalue/lightbridge_ba
--------------------------------------------------------------------------------
N = 1024, G = 7, P = 12, A = 12, B = 12
-- eps = 1e-08, cr = 1.0105263157894737, time = 706.1942639350891, error = 9.726871495960052e-09
-- eps = 1e-07, cr = 1.1091651001788088, time = 748.1381475925446, error = 9.925433062455035e-08
-- eps = 1e-06, cr = 1.4316487158243578, time = 804.4228637218475, error = 9.93268861613027e-07
-- eps = 1e-05, cr = 2.09495214506604, time = 916.4732434749603, error = 9.957529066233843e-06
-- eps = 0.0001, cr = 4.079143855285829, time = 1219.4101905822754, error = 9.986177471347646e-05
-- eps = 0.001, cr = 13.227210692569408, time = 2577.5377101898193, error = 0.0009971795731157657
-- eps = 0.01, cr = 436.7834120882996, time = 19060.461062192917, error = 0.009994698787133494
-- eps = 0.1, cr = 154828.8, time = 1322.0740218162537, error = 0.08621903264003726
================================================================================
Directory: eigenvalue/lightbridge_gas
--------------------------------------------------------------------------------
N = 1024, G = 7, P = 12, A = 12, B = 12
-- eps = 1e-08, cr = 1.0675610078990336, time = 773.0893383026123, error = 9.975170374882546e-09
-- eps = 1e-07, cr = 1.3200916730328496, time = 829.0151145458221, error = 9.984842078630623e-08
-- eps = 1e-06, cr = 1.7990629880270692, time = 894.8814964294434, error = 9.951560352640256e-07
-- eps = 1e-05, cr = 2.798289529331391, time = 1108.290219783783, error = 9.948260555763324e-06
-- eps = 0.0001, cr = 5.6935330847472585, time = 1416.2894587516785, error = 9.97336969329313e-05
-- eps = 0.001, cr = 21.724145551359875, time = 2758.5641469955444, error = 0.0009955251639741178
-- eps = 0.01, cr = 951.3290322580646, time = 11424.965564966202, error = 0.009974564700034856
-- eps = 0.1, cr = 151052.48780487804, time = 1025.321801185608, error = 0.07592816938123709
