IGAMesh(id=0, name=None, num_patches=12, reflective_boundaries=True)
  -> Patch(material=BA (UO2 FA), source=None, id=0, name=None, shape=(12, 12), backend=geomdl)
  -> Patch(material=UO2 3%, source=None, id=1, name=None, shape=(12, 12), backend=geomdl)
  -> Patch(material=Guide Tube, source=None, id=2, name=None, shape=(12, 12), backend=geomdl)
  -> Patch(material=Water, source=None, id=3, name=None, shape=(12, 12), backend=geomdl)
  -> Patch(material=BA (UO2 FA), source=None, id=4, name=None, shape=(12, 12), backend=geomdl)
  -> Patch(material=UO2 3%, source=None, id=5, name=None, shape=(12, 12), backend=geomdl)
  -> Patch(material=Guide Tube, source=None, id=6, name=None, shape=(12, 12), backend=geomdl)
  -> Patch(material=Water, source=None, id=7, name=None, shape=(12, 12), backend=geomdl)
  -> Patch(material=BA (UO2 FA), source=None, id=8, name=None, shape=(12, 12), backend=geomdl)
  -> Patch(material=UO2 3%, source=None, id=9, name=None, shape=(12, 12), backend=geomdl)
  -> Patch(material=Guide Tube, source=None, id=10, name=None, shape=(12, 12), backend=geomdl)
  -> Patch(material=Water, source=None, id=11, name=None, shape=(12, 12), backend=geomdl)
===========================================================================
Running MatrixAssembler.build()
Discretization: N = 1024, G = 7, P = 12, A = 12, B = 12
Operators: H, S, F, B_out, B_in
---------------------------------------------------------------------------
  0%|          | 0/12 [00:00<?, ?it/s]
---------------------------------------------------------------------------
Final Operators (Elapsed Time: 68.07 s)
Step            Shape                     Compression
H               12386304,12386304          298465.16
S               12386304,12386304          524282.44
F               12386304,12386304         1048575.77
B_out           12386304,12386304         5181100.90
B_in            12386304,12386304         5156191.60
===========================================================================
===========================================================================
Running TTAssembler.build()
Discretization: N = 1024, G = 7, P = 12, A = 12, B = 12
Operators: H, S, F, B_out, B_in
---------------------------------------------------------------------------
  0%|          | 0/12 [00:00<?, ?it/s]
---------------------------------------------------------------------------
Final Operators (Elapsed Time: 208.49 s)
Step            Ranks                     Compression
H               3,3,3,6,23,9              2714734875.97
S               3,3,2,4,9,5               9206704679.57
F               1,1,1,2,4,4               32936995873.85
B_out           4,34,85,89,47,3           86752125.56
B_in            8,38,89,93,50,4           74901650.68
===========================================================================
CSR
Total Compression: 186183.30114649818
Running power iteration on GPU 0
-- (0): k = 0.157434, Angular Flux L2-Error = 2.082342635952, Elapsed Time = 18.060 s
-- (1): k = 0.140606, Angular Flux L2-Error = 0.833530661787, Elapsed Time = 36.007 s
-- (2): k = 0.150396, Angular Flux L2-Error = 0.432178752369, Elapsed Time = 53.937 s
-- (3): k = 0.180261, Angular Flux L2-Error = 0.270038880317, Elapsed Time = 71.859 s
-- (4): k = 0.222998, Angular Flux L2-Error = 0.191054477089, Elapsed Time = 89.794 s
-- (5): k = 0.272785, Angular Flux L2-Error = 0.143279548353, Elapsed Time = 107.757 s
-- (6): k = 0.325627, Angular Flux L2-Error = 0.111764189174, Elapsed Time = 125.748 s
-- (7): k = 0.378889, Angular Flux L2-Error = 0.089580230672, Elapsed Time = 143.764 s
-- (8): k = 0.430541, Angular Flux L2-Error = 0.072731499217, Elapsed Time = 161.818 s
-- (9): k = 0.479408, Angular Flux L2-Error = 0.059758915435, Elapsed Time = 179.888 s
-- (10): k = 0.524659, Angular Flux L2-Error = 0.049374463786, Elapsed Time = 197.977 s
-- (11): k = 0.565889, Angular Flux L2-Error = 0.040981008887, Elapsed Time = 216.082 s
-- (12): k = 0.602968, Angular Flux L2-Error = 0.034128750452, Elapsed Time = 234.222 s
-- (13): k = 0.635975, Angular Flux L2-Error = 0.028502588222, Elapsed Time = 252.346 s
-- (14): k = 0.665098, Angular Flux L2-Error = 0.023846992502, Elapsed Time = 270.470 s
-- (15): k = 0.690595, Angular Flux L2-Error = 0.019972415359, Elapsed Time = 288.591 s
-- (16): k = 0.712779, Angular Flux L2-Error = 0.016745418157, Elapsed Time = 306.704 s
-- (17): k = 0.731969, Angular Flux L2-Error = 0.014046298000, Elapsed Time = 324.805 s
-- (18): k = 0.748492, Angular Flux L2-Error = 0.011789704083, Elapsed Time = 342.922 s
-- (19): k = 0.762647, Angular Flux L2-Error = 0.009892294238, Elapsed Time = 361.005 s
-- (20): k = 0.774721, Angular Flux L2-Error = 0.008299925706, Elapsed Time = 379.094 s
-- (21): k = 0.784983, Angular Flux L2-Error = 0.006967061053, Elapsed Time = 397.163 s
-- (22): k = 0.793689, Angular Flux L2-Error = 0.005858060366, Elapsed Time = 415.227 s
-- (23): k = 0.801049, Angular Flux L2-Error = 0.004925958311, Elapsed Time = 433.291 s
-- (24): k = 0.807255, Angular Flux L2-Error = 0.004145563932, Elapsed Time = 451.354 s
-- (25): k = 0.812476, Angular Flux L2-Error = 0.003492733779, Elapsed Time = 469.427 s
-- (26): k = 0.816859, Angular Flux L2-Error = 0.002948136544, Elapsed Time = 487.496 s
-- (27): k = 0.820531, Angular Flux L2-Error = 0.002492192282, Elapsed Time = 505.570 s
-- (28): k = 0.823606, Angular Flux L2-Error = 0.002115399613, Elapsed Time = 523.648 s
-- (29): k = 0.826175, Angular Flux L2-Error = 0.001800908802, Elapsed Time = 541.727 s
-- (30): k = 0.828319, Angular Flux L2-Error = 0.001541292082, Elapsed Time = 559.803 s
-- (31): k = 0.830106, Angular Flux L2-Error = 0.001325171656, Elapsed Time = 577.883 s
-- (32): k = 0.831595, Angular Flux L2-Error = 0.001148408037, Elapsed Time = 595.966 s
-- (33): k = 0.832834, Angular Flux L2-Error = 0.001002109880, Elapsed Time = 614.050 s
-- (34): k = 0.833863, Angular Flux L2-Error = 0.000880839015, Elapsed Time = 632.133 s
-- (35): k = 0.834718, Angular Flux L2-Error = 0.000781737902, Elapsed Time = 650.212 s
-- (36): k = 0.835429, Angular Flux L2-Error = 0.000700654148, Elapsed Time = 668.288 s
-- (37): k = 0.836018, Angular Flux L2-Error = 0.000633387181, Elapsed Time = 686.365 s
-- (38): k = 0.836507, Angular Flux L2-Error = 0.000577270014, Elapsed Time = 704.446 s
-- (39): k = 0.836912, Angular Flux L2-Error = 0.000530618966, Elapsed Time = 722.530 s
-- (40): k = 0.837248, Angular Flux L2-Error = 0.000490960295, Elapsed Time = 740.612 s
-- (41): k = 0.837526, Angular Flux L2-Error = 0.000457038481, Elapsed Time = 758.695 s
-- (42): k = 0.837757, Angular Flux L2-Error = 0.000427002066, Elapsed Time = 776.779 s
-- (43): k = 0.837948, Angular Flux L2-Error = 0.000402690723, Elapsed Time = 794.862 s
-- (44): k = 0.838106, Angular Flux L2-Error = 0.000379342030, Elapsed Time = 812.947 s
-- (45): k = 0.838237, Angular Flux L2-Error = 0.000358857284, Elapsed Time = 831.028 s
-- (46): k = 0.838346, Angular Flux L2-Error = 0.000341603846, Elapsed Time = 849.108 s
-- (47): k = 0.838436, Angular Flux L2-Error = 0.000326058540, Elapsed Time = 867.191 s
-- (48): k = 0.838511, Angular Flux L2-Error = 0.000311473260, Elapsed Time = 885.277 s
-- (49): k = 0.838573, Angular Flux L2-Error = 0.000298312031, Elapsed Time = 903.362 s
-- (50): k = 0.838624, Angular Flux L2-Error = 0.000286489582, Elapsed Time = 921.449 s
-- (51): k = 0.838667, Angular Flux L2-Error = 0.000274820247, Elapsed Time = 939.531 s
-- (52): k = 0.838703, Angular Flux L2-Error = 0.000263523246, Elapsed Time = 957.616 s
-- (53): k = 0.838732, Angular Flux L2-Error = 0.000252970166, Elapsed Time = 975.705 s
-- (54): k = 0.838757, Angular Flux L2-Error = 0.000243914706, Elapsed Time = 993.793 s
-- (55): k = 0.838777, Angular Flux L2-Error = 0.000235130258, Elapsed Time = 1011.882 s
-- (56): k = 0.838795, Angular Flux L2-Error = 0.000226683942, Elapsed Time = 1029.972 s
-- (57): k = 0.838809, Angular Flux L2-Error = 0.000218927930, Elapsed Time = 1048.061 s
-- (58): k = 0.838821, Angular Flux L2-Error = 0.000212635914, Elapsed Time = 1066.147 s
-- (59): k = 0.838831, Angular Flux L2-Error = 0.000206245949, Elapsed Time = 1084.232 s
-- (60): k = 0.838840, Angular Flux L2-Error = 0.000199308681, Elapsed Time = 1102.320 s
-- (61): k = 0.838847, Angular Flux L2-Error = 0.000191124806, Elapsed Time = 1120.409 s
-- (62): k = 0.838853, Angular Flux L2-Error = 0.000184983342, Elapsed Time = 1138.499 s
-- (63): k = 0.838859, Angular Flux L2-Error = 0.000181065609, Elapsed Time = 1156.586 s
-- (64): k = 0.838863, Angular Flux L2-Error = 0.000176157867, Elapsed Time = 1174.673 s
-- (65): k = 0.838867, Angular Flux L2-Error = 0.000169368730, Elapsed Time = 1192.759 s
-- (66): k = 0.838870, Angular Flux L2-Error = 0.000160745612, Elapsed Time = 1210.845 s
-- (67): k = 0.838873, Angular Flux L2-Error = 0.000155161628, Elapsed Time = 1235.534 s
-- (68): k = 0.838875, Angular Flux L2-Error = 0.000152374054, Elapsed Time = 1253.573 s
-- (69): k = 0.838877, Angular Flux L2-Error = 0.000148516204, Elapsed Time = 1271.638 s
-- (70): k = 0.838879, Angular Flux L2-Error = 0.000142408673, Elapsed Time = 1289.724 s
-- (71): k = 0.838881, Angular Flux L2-Error = 0.000137606241, Elapsed Time = 1307.818 s
-- (72): k = 0.838882, Angular Flux L2-Error = 0.000134585361, Elapsed Time = 1325.924 s
-- (73): k = 0.838884, Angular Flux L2-Error = 0.000131475244, Elapsed Time = 1344.035 s
-- (74): k = 0.838885, Angular Flux L2-Error = 0.000126848365, Elapsed Time = 1362.145 s
-- (75): k = 0.838886, Angular Flux L2-Error = 0.000122540971, Elapsed Time = 1380.248 s
-- (76): k = 0.838887, Angular Flux L2-Error = 0.000120244289, Elapsed Time = 1398.350 s
-- (77): k = 0.838888, Angular Flux L2-Error = 0.000118331514, Elapsed Time = 1416.443 s
-- (78): k = 0.838889, Angular Flux L2-Error = 0.000115770858, Elapsed Time = 1434.536 s
-- (79): k = 0.838890, Angular Flux L2-Error = 0.000112703318, Elapsed Time = 1452.626 s
-- (80): k = 0.838890, Angular Flux L2-Error = 0.000110106648, Elapsed Time = 1470.718 s
-- (81): k = 0.838891, Angular Flux L2-Error = 0.000107875231, Elapsed Time = 1488.802 s
-- (82): k = 0.838892, Angular Flux L2-Error = 0.000105731340, Elapsed Time = 1506.882 s
-- (83): k = 0.838892, Angular Flux L2-Error = 0.000104228985, Elapsed Time = 1524.961 s
-- (84): k = 0.838893, Angular Flux L2-Error = 0.000102719271, Elapsed Time = 1543.048 s
-- (85): k = 0.838893, Angular Flux L2-Error = 0.000101474885, Elapsed Time = 1561.134 s
-- (86): k = 0.838894, Angular Flux L2-Error = 0.000100728736, Elapsed Time = 1579.215 s
-- (87): k = 0.838894, Angular Flux L2-Error = 0.000098751198, Elapsed Time = 1597.298 s
-- (88): k = 0.838895, Angular Flux L2-Error = 0.000097200018, Elapsed Time = 1615.385 s
-- (89): k = 0.838895, Angular Flux L2-Error = 0.000097143676, Elapsed Time = 1633.476 s
-- (90): k = 0.838895, Angular Flux L2-Error = 0.000096875184, Elapsed Time = 1651.563 s
-- (91): k = 0.838896, Angular Flux L2-Error = 0.000096429305, Elapsed Time = 1669.649 s
-- (92): k = 0.838896, Angular Flux L2-Error = 0.000095343938, Elapsed Time = 1687.734 s
-- (93): k = 0.838896, Angular Flux L2-Error = 0.000093177743, Elapsed Time = 1705.823 s
-- (94): k = 0.838896, Angular Flux L2-Error = 0.000091627640, Elapsed Time = 1723.907 s
-- (95): k = 0.838897, Angular Flux L2-Error = 0.000090313241, Elapsed Time = 1741.992 s
-- (96): k = 0.838897, Angular Flux L2-Error = 0.000088902248, Elapsed Time = 1760.074 s
-- (97): k = 0.838897, Angular Flux L2-Error = 0.000087488716, Elapsed Time = 1778.153 s
-- (98): k = 0.838897, Angular Flux L2-Error = 0.000086810010, Elapsed Time = 1796.230 s
-- (99): k = 0.838897, Angular Flux L2-Error = 0.000084782981, Elapsed Time = 1814.310 s
-- (100): k = 0.838897, Angular Flux L2-Error = 0.000082400130, Elapsed Time = 1832.390 s
-- (101): k = 0.838897, Angular Flux L2-Error = 0.000081203483, Elapsed Time = 1850.479 s
-- (102): k = 0.838897, Angular Flux L2-Error = 0.000080992958, Elapsed Time = 1868.568 s
-- (103): k = 0.838897, Angular Flux L2-Error = 0.000079392824, Elapsed Time = 1886.660 s
-- (104): k = 0.838897, Angular Flux L2-Error = 0.000076644556, Elapsed Time = 1904.750 s
-- (105): k = 0.838897, Angular Flux L2-Error = 0.000075370434, Elapsed Time = 1922.837 s
-- (106): k = 0.838897, Angular Flux L2-Error = 0.000074346307, Elapsed Time = 1940.923 s
-- (107): k = 0.838897, Angular Flux L2-Error = 0.000072417916, Elapsed Time = 1959.010 s
-- (108): k = 0.838897, Angular Flux L2-Error = 0.000070105032, Elapsed Time = 1977.095 s
-- (109): k = 0.838897, Angular Flux L2-Error = 0.000069032167, Elapsed Time = 1995.180 s
-- (110): k = 0.838897, Angular Flux L2-Error = 0.000068104757, Elapsed Time = 2013.266 s
-- (111): k = 0.838897, Angular Flux L2-Error = 0.000066826882, Elapsed Time = 2031.353 s
-- (112): k = 0.838897, Angular Flux L2-Error = 0.000064899813, Elapsed Time = 2049.447 s
-- (113): k = 0.838897, Angular Flux L2-Error = 0.000063609040, Elapsed Time = 2067.540 s
-- (114): k = 0.838897, Angular Flux L2-Error = 0.000062781581, Elapsed Time = 2085.636 s
-- (115): k = 0.838897, Angular Flux L2-Error = 0.000061500195, Elapsed Time = 2103.726 s
-- (116): k = 0.838897, Angular Flux L2-Error = 0.000059979473, Elapsed Time = 2121.817 s
-- (117): k = 0.838897, Angular Flux L2-Error = 0.000058403054, Elapsed Time = 2139.908 s
-- (118): k = 0.838897, Angular Flux L2-Error = 0.000057092010, Elapsed Time = 2158.000 s
-- (119): k = 0.838897, Angular Flux L2-Error = 0.000055665866, Elapsed Time = 2176.088 s
-- (120): k = 0.838897, Angular Flux L2-Error = 0.000054126475, Elapsed Time = 2194.177 s
-- (121): k = 0.838897, Angular Flux L2-Error = 0.000052811899, Elapsed Time = 2212.263 s
-- (122): k = 0.838897, Angular Flux L2-Error = 0.000051466573, Elapsed Time = 2230.347 s
-- (123): k = 0.838897, Angular Flux L2-Error = 0.000049956631, Elapsed Time = 2248.427 s
-- (124): k = 0.838897, Angular Flux L2-Error = 0.000048376129, Elapsed Time = 2266.517 s
-- (125): k = 0.838897, Angular Flux L2-Error = 0.000046933578, Elapsed Time = 2284.603 s
-- (126): k = 0.838897, Angular Flux L2-Error = 0.000045492254, Elapsed Time = 2302.693 s
-- (127): k = 0.838897, Angular Flux L2-Error = 0.000044395514, Elapsed Time = 2320.787 s
-- (128): k = 0.838897, Angular Flux L2-Error = 0.000043119775, Elapsed Time = 2338.879 s
-- (129): k = 0.838897, Angular Flux L2-Error = 0.000041698507, Elapsed Time = 2356.968 s
-- (130): k = 0.838897, Angular Flux L2-Error = 0.000040220433, Elapsed Time = 2375.059 s
-- (131): k = 0.838897, Angular Flux L2-Error = 0.000038979610, Elapsed Time = 2393.142 s
-- (132): k = 0.838897, Angular Flux L2-Error = 0.000037708963, Elapsed Time = 2411.227 s
-- (133): k = 0.838897, Angular Flux L2-Error = 0.000036614699, Elapsed Time = 2429.309 s
-- (134): k = 0.838897, Angular Flux L2-Error = 0.000035626228, Elapsed Time = 2447.390 s
-- (135): k = 0.838897, Angular Flux L2-Error = 0.000034861004, Elapsed Time = 2465.472 s
-- (136): k = 0.838897, Angular Flux L2-Error = 0.000034254528, Elapsed Time = 2490.314 s
-- (137): k = 0.838897, Angular Flux L2-Error = 0.000033175044, Elapsed Time = 2508.348 s
-- (138): k = 0.838897, Angular Flux L2-Error = 0.000032047499, Elapsed Time = 2526.404 s
-- (139): k = 0.838897, Angular Flux L2-Error = 0.000030993560, Elapsed Time = 2544.489 s
-- (140): k = 0.838897, Angular Flux L2-Error = 0.000029821648, Elapsed Time = 2562.589 s
-- (141): k = 0.838897, Angular Flux L2-Error = 0.000028579303, Elapsed Time = 2580.702 s
-- (142): k = 0.838897, Angular Flux L2-Error = 0.000027672601, Elapsed Time = 2598.824 s
-- (143): k = 0.838897, Angular Flux L2-Error = 0.000027368700, Elapsed Time = 2616.945 s
-- (144): k = 0.838897, Angular Flux L2-Error = 0.000027073208, Elapsed Time = 2635.064 s
-- (145): k = 0.838897, Angular Flux L2-Error = 0.000026305971, Elapsed Time = 2653.176 s
-- (146): k = 0.838897, Angular Flux L2-Error = 0.000025412169, Elapsed Time = 2671.284 s
-- (147): k = 0.838897, Angular Flux L2-Error = 0.000024848880, Elapsed Time = 2689.384 s
-- (148): k = 0.838897, Angular Flux L2-Error = 0.000024293021, Elapsed Time = 2707.478 s
-- (149): k = 0.838897, Angular Flux L2-Error = 0.000023584433, Elapsed Time = 2725.565 s
-- (150): k = 0.838898, Angular Flux L2-Error = 0.000023029050, Elapsed Time = 2743.649 s
-- (151): k = 0.838898, Angular Flux L2-Error = 0.000022560264, Elapsed Time = 2761.733 s
-- (152): k = 0.838898, Angular Flux L2-Error = 0.000022162717, Elapsed Time = 2779.822 s
-- (153): k = 0.838898, Angular Flux L2-Error = 0.000021340291, Elapsed Time = 2797.911 s
-- (154): k = 0.838898, Angular Flux L2-Error = 0.000020656748, Elapsed Time = 2815.999 s
-- (155): k = 0.838898, Angular Flux L2-Error = 0.000020154706, Elapsed Time = 2834.091 s
-- (156): k = 0.838898, Angular Flux L2-Error = 0.000019635893, Elapsed Time = 2852.185 s
-- (157): k = 0.838898, Angular Flux L2-Error = 0.000018945387, Elapsed Time = 2870.286 s
-- (158): k = 0.838898, Angular Flux L2-Error = 0.000018263967, Elapsed Time = 2888.381 s
-- (159): k = 0.838898, Angular Flux L2-Error = 0.000017556350, Elapsed Time = 2906.479 s
-- (160): k = 0.838898, Angular Flux L2-Error = 0.000017024490, Elapsed Time = 2924.574 s
-- (161): k = 0.838898, Angular Flux L2-Error = 0.000016542648, Elapsed Time = 2942.662 s
-- (162): k = 0.838898, Angular Flux L2-Error = 0.000016138214, Elapsed Time = 2960.753 s
-- (163): k = 0.838898, Angular Flux L2-Error = 0.000015812176, Elapsed Time = 2978.840 s
-- (164): k = 0.838898, Angular Flux L2-Error = 0.000015368425, Elapsed Time = 2996.933 s
-- (165): k = 0.838898, Angular Flux L2-Error = 0.000014940040, Elapsed Time = 3015.019 s
-- (166): k = 0.838898, Angular Flux L2-Error = 0.000014515535, Elapsed Time = 3033.107 s
-- (167): k = 0.838898, Angular Flux L2-Error = 0.000014057401, Elapsed Time = 3051.193 s
-- (168): k = 0.838898, Angular Flux L2-Error = 0.000013607403, Elapsed Time = 3069.283 s
-- (169): k = 0.838898, Angular Flux L2-Error = 0.000013199650, Elapsed Time = 3087.372 s
-- (170): k = 0.838898, Angular Flux L2-Error = 0.000012770856, Elapsed Time = 3105.461 s
-- (171): k = 0.838898, Angular Flux L2-Error = 0.000012285676, Elapsed Time = 3123.546 s
-- (172): k = 0.838898, Angular Flux L2-Error = 0.000011824043, Elapsed Time = 3141.634 s
-- (173): k = 0.838898, Angular Flux L2-Error = 0.000011480191, Elapsed Time = 3159.721 s
-- (174): k = 0.838898, Angular Flux L2-Error = 0.000011120517, Elapsed Time = 3177.801 s
-- (175): k = 0.838898, Angular Flux L2-Error = 0.000010636464, Elapsed Time = 3195.883 s
-- (176): k = 0.838898, Angular Flux L2-Error = 0.000010189143, Elapsed Time = 3213.965 s
-- (177): k = 0.838898, Angular Flux L2-Error = 0.000009955937, Elapsed Time = 3232.048 s
-- (178): k = 0.838898, Angular Flux L2-Error = 0.000009736954, Elapsed Time = 3250.134 s
-- (179): k = 0.838898, Angular Flux L2-Error = 0.000009419452, Elapsed Time = 3268.222 s
-- (180): k = 0.838898, Angular Flux L2-Error = 0.000009092301, Elapsed Time = 3286.311 s
-- (181): k = 0.838898, Angular Flux L2-Error = 0.000008857762, Elapsed Time = 3304.396 s
-- (182): k = 0.838898, Angular Flux L2-Error = 0.000008686123, Elapsed Time = 3322.484 s
-- (183): k = 0.838898, Angular Flux L2-Error = 0.000008347797, Elapsed Time = 3340.574 s
-- (184): k = 0.838898, Angular Flux L2-Error = 0.000007931141, Elapsed Time = 3358.666 s
-- (185): k = 0.838898, Angular Flux L2-Error = 0.000007644644, Elapsed Time = 3376.750 s
-- (186): k = 0.838898, Angular Flux L2-Error = 0.000007358649, Elapsed Time = 3394.827 s
-- (187): k = 0.838898, Angular Flux L2-Error = 0.000007079295, Elapsed Time = 3412.906 s
-- (188): k = 0.838898, Angular Flux L2-Error = 0.000006836329, Elapsed Time = 3430.984 s
-- (189): k = 0.838898, Angular Flux L2-Error = 0.000006796465, Elapsed Time = 3449.066 s
-- (190): k = 0.838898, Angular Flux L2-Error = 0.000006800682, Elapsed Time = 3467.151 s
-- (191): k = 0.838898, Angular Flux L2-Error = 0.000006620146, Elapsed Time = 3485.236 s
-- (192): k = 0.838898, Angular Flux L2-Error = 0.000006134318, Elapsed Time = 3503.320 s
-- (193): k = 0.838898, Angular Flux L2-Error = 0.000005718510, Elapsed Time = 3521.409 s
-- (194): k = 0.838898, Angular Flux L2-Error = 0.000005496865, Elapsed Time = 3539.496 s
-- (195): k = 0.838898, Angular Flux L2-Error = 0.000005480588, Elapsed Time = 3557.588 s
-- (196): k = 0.838898, Angular Flux L2-Error = 0.000005532997, Elapsed Time = 3575.681 s
-- (197): k = 0.838898, Angular Flux L2-Error = 0.000005463516, Elapsed Time = 3593.776 s
-- (198): k = 0.838898, Angular Flux L2-Error = 0.000005259649, Elapsed Time = 3611.867 s
-- (199): k = 0.838898, Angular Flux L2-Error = 0.000004943646, Elapsed Time = 3629.953 s
-- (200): k = 0.838898, Angular Flux L2-Error = 0.000004589056, Elapsed Time = 3648.038 s
-- (201): k = 0.838898, Angular Flux L2-Error = 0.000004338949, Elapsed Time = 3666.127 s
-- (202): k = 0.838898, Angular Flux L2-Error = 0.000004263516, Elapsed Time = 3684.213 s
-- (203): k = 0.838898, Angular Flux L2-Error = 0.000004325384, Elapsed Time = 3702.301 s
-- (204): k = 0.838898, Angular Flux L2-Error = 0.000004364876, Elapsed Time = 3720.391 s
-- (205): k = 0.838898, Angular Flux L2-Error = 0.000004288399, Elapsed Time = 3745.127 s
-- (206): k = 0.838898, Angular Flux L2-Error = 0.000004036535, Elapsed Time = 3763.163 s
-- (207): k = 0.838898, Angular Flux L2-Error = 0.000003739249, Elapsed Time = 3781.220 s
-- (208): k = 0.838898, Angular Flux L2-Error = 0.000003480941, Elapsed Time = 3799.311 s
-- (209): k = 0.838898, Angular Flux L2-Error = 0.000003313487, Elapsed Time = 3817.414 s
-- (210): k = 0.838898, Angular Flux L2-Error = 0.000003278506, Elapsed Time = 3835.526 s
-- (211): k = 0.838898, Angular Flux L2-Error = 0.000003320315, Elapsed Time = 3853.644 s
-- (212): k = 0.838898, Angular Flux L2-Error = 0.000003299176, Elapsed Time = 3871.758 s
-- (213): k = 0.838898, Angular Flux L2-Error = 0.000003207847, Elapsed Time = 3889.874 s
-- (214): k = 0.838898, Angular Flux L2-Error = 0.000003093453, Elapsed Time = 3907.982 s
-- (215): k = 0.838898, Angular Flux L2-Error = 0.000002996967, Elapsed Time = 3926.087 s
-- (216): k = 0.838898, Angular Flux L2-Error = 0.000002923367, Elapsed Time = 3944.194 s
-- (217): k = 0.838898, Angular Flux L2-Error = 0.000002859011, Elapsed Time = 3962.295 s
-- (218): k = 0.838898, Angular Flux L2-Error = 0.000002816223, Elapsed Time = 3980.393 s
-- (219): k = 0.838898, Angular Flux L2-Error = 0.000002816162, Elapsed Time = 3998.490 s
-- (220): k = 0.838898, Angular Flux L2-Error = 0.000002785997, Elapsed Time = 4016.583 s
-- (221): k = 0.838898, Angular Flux L2-Error = 0.000002701054, Elapsed Time = 4034.676 s
-- (222): k = 0.838898, Angular Flux L2-Error = 0.000002602875, Elapsed Time = 4052.770 s
-- (223): k = 0.838898, Angular Flux L2-Error = 0.000002578331, Elapsed Time = 4070.863 s
-- (224): k = 0.838898, Angular Flux L2-Error = 0.000002621099, Elapsed Time = 4088.957 s
-- (225): k = 0.838898, Angular Flux L2-Error = 0.000002658992, Elapsed Time = 4107.051 s
-- (226): k = 0.838898, Angular Flux L2-Error = 0.000002620597, Elapsed Time = 4125.144 s
-- (227): k = 0.838898, Angular Flux L2-Error = 0.000002528812, Elapsed Time = 4143.247 s
-- (228): k = 0.838898, Angular Flux L2-Error = 0.000002463828, Elapsed Time = 4161.359 s
-- (229): k = 0.838898, Angular Flux L2-Error = 0.000002404294, Elapsed Time = 4179.457 s
-- (230): k = 0.838898, Angular Flux L2-Error = 0.000002316188, Elapsed Time = 4197.551 s
-- (231): k = 0.838898, Angular Flux L2-Error = 0.000002202215, Elapsed Time = 4215.641 s
-- (232): k = 0.838898, Angular Flux L2-Error = 0.000002130138, Elapsed Time = 4233.731 s
-- (233): k = 0.838898, Angular Flux L2-Error = 0.000002116648, Elapsed Time = 4251.821 s
-- (234): k = 0.838898, Angular Flux L2-Error = 0.000002144368, Elapsed Time = 4269.911 s
-- (235): k = 0.838898, Angular Flux L2-Error = 0.000002151950, Elapsed Time = 4288.001 s
-- (236): k = 0.838898, Angular Flux L2-Error = 0.000002101324, Elapsed Time = 4306.085 s
-- (237): k = 0.838898, Angular Flux L2-Error = 0.000002024692, Elapsed Time = 4324.169 s
-- (238): k = 0.838898, Angular Flux L2-Error = 0.000001956977, Elapsed Time = 4342.251 s
-- (239): k = 0.838898, Angular Flux L2-Error = 0.000001915298, Elapsed Time = 4360.339 s
-- (240): k = 0.838898, Angular Flux L2-Error = 0.000001880024, Elapsed Time = 4378.433 s
-- (241): k = 0.838898, Angular Flux L2-Error = 0.000001839785, Elapsed Time = 4396.527 s
-- (242): k = 0.838898, Angular Flux L2-Error = 0.000001806476, Elapsed Time = 4414.619 s
-- (243): k = 0.838898, Angular Flux L2-Error = 0.000001786214, Elapsed Time = 4432.716 s
-- (244): k = 0.838898, Angular Flux L2-Error = 0.000001773551, Elapsed Time = 4450.811 s
-- (245): k = 0.838898, Angular Flux L2-Error = 0.000001746698, Elapsed Time = 4468.908 s
-- (246): k = 0.838898, Angular Flux L2-Error = 0.000001700895, Elapsed Time = 4487.005 s
-- (247): k = 0.838898, Angular Flux L2-Error = 0.000001649285, Elapsed Time = 4505.098 s
-- (248): k = 0.838898, Angular Flux L2-Error = 0.000001613588, Elapsed Time = 4523.190 s
-- (249): k = 0.838898, Angular Flux L2-Error = 0.000001596165, Elapsed Time = 4541.280 s
-- (250): k = 0.838898, Angular Flux L2-Error = 0.000001586072, Elapsed Time = 4559.370 s
-- (251): k = 0.838898, Angular Flux L2-Error = 0.000001570625, Elapsed Time = 4577.462 s
-- (252): k = 0.838898, Angular Flux L2-Error = 0.000001547068, Elapsed Time = 4595.554 s
-- (253): k = 0.838898, Angular Flux L2-Error = 0.000001527808, Elapsed Time = 4613.654 s
-- (254): k = 0.838898, Angular Flux L2-Error = 0.000001517514, Elapsed Time = 4631.740 s
-- (255): k = 0.838898, Angular Flux L2-Error = 0.000001513802, Elapsed Time = 4649.826 s
-- (256): k = 0.838898, Angular Flux L2-Error = 0.000001511142, Elapsed Time = 4667.912 s
-- (257): k = 0.838898, Angular Flux L2-Error = 0.000001502047, Elapsed Time = 4686.002 s
-- (258): k = 0.838898, Angular Flux L2-Error = 0.000001481075, Elapsed Time = 4704.093 s
-- (259): k = 0.838898, Angular Flux L2-Error = 0.000001457093, Elapsed Time = 4722.189 s
-- (260): k = 0.838898, Angular Flux L2-Error = 0.000001430565, Elapsed Time = 4740.288 s
-- (261): k = 0.838898, Angular Flux L2-Error = 0.000001404047, Elapsed Time = 4758.383 s
-- (262): k = 0.838898, Angular Flux L2-Error = 0.000001382741, Elapsed Time = 4776.478 s
-- (263): k = 0.838898, Angular Flux L2-Error = 0.000001372052, Elapsed Time = 4794.570 s
-- (264): k = 0.838898, Angular Flux L2-Error = 0.000001377305, Elapsed Time = 4812.663 s
-- (265): k = 0.838898, Angular Flux L2-Error = 0.000001386661, Elapsed Time = 4830.758 s
-- (266): k = 0.838898, Angular Flux L2-Error = 0.000001382337, Elapsed Time = 4848.849 s
-- (267): k = 0.838898, Angular Flux L2-Error = 0.000001355522, Elapsed Time = 4866.939 s
-- (268): k = 0.838898, Angular Flux L2-Error = 0.000001315434, Elapsed Time = 4885.028 s
-- (269): k = 0.838898, Angular Flux L2-Error = 0.000001274484, Elapsed Time = 4903.123 s
-- (270): k = 0.838898, Angular Flux L2-Error = 0.000001248969, Elapsed Time = 4921.215 s
-- (271): k = 0.838898, Angular Flux L2-Error = 0.000001239002, Elapsed Time = 4939.307 s
-- (272): k = 0.838898, Angular Flux L2-Error = 0.000001243145, Elapsed Time = 4957.401 s
-- (273): k = 0.838898, Angular Flux L2-Error = 0.000001262331, Elapsed Time = 4975.490 s
-- (274): k = 0.838898, Angular Flux L2-Error = 0.000001283769, Elapsed Time = 5000.270 s
-- (275): k = 0.838898, Angular Flux L2-Error = 0.000001295308, Elapsed Time = 5018.294 s
-- (276): k = 0.838898, Angular Flux L2-Error = 0.000001284723, Elapsed Time = 5036.347 s
-- (277): k = 0.838898, Angular Flux L2-Error = 0.000001249015, Elapsed Time = 5054.428 s
-- (278): k = 0.838898, Angular Flux L2-Error = 0.000001198848, Elapsed Time = 5072.523 s
-- (279): k = 0.838898, Angular Flux L2-Error = 0.000001155055, Elapsed Time = 5090.629 s
-- (280): k = 0.838898, Angular Flux L2-Error = 0.000001135008, Elapsed Time = 5108.746 s
-- (281): k = 0.838898, Angular Flux L2-Error = 0.000001141621, Elapsed Time = 5126.863 s
-- (282): k = 0.838898, Angular Flux L2-Error = 0.000001167543, Elapsed Time = 5144.978 s
-- (283): k = 0.838898, Angular Flux L2-Error = 0.000001194906, Elapsed Time = 5163.099 s
-- (284): k = 0.838898, Angular Flux L2-Error = 0.000001208357, Elapsed Time = 5181.198 s
-- (285): k = 0.838898, Angular Flux L2-Error = 0.000001188278, Elapsed Time = 5199.297 s
-- (286): k = 0.838898, Angular Flux L2-Error = 0.000001144154, Elapsed Time = 5217.392 s
-- (287): k = 0.838898, Angular Flux L2-Error = 0.000001089772, Elapsed Time = 5235.481 s
-- (288): k = 0.838898, Angular Flux L2-Error = 0.000001043461, Elapsed Time = 5253.565 s
-- (289): k = 0.838898, Angular Flux L2-Error = 0.000001019874, Elapsed Time = 5271.649 s
-- (290): k = 0.838898, Angular Flux L2-Error = 0.000001015439, Elapsed Time = 5289.733 s
-- (291): k = 0.838898, Angular Flux L2-Error = 0.000001034625, Elapsed Time = 5307.811 s
-- (292): k = 0.838898, Angular Flux L2-Error = 0.000001062174, Elapsed Time = 5325.895 s
-- (293): k = 0.838898, Angular Flux L2-Error = 0.000001077760, Elapsed Time = 5343.976 s
-- (294): k = 0.838898, Angular Flux L2-Error = 0.000001066270, Elapsed Time = 5362.058 s
-- (295): k = 0.838898, Angular Flux L2-Error = 0.000001024615, Elapsed Time = 5380.141 s
-- (296): k = 0.838898, Angular Flux L2-Error = 0.000000977528, Elapsed Time = 5398.222 s
-- (297): k = 0.838898, Angular Flux L2-Error = 0.000000936012, Elapsed Time = 5416.305 s
-- (298): k = 0.838898, Angular Flux L2-Error = 0.000000924679, Elapsed Time = 5434.395 s
-- (299): k = 0.838898, Angular Flux L2-Error = 0.000000936876, Elapsed Time = 5452.485 s
-- (300): k = 0.838898, Angular Flux L2-Error = 0.000000961212, Elapsed Time = 5470.575 s
-- (301): k = 0.838898, Angular Flux L2-Error = 0.000000987368, Elapsed Time = 5488.664 s
-- (302): k = 0.838898, Angular Flux L2-Error = 0.000000990322, Elapsed Time = 5506.751 s
-- (303): k = 0.838898, Angular Flux L2-Error = 0.000000966447, Elapsed Time = 5524.839 s
-- (304): k = 0.838898, Angular Flux L2-Error = 0.000000925331, Elapsed Time = 5542.926 s
-- (305): k = 0.838898, Angular Flux L2-Error = 0.000000884953, Elapsed Time = 5561.006 s
-- (306): k = 0.838898, Angular Flux L2-Error = 0.000000864095, Elapsed Time = 5579.083 s
-- (307): k = 0.838898, Angular Flux L2-Error = 0.000000862272, Elapsed Time = 5597.165 s
-- (308): k = 0.838898, Angular Flux L2-Error = 0.000000884758, Elapsed Time = 5615.251 s
-- (309): k = 0.838898, Angular Flux L2-Error = 0.000000913420, Elapsed Time = 5633.341 s
-- (310): k = 0.838898, Angular Flux L2-Error = 0.000000926606, Elapsed Time = 5651.432 s
-- (311): k = 0.838898, Angular Flux L2-Error = 0.000000911614, Elapsed Time = 5669.526 s
-- (312): k = 0.838898, Angular Flux L2-Error = 0.000000869445, Elapsed Time = 5687.621 s
-- (313): k = 0.838898, Angular Flux L2-Error = 0.000000822482, Elapsed Time = 5705.713 s
-- (314): k = 0.838898, Angular Flux L2-Error = 0.000000789598, Elapsed Time = 5723.803 s
-- (315): k = 0.838898, Angular Flux L2-Error = 0.000000783189, Elapsed Time = 5741.890 s
-- (316): k = 0.838898, Angular Flux L2-Error = 0.000000800079, Elapsed Time = 5759.980 s
-- (317): k = 0.838898, Angular Flux L2-Error = 0.000000825646, Elapsed Time = 5778.066 s
-- (318): k = 0.838898, Angular Flux L2-Error = 0.000000852827, Elapsed Time = 5796.150 s
-- (319): k = 0.838898, Angular Flux L2-Error = 0.000000859560, Elapsed Time = 5814.234 s
-- (320): k = 0.838898, Angular Flux L2-Error = 0.000000835699, Elapsed Time = 5832.323 s
-- (321): k = 0.838898, Angular Flux L2-Error = 0.000000797711, Elapsed Time = 5850.414 s
-- (322): k = 0.838898, Angular Flux L2-Error = 0.000000758327, Elapsed Time = 5868.505 s
-- (323): k = 0.838898, Angular Flux L2-Error = 0.000000739661, Elapsed Time = 5886.597 s
-- (324): k = 0.838898, Angular Flux L2-Error = 0.000000736260, Elapsed Time = 5904.690 s
-- (325): k = 0.838898, Angular Flux L2-Error = 0.000000752265, Elapsed Time = 5922.783 s
-- (326): k = 0.838898, Angular Flux L2-Error = 0.000000775821, Elapsed Time = 5940.881 s
-- (327): k = 0.838898, Angular Flux L2-Error = 0.000000789020, Elapsed Time = 5958.978 s
-- (328): k = 0.838898, Angular Flux L2-Error = 0.000000778445, Elapsed Time = 5977.071 s
-- (329): k = 0.838898, Angular Flux L2-Error = 0.000000750514, Elapsed Time = 5995.162 s
-- (330): k = 0.838898, Angular Flux L2-Error = 0.000000717853, Elapsed Time = 6013.248 s
-- (331): k = 0.838898, Angular Flux L2-Error = 0.000000692229, Elapsed Time = 6031.339 s
-- (332): k = 0.838898, Angular Flux L2-Error = 0.000000679940, Elapsed Time = 6049.435 s
-- (333): k = 0.838898, Angular Flux L2-Error = 0.000000682807, Elapsed Time = 6067.531 s
-- (334): k = 0.838898, Angular Flux L2-Error = 0.000000691524, Elapsed Time = 6085.624 s
-- (335): k = 0.838898, Angular Flux L2-Error = 0.000000698248, Elapsed Time = 6103.718 s
-- (336): k = 0.838898, Angular Flux L2-Error = 0.000000696008, Elapsed Time = 6121.808 s
-- (337): k = 0.838898, Angular Flux L2-Error = 0.000000681757, Elapsed Time = 6139.900 s
-- (338): k = 0.838898, Angular Flux L2-Error = 0.000000660475, Elapsed Time = 6157.991 s
-- (339): k = 0.838898, Angular Flux L2-Error = 0.000000640294, Elapsed Time = 6176.083 s
-- (340): k = 0.838898, Angular Flux L2-Error = 0.000000625047, Elapsed Time = 6194.177 s
-- (341): k = 0.838898, Angular Flux L2-Error = 0.000000620862, Elapsed Time = 6212.265 s
-- (342): k = 0.838898, Angular Flux L2-Error = 0.000000623723, Elapsed Time = 6230.356 s
-- (343): k = 0.838898, Angular Flux L2-Error = 0.000000629238, Elapsed Time = 6248.447 s
-- (344): k = 0.838898, Angular Flux L2-Error = 0.000000632716, Elapsed Time = 6273.179 s
-- (345): k = 0.838898, Angular Flux L2-Error = 0.000000630622, Elapsed Time = 6291.228 s
-- (346): k = 0.838898, Angular Flux L2-Error = 0.000000619836, Elapsed Time = 6309.301 s
-- (347): k = 0.838898, Angular Flux L2-Error = 0.000000603711, Elapsed Time = 6327.404 s
-- (348): k = 0.838898, Angular Flux L2-Error = 0.000000588922, Elapsed Time = 6345.511 s
-- (349): k = 0.838898, Angular Flux L2-Error = 0.000000578751, Elapsed Time = 6363.629 s
-- (350): k = 0.838898, Angular Flux L2-Error = 0.000000574517, Elapsed Time = 6381.750 s
-- (351): k = 0.838898, Angular Flux L2-Error = 0.000000574385, Elapsed Time = 6399.869 s
-- (352): k = 0.838898, Angular Flux L2-Error = 0.000000575995, Elapsed Time = 6417.984 s
-- (353): k = 0.838898, Angular Flux L2-Error = 0.000000577075, Elapsed Time = 6436.086 s
-- (354): k = 0.838898, Angular Flux L2-Error = 0.000000573569, Elapsed Time = 6454.182 s
-- (355): k = 0.838898, Angular Flux L2-Error = 0.000000567430, Elapsed Time = 6472.281 s
-- (356): k = 0.838898, Angular Flux L2-Error = 0.000000556972, Elapsed Time = 6490.366 s
-- (357): k = 0.838898, Angular Flux L2-Error = 0.000000544953, Elapsed Time = 6508.444 s
-- (358): k = 0.838898, Angular Flux L2-Error = 0.000000532866, Elapsed Time = 6526.528 s
-- (359): k = 0.838898, Angular Flux L2-Error = 0.000000525061, Elapsed Time = 6544.609 s
-- (360): k = 0.838898, Angular Flux L2-Error = 0.000000521332, Elapsed Time = 6562.686 s
-- (361): k = 0.838898, Angular Flux L2-Error = 0.000000517022, Elapsed Time = 6580.769 s
-- (362): k = 0.838898, Angular Flux L2-Error = 0.000000519908, Elapsed Time = 6598.853 s
-- (363): k = 0.838898, Angular Flux L2-Error = 0.000000518510, Elapsed Time = 6616.938 s
-- (364): k = 0.838898, Angular Flux L2-Error = 0.000000515156, Elapsed Time = 6635.027 s
-- (365): k = 0.838898, Angular Flux L2-Error = 0.000000511192, Elapsed Time = 6653.122 s
-- (366): k = 0.838898, Angular Flux L2-Error = 0.000000500658, Elapsed Time = 6671.220 s
-- (367): k = 0.838898, Angular Flux L2-Error = 0.000000491494, Elapsed Time = 6689.316 s
-- (368): k = 0.838898, Angular Flux L2-Error = 0.000000482479, Elapsed Time = 6707.412 s
-- (369): k = 0.838898, Angular Flux L2-Error = 0.000000477452, Elapsed Time = 6725.505 s
-- (370): k = 0.838898, Angular Flux L2-Error = 0.000000472787, Elapsed Time = 6743.600 s
-- (371): k = 0.838898, Angular Flux L2-Error = 0.000000474498, Elapsed Time = 6761.691 s
-- (372): k = 0.838898, Angular Flux L2-Error = 0.000000472934, Elapsed Time = 6779.785 s
-- (373): k = 0.838898, Angular Flux L2-Error = 0.000000474241, Elapsed Time = 6797.875 s
-- (374): k = 0.838898, Angular Flux L2-Error = 0.000000471129, Elapsed Time = 6815.968 s
-- (375): k = 0.838898, Angular Flux L2-Error = 0.000000463940, Elapsed Time = 6834.059 s
-- (376): k = 0.838898, Angular Flux L2-Error = 0.000000458420, Elapsed Time = 6852.154 s
-- (377): k = 0.838898, Angular Flux L2-Error = 0.000000448876, Elapsed Time = 6870.247 s
-- (378): k = 0.838898, Angular Flux L2-Error = 0.000000443694, Elapsed Time = 6888.343 s
-- (379): k = 0.838898, Angular Flux L2-Error = 0.000000438098, Elapsed Time = 6906.437 s
-- (380): k = 0.838898, Angular Flux L2-Error = 0.000000435471, Elapsed Time = 6924.527 s
-- (381): k = 0.838898, Angular Flux L2-Error = 0.000000435263, Elapsed Time = 6942.618 s
-- (382): k = 0.838898, Angular Flux L2-Error = 0.000000434110, Elapsed Time = 6960.706 s
-- (383): k = 0.838898, Angular Flux L2-Error = 0.000000432964, Elapsed Time = 6978.800 s
-- (384): k = 0.838898, Angular Flux L2-Error = 0.000000428792, Elapsed Time = 6996.899 s
-- (385): k = 0.838898, Angular Flux L2-Error = 0.000000423091, Elapsed Time = 7014.992 s
-- (386): k = 0.838898, Angular Flux L2-Error = 0.000000418321, Elapsed Time = 7033.083 s
-- (387): k = 0.838898, Angular Flux L2-Error = 0.000000411877, Elapsed Time = 7051.171 s
-- (388): k = 0.838898, Angular Flux L2-Error = 0.000000408287, Elapsed Time = 7069.262 s
-- (389): k = 0.838898, Angular Flux L2-Error = 0.000000405095, Elapsed Time = 7087.359 s
-- (390): k = 0.838898, Angular Flux L2-Error = 0.000000402343, Elapsed Time = 7105.458 s
-- (391): k = 0.838898, Angular Flux L2-Error = 0.000000402500, Elapsed Time = 7123.555 s
-- (392): k = 0.838898, Angular Flux L2-Error = 0.000000399390, Elapsed Time = 7141.648 s
-- (393): k = 0.838898, Angular Flux L2-Error = 0.000000397167, Elapsed Time = 7159.739 s
-- (394): k = 0.838898, Angular Flux L2-Error = 0.000000395570, Elapsed Time = 7177.827 s
-- (395): k = 0.838898, Angular Flux L2-Error = 0.000000390850, Elapsed Time = 7195.915 s
-- (396): k = 0.838898, Angular Flux L2-Error = 0.000000388758, Elapsed Time = 7214.006 s
-- (397): k = 0.838898, Angular Flux L2-Error = 0.000000384806, Elapsed Time = 7232.098 s
-- (398): k = 0.838898, Angular Flux L2-Error = 0.000000381135, Elapsed Time = 7250.190 s
-- (399): k = 0.838898, Angular Flux L2-Error = 0.000000378798, Elapsed Time = 7268.279 s
-- (400): k = 0.838898, Angular Flux L2-Error = 0.000000374735, Elapsed Time = 7286.373 s
-- (401): k = 0.838898, Angular Flux L2-Error = 0.000000373201, Elapsed Time = 7304.463 s
-- (402): k = 0.838898, Angular Flux L2-Error = 0.000000370676, Elapsed Time = 7322.559 s
-- (403): k = 0.838898, Angular Flux L2-Error = 0.000000369903, Elapsed Time = 7340.650 s
-- (404): k = 0.838898, Angular Flux L2-Error = 0.000000369258, Elapsed Time = 7358.744 s
-- (405): k = 0.838898, Angular Flux L2-Error = 0.000000367114, Elapsed Time = 7376.836 s
-- (406): k = 0.838898, Angular Flux L2-Error = 0.000000363880, Elapsed Time = 7394.925 s
-- (407): k = 0.838898, Angular Flux L2-Error = 0.000000359082, Elapsed Time = 7413.012 s
-- (408): k = 0.838898, Angular Flux L2-Error = 0.000000353015, Elapsed Time = 7431.097 s
-- (409): k = 0.838898, Angular Flux L2-Error = 0.000000348687, Elapsed Time = 7449.182 s
-- (410): k = 0.838898, Angular Flux L2-Error = 0.000000346601, Elapsed Time = 7467.265 s
-- (411): k = 0.838898, Angular Flux L2-Error = 0.000000344954, Elapsed Time = 7485.352 s
-- (412): k = 0.838898, Angular Flux L2-Error = 0.000000346586, Elapsed Time = 7503.439 s
-- (413): k = 0.838898, Angular Flux L2-Error = 0.000000348290, Elapsed Time = 7528.155 s
-- (414): k = 0.838898, Angular Flux L2-Error = 0.000000348490, Elapsed Time = 7546.192 s
-- (415): k = 0.838898, Angular Flux L2-Error = 0.000000346497, Elapsed Time = 7564.258 s
-- (416): k = 0.838898, Angular Flux L2-Error = 0.000000340161, Elapsed Time = 7582.355 s
-- (417): k = 0.838898, Angular Flux L2-Error = 0.000000333072, Elapsed Time = 7600.459 s
-- (418): k = 0.838898, Angular Flux L2-Error = 0.000000327339, Elapsed Time = 7618.571 s
-- (419): k = 0.838898, Angular Flux L2-Error = 0.000000324343, Elapsed Time = 7636.693 s
-- (420): k = 0.838898, Angular Flux L2-Error = 0.000000323980, Elapsed Time = 7654.810 s
-- (421): k = 0.838898, Angular Flux L2-Error = 0.000000328135, Elapsed Time = 7672.923 s
-- (422): k = 0.838898, Angular Flux L2-Error = 0.000000331162, Elapsed Time = 7691.031 s
-- (423): k = 0.838898, Angular Flux L2-Error = 0.000000332464, Elapsed Time = 7709.135 s
-- (424): k = 0.838898, Angular Flux L2-Error = 0.000000329753, Elapsed Time = 7727.230 s
-- (425): k = 0.838898, Angular Flux L2-Error = 0.000000322827, Elapsed Time = 7745.320 s
-- (426): k = 0.838898, Angular Flux L2-Error = 0.000000313256, Elapsed Time = 7763.407 s
-- (427): k = 0.838898, Angular Flux L2-Error = 0.000000306310, Elapsed Time = 7781.494 s
-- (428): k = 0.838898, Angular Flux L2-Error = 0.000000303089, Elapsed Time = 7799.576 s
-- (429): k = 0.838898, Angular Flux L2-Error = 0.000000303587, Elapsed Time = 7817.659 s
-- (430): k = 0.838898, Angular Flux L2-Error = 0.000000308163, Elapsed Time = 7835.747 s
-- (431): k = 0.838898, Angular Flux L2-Error = 0.000000311988, Elapsed Time = 7853.833 s
-- (432): k = 0.838898, Angular Flux L2-Error = 0.000000312705, Elapsed Time = 7871.923 s
-- (433): k = 0.838898, Angular Flux L2-Error = 0.000000309344, Elapsed Time = 7890.012 s
-- (434): k = 0.838898, Angular Flux L2-Error = 0.000000301249, Elapsed Time = 7908.100 s
-- (435): k = 0.838898, Angular Flux L2-Error = 0.000000290898, Elapsed Time = 7926.190 s
-- (436): k = 0.838898, Angular Flux L2-Error = 0.000000284417, Elapsed Time = 7944.283 s
-- (437): k = 0.838898, Angular Flux L2-Error = 0.000000281870, Elapsed Time = 7962.376 s
-- (438): k = 0.838898, Angular Flux L2-Error = 0.000000283707, Elapsed Time = 7980.473 s
-- (439): k = 0.838898, Angular Flux L2-Error = 0.000000288787, Elapsed Time = 7998.571 s
-- (440): k = 0.838898, Angular Flux L2-Error = 0.000000292787, Elapsed Time = 8016.673 s
-- (441): k = 0.838898, Angular Flux L2-Error = 0.000000292439, Elapsed Time = 8034.774 s
-- (442): k = 0.838898, Angular Flux L2-Error = 0.000000286765, Elapsed Time = 8052.868 s
-- (443): k = 0.838898, Angular Flux L2-Error = 0.000000278400, Elapsed Time = 8070.961 s
-- (444): k = 0.838898, Angular Flux L2-Error = 0.000000270062, Elapsed Time = 8089.055 s
-- (445): k = 0.838898, Angular Flux L2-Error = 0.000000264149, Elapsed Time = 8107.144 s
-- (446): k = 0.838898, Angular Flux L2-Error = 0.000000263206, Elapsed Time = 8125.233 s
-- (447): k = 0.838898, Angular Flux L2-Error = 0.000000266390, Elapsed Time = 8143.322 s
-- (448): k = 0.838898, Angular Flux L2-Error = 0.000000269867, Elapsed Time = 8161.411 s
-- (449): k = 0.838898, Angular Flux L2-Error = 0.000000271953, Elapsed Time = 8179.500 s
-- (450): k = 0.838898, Angular Flux L2-Error = 0.000000270153, Elapsed Time = 8197.592 s
-- (451): k = 0.838898, Angular Flux L2-Error = 0.000000263210, Elapsed Time = 8215.682 s
-- (452): k = 0.838898, Angular Flux L2-Error = 0.000000254889, Elapsed Time = 8233.773 s
-- (453): k = 0.838898, Angular Flux L2-Error = 0.000000247570, Elapsed Time = 8251.862 s
-- (454): k = 0.838898, Angular Flux L2-Error = 0.000000244145, Elapsed Time = 8269.955 s
-- (455): k = 0.838898, Angular Flux L2-Error = 0.000000243803, Elapsed Time = 8288.050 s
-- (456): k = 0.838898, Angular Flux L2-Error = 0.000000246208, Elapsed Time = 8306.149 s
-- (457): k = 0.838898, Angular Flux L2-Error = 0.000000249204, Elapsed Time = 8324.247 s
-- (458): k = 0.838898, Angular Flux L2-Error = 0.000000249722, Elapsed Time = 8342.343 s
-- (459): k = 0.838898, Angular Flux L2-Error = 0.000000246260, Elapsed Time = 8360.436 s
-- (460): k = 0.838898, Angular Flux L2-Error = 0.000000239983, Elapsed Time = 8378.534 s
-- (461): k = 0.838898, Angular Flux L2-Error = 0.000000232953, Elapsed Time = 8396.628 s
-- (462): k = 0.838898, Angular Flux L2-Error = 0.000000227637, Elapsed Time = 8414.721 s
-- (463): k = 0.838898, Angular Flux L2-Error = 0.000000225513, Elapsed Time = 8432.815 s
-- (464): k = 0.838898, Angular Flux L2-Error = 0.000000224855, Elapsed Time = 8450.911 s
-- (465): k = 0.838898, Angular Flux L2-Error = 0.000000227080, Elapsed Time = 8469.011 s
-- (466): k = 0.838898, Angular Flux L2-Error = 0.000000228577, Elapsed Time = 8487.111 s
-- (467): k = 0.838898, Angular Flux L2-Error = 0.000000227494, Elapsed Time = 8505.208 s
-- (468): k = 0.838898, Angular Flux L2-Error = 0.000000223965, Elapsed Time = 8523.305 s
-- (469): k = 0.838898, Angular Flux L2-Error = 0.000000218618, Elapsed Time = 8541.406 s
-- (470): k = 0.838898, Angular Flux L2-Error = 0.000000213444, Elapsed Time = 8559.509 s
-- (471): k = 0.838898, Angular Flux L2-Error = 0.000000209443, Elapsed Time = 8577.613 s
-- (472): k = 0.838898, Angular Flux L2-Error = 0.000000207066, Elapsed Time = 8595.714 s
-- (473): k = 0.838898, Angular Flux L2-Error = 0.000000207394, Elapsed Time = 8613.818 s
-- (474): k = 0.838898, Angular Flux L2-Error = 0.000000207836, Elapsed Time = 8631.922 s
-- (475): k = 0.838898, Angular Flux L2-Error = 0.000000207606, Elapsed Time = 8650.021 s
-- (476): k = 0.838898, Angular Flux L2-Error = 0.000000206162, Elapsed Time = 8668.121 s
-- (477): k = 0.838898, Angular Flux L2-Error = 0.000000203476, Elapsed Time = 8686.217 s
-- (478): k = 0.838898, Angular Flux L2-Error = 0.000000199208, Elapsed Time = 8704.311 s
-- (479): k = 0.838898, Angular Flux L2-Error = 0.000000194655, Elapsed Time = 8722.405 s
-- (480): k = 0.838898, Angular Flux L2-Error = 0.000000191682, Elapsed Time = 8740.501 s
-- (481): k = 0.838898, Angular Flux L2-Error = 0.000000190523, Elapsed Time = 8758.598 s
-- (482): k = 0.838898, Angular Flux L2-Error = 0.000000189382, Elapsed Time = 8783.302 s
-- (483): k = 0.838898, Angular Flux L2-Error = 0.000000189689, Elapsed Time = 8801.337 s
-- (484): k = 0.838898, Angular Flux L2-Error = 0.000000189273, Elapsed Time = 8819.398 s
-- (485): k = 0.838898, Angular Flux L2-Error = 0.000000187572, Elapsed Time = 8837.496 s
-- (486): k = 0.838898, Angular Flux L2-Error = 0.000000185190, Elapsed Time = 8855.606 s
-- (487): k = 0.838898, Angular Flux L2-Error = 0.000000182152, Elapsed Time = 8873.725 s
-- (488): k = 0.838898, Angular Flux L2-Error = 0.000000178639, Elapsed Time = 8891.853 s
-- (489): k = 0.838898, Angular Flux L2-Error = 0.000000176801, Elapsed Time = 8909.982 s
-- (490): k = 0.838898, Angular Flux L2-Error = 0.000000175019, Elapsed Time = 8928.104 s
-- (491): k = 0.838898, Angular Flux L2-Error = 0.000000173812, Elapsed Time = 8946.217 s
-- (492): k = 0.838898, Angular Flux L2-Error = 0.000000173956, Elapsed Time = 8964.331 s
-- (493): k = 0.838898, Angular Flux L2-Error = 0.000000172847, Elapsed Time = 8982.440 s
-- (494): k = 0.838898, Angular Flux L2-Error = 0.000000172114, Elapsed Time = 9000.543 s
-- (495): k = 0.838898, Angular Flux L2-Error = 0.000000169723, Elapsed Time = 9018.641 s
-- (496): k = 0.838898, Angular Flux L2-Error = 0.000000167221, Elapsed Time = 9036.737 s
-- (497): k = 0.838898, Angular Flux L2-Error = 0.000000165190, Elapsed Time = 9054.834 s
-- (498): k = 0.838898, Angular Flux L2-Error = 0.000000162582, Elapsed Time = 9072.926 s
-- (499): k = 0.838898, Angular Flux L2-Error = 0.000000161286, Elapsed Time = 9091.020 s
-- (500): k = 0.838898, Angular Flux L2-Error = 0.000000160471, Elapsed Time = 9109.118 s
-- (501): k = 0.838898, Angular Flux L2-Error = 0.000000159432, Elapsed Time = 9127.216 s
-- (502): k = 0.838898, Angular Flux L2-Error = 0.000000159127, Elapsed Time = 9145.319 s
-- (503): k = 0.838898, Angular Flux L2-Error = 0.000000157320, Elapsed Time = 9163.419 s
-- (504): k = 0.838898, Angular Flux L2-Error = 0.000000155897, Elapsed Time = 9181.518 s
-- (505): k = 0.838898, Angular Flux L2-Error = 0.000000154692, Elapsed Time = 9199.616 s
-- (506): k = 0.838898, Angular Flux L2-Error = 0.000000152121, Elapsed Time = 9217.715 s
-- (507): k = 0.838898, Angular Flux L2-Error = 0.000000150775, Elapsed Time = 9235.817 s
-- (508): k = 0.838898, Angular Flux L2-Error = 0.000000149424, Elapsed Time = 9253.917 s
-- (509): k = 0.838898, Angular Flux L2-Error = 0.000000148075, Elapsed Time = 9272.025 s
-- (510): k = 0.838898, Angular Flux L2-Error = 0.000000147726, Elapsed Time = 9290.125 s
-- (511): k = 0.838898, Angular Flux L2-Error = 0.000000146435, Elapsed Time = 9308.223 s
-- (512): k = 0.838898, Angular Flux L2-Error = 0.000000146053, Elapsed Time = 9326.322 s
-- (513): k = 0.838898, Angular Flux L2-Error = 0.000000144485, Elapsed Time = 9344.419 s
-- (514): k = 0.838898, Angular Flux L2-Error = 0.000000142908, Elapsed Time = 9362.519 s
-- (515): k = 0.838898, Angular Flux L2-Error = 0.000000141815, Elapsed Time = 9380.619 s
-- (516): k = 0.838898, Angular Flux L2-Error = 0.000000140117, Elapsed Time = 9398.716 s
-- (517): k = 0.838898, Angular Flux L2-Error = 0.000000139151, Elapsed Time = 9416.811 s
-- (518): k = 0.838898, Angular Flux L2-Error = 0.000000138294, Elapsed Time = 9434.910 s
-- (519): k = 0.838898, Angular Flux L2-Error = 0.000000137143, Elapsed Time = 9453.005 s
-- (520): k = 0.838898, Angular Flux L2-Error = 0.000000136798, Elapsed Time = 9471.105 s
-- (521): k = 0.838898, Angular Flux L2-Error = 0.000000135105, Elapsed Time = 9489.204 s
-- (522): k = 0.838898, Angular Flux L2-Error = 0.000000134127, Elapsed Time = 9507.306 s
-- (523): k = 0.838898, Angular Flux L2-Error = 0.000000133146, Elapsed Time = 9525.410 s
-- (524): k = 0.838898, Angular Flux L2-Error = 0.000000131536, Elapsed Time = 9543.510 s
-- (525): k = 0.838898, Angular Flux L2-Error = 0.000000130913, Elapsed Time = 9561.612 s
-- (526): k = 0.838898, Angular Flux L2-Error = 0.000000129924, Elapsed Time = 9579.714 s
-- (527): k = 0.838898, Angular Flux L2-Error = 0.000000129323, Elapsed Time = 9597.814 s
-- (528): k = 0.838898, Angular Flux L2-Error = 0.000000128510, Elapsed Time = 9615.914 s
-- (529): k = 0.838898, Angular Flux L2-Error = 0.000000127486, Elapsed Time = 9634.016 s
-- (530): k = 0.838898, Angular Flux L2-Error = 0.000000126422, Elapsed Time = 9652.118 s
-- (531): k = 0.838898, Angular Flux L2-Error = 0.000000125261, Elapsed Time = 9670.219 s
-- (532): k = 0.838898, Angular Flux L2-Error = 0.000000123890, Elapsed Time = 9688.326 s
-- (533): k = 0.838898, Angular Flux L2-Error = 0.000000123155, Elapsed Time = 9706.429 s
-- (534): k = 0.838898, Angular Flux L2-Error = 0.000000121960, Elapsed Time = 9724.535 s
-- (535): k = 0.838898, Angular Flux L2-Error = 0.000000121852, Elapsed Time = 9742.642 s
-- (536): k = 0.838898, Angular Flux L2-Error = 0.000000121136, Elapsed Time = 9760.750 s
-- (537): k = 0.838898, Angular Flux L2-Error = 0.000000120518, Elapsed Time = 9778.857 s
-- (538): k = 0.838898, Angular Flux L2-Error = 0.000000119881, Elapsed Time = 9796.965 s
-- (539): k = 0.838898, Angular Flux L2-Error = 0.000000118512, Elapsed Time = 9815.071 s
-- (540): k = 0.838898, Angular Flux L2-Error = 0.000000117006, Elapsed Time = 9833.176 s
-- (541): k = 0.838898, Angular Flux L2-Error = 0.000000115933, Elapsed Time = 9851.282 s
-- (542): k = 0.838898, Angular Flux L2-Error = 0.000000114871, Elapsed Time = 9869.381 s
-- (543): k = 0.838898, Angular Flux L2-Error = 0.000000114221, Elapsed Time = 9887.484 s
-- (544): k = 0.838898, Angular Flux L2-Error = 0.000000114235, Elapsed Time = 9905.585 s
-- (545): k = 0.838898, Angular Flux L2-Error = 0.000000113876, Elapsed Time = 9923.689 s
-- (546): k = 0.838898, Angular Flux L2-Error = 0.000000113544, Elapsed Time = 9941.791 s
-- (547): k = 0.838898, Angular Flux L2-Error = 0.000000112589, Elapsed Time = 9959.893 s
-- (548): k = 0.838898, Angular Flux L2-Error = 0.000000110910, Elapsed Time = 9977.996 s
-- (549): k = 0.838898, Angular Flux L2-Error = 0.000000109454, Elapsed Time = 9996.100 s
-- (550): k = 0.838898, Angular Flux L2-Error = 0.000000108186, Elapsed Time = 10014.202 s
-- (551): k = 0.838898, Angular Flux L2-Error = 0.000000107075, Elapsed Time = 10038.969 s
-- (552): k = 0.838898, Angular Flux L2-Error = 0.000000107007, Elapsed Time = 10057.004 s
-- (553): k = 0.838898, Angular Flux L2-Error = 0.000000106882, Elapsed Time = 10075.064 s
-- (554): k = 0.838898, Angular Flux L2-Error = 0.000000106855, Elapsed Time = 10093.161 s
-- (555): k = 0.838898, Angular Flux L2-Error = 0.000000106530, Elapsed Time = 10111.275 s
-- (556): k = 0.838898, Angular Flux L2-Error = 0.000000105399, Elapsed Time = 10129.403 s
-- (557): k = 0.838898, Angular Flux L2-Error = 0.000000103680, Elapsed Time = 10147.535 s
-- (558): k = 0.838898, Angular Flux L2-Error = 0.000000102067, Elapsed Time = 10165.670 s
-- (559): k = 0.838898, Angular Flux L2-Error = 0.000000100796, Elapsed Time = 10183.804 s
-- (560): k = 0.838898, Angular Flux L2-Error = 0.000000099787, Elapsed Time = 10201.932 s
-- (561): k = 0.838898, Angular Flux L2-Error = 0.000000099949, Elapsed Time = 10220.054 s
-- (562): k = 0.838898, Angular Flux L2-Error = 0.000000100155, Elapsed Time = 10238.171 s
-- (563): k = 0.838898, Angular Flux L2-Error = 0.000000100179, Elapsed Time = 10256.281 s
-- (564): k = 0.838898, Angular Flux L2-Error = 0.000000099759, Elapsed Time = 10274.389 s
-- (565): k = 0.838898, Angular Flux L2-Error = 0.000000098435, Elapsed Time = 10292.499 s
-- (566): k = 0.838898, Angular Flux L2-Error = 0.000000096588, Elapsed Time = 10310.605 s
-- (567): k = 0.838898, Angular Flux L2-Error = 0.000000094793, Elapsed Time = 10328.706 s
-- (568): k = 0.838898, Angular Flux L2-Error = 0.000000093504, Elapsed Time = 10346.804 s
-- (569): k = 0.838898, Angular Flux L2-Error = 0.000000093041, Elapsed Time = 10364.906 s
-- (570): k = 0.838898, Angular Flux L2-Error = 0.000000093072, Elapsed Time = 10383.011 s
-- (571): k = 0.838898, Angular Flux L2-Error = 0.000000093420, Elapsed Time = 10401.114 s
-- (572): k = 0.838898, Angular Flux L2-Error = 0.000000093538, Elapsed Time = 10419.223 s
-- (573): k = 0.838898, Angular Flux L2-Error = 0.000000092646, Elapsed Time = 10437.325 s
-- (574): k = 0.838898, Angular Flux L2-Error = 0.000000091144, Elapsed Time = 10455.428 s
-- (575): k = 0.838898, Angular Flux L2-Error = 0.000000089220, Elapsed Time = 10473.539 s
-- (576): k = 0.838898, Angular Flux L2-Error = 0.000000087594, Elapsed Time = 10491.646 s
-- (577): k = 0.838898, Angular Flux L2-Error = 0.000000086374, Elapsed Time = 10509.747 s
-- (578): k = 0.838898, Angular Flux L2-Error = 0.000000086394, Elapsed Time = 10527.848 s
-- (579): k = 0.838898, Angular Flux L2-Error = 0.000000086556, Elapsed Time = 10545.952 s
-- (580): k = 0.838898, Angular Flux L2-Error = 0.000000086838, Elapsed Time = 10564.059 s
-- (581): k = 0.838898, Angular Flux L2-Error = 0.000000086593, Elapsed Time = 10582.162 s
-- (582): k = 0.838898, Angular Flux L2-Error = 0.000000085613, Elapsed Time = 10600.263 s
-- (583): k = 0.838898, Angular Flux L2-Error = 0.000000083799, Elapsed Time = 10618.368 s
-- (584): k = 0.838898, Angular Flux L2-Error = 0.000000081936, Elapsed Time = 10636.473 s
-- (585): k = 0.838898, Angular Flux L2-Error = 0.000000080707, Elapsed Time = 10654.580 s
-- (586): k = 0.838898, Angular Flux L2-Error = 0.000000079827, Elapsed Time = 10672.689 s
-- (587): k = 0.838898, Angular Flux L2-Error = 0.000000079943, Elapsed Time = 10690.792 s
-- (588): k = 0.838898, Angular Flux L2-Error = 0.000000080235, Elapsed Time = 10708.897 s
-- (589): k = 0.838898, Angular Flux L2-Error = 0.000000080564, Elapsed Time = 10726.999 s
-- (590): k = 0.838898, Angular Flux L2-Error = 0.000000079776, Elapsed Time = 10745.099 s
-- (591): k = 0.838898, Angular Flux L2-Error = 0.000000078409, Elapsed Time = 10763.196 s
-- (592): k = 0.838898, Angular Flux L2-Error = 0.000000076768, Elapsed Time = 10781.304 s
-- (593): k = 0.838898, Angular Flux L2-Error = 0.000000075295, Elapsed Time = 10799.409 s
-- (594): k = 0.838898, Angular Flux L2-Error = 0.000000074072, Elapsed Time = 10817.515 s
-- (595): k = 0.838898, Angular Flux L2-Error = 0.000000073886, Elapsed Time = 10835.621 s
-- (596): k = 0.838898, Angular Flux L2-Error = 0.000000074092, Elapsed Time = 10853.725 s
-- (597): k = 0.838898, Angular Flux L2-Error = 0.000000074124, Elapsed Time = 10871.830 s
-- (598): k = 0.838898, Angular Flux L2-Error = 0.000000073969, Elapsed Time = 10889.937 s
-- (599): k = 0.838898, Angular Flux L2-Error = 0.000000073077, Elapsed Time = 10908.044 s
-- (600): k = 0.838898, Angular Flux L2-Error = 0.000000071642, Elapsed Time = 10926.153 s
-- (601): k = 0.838898, Angular Flux L2-Error = 0.000000070154, Elapsed Time = 10944.263 s
-- (602): k = 0.838898, Angular Flux L2-Error = 0.000000068937, Elapsed Time = 10962.369 s
-- (603): k = 0.838898, Angular Flux L2-Error = 0.000000068513, Elapsed Time = 10980.476 s
-- (604): k = 0.838898, Angular Flux L2-Error = 0.000000068245, Elapsed Time = 10998.581 s
-- (605): k = 0.838898, Angular Flux L2-Error = 0.000000068341, Elapsed Time = 11016.687 s
-- (606): k = 0.838898, Angular Flux L2-Error = 0.000000068315, Elapsed Time = 11034.791 s
-- (607): k = 0.838898, Angular Flux L2-Error = 0.000000067850, Elapsed Time = 11052.895 s
-- (608): k = 0.838898, Angular Flux L2-Error = 0.000000066686, Elapsed Time = 11070.999 s
-- (609): k = 0.838898, Angular Flux L2-Error = 0.000000065402, Elapsed Time = 11089.104 s
-- (610): k = 0.838898, Angular Flux L2-Error = 0.000000064371, Elapsed Time = 11107.216 s
-- (611): k = 0.838898, Angular Flux L2-Error = 0.000000063523, Elapsed Time = 11125.326 s
-- (612): k = 0.838898, Angular Flux L2-Error = 0.000000063084, Elapsed Time = 11143.434 s
-- (613): k = 0.838898, Angular Flux L2-Error = 0.000000063057, Elapsed Time = 11161.547 s
-- (614): k = 0.838898, Angular Flux L2-Error = 0.000000062881, Elapsed Time = 11179.659 s
-- (615): k = 0.838898, Angular Flux L2-Error = 0.000000062625, Elapsed Time = 11197.769 s
-- (616): k = 0.838898, Angular Flux L2-Error = 0.000000062023, Elapsed Time = 11215.882 s
-- (617): k = 0.838898, Angular Flux L2-Error = 0.000000060950, Elapsed Time = 11233.992 s
-- (618): k = 0.838898, Angular Flux L2-Error = 0.000000059865, Elapsed Time = 11252.101 s
-- (619): k = 0.838898, Angular Flux L2-Error = 0.000000059191, Elapsed Time = 11270.211 s
-- (620): k = 0.838898, Angular Flux L2-Error = 0.000000058472, Elapsed Time = 11288.318 s
-- (621): k = 0.838898, Angular Flux L2-Error = 0.000000058275, Elapsed Time = 11313.026 s
-- (622): k = 0.838898, Angular Flux L2-Error = 0.000000058231, Elapsed Time = 11331.090 s
-- (623): k = 0.838898, Angular Flux L2-Error = 0.000000057870, Elapsed Time = 11349.183 s
-- (624): k = 0.838898, Angular Flux L2-Error = 0.000000057268, Elapsed Time = 11367.308 s
-- (625): k = 0.838898, Angular Flux L2-Error = 0.000000056676, Elapsed Time = 11385.439 s
-- (626): k = 0.838898, Angular Flux L2-Error = 0.000000055833, Elapsed Time = 11403.570 s
-- (627): k = 0.838898, Angular Flux L2-Error = 0.000000055085, Elapsed Time = 11421.711 s
-- (628): k = 0.838898, Angular Flux L2-Error = 0.000000054621, Elapsed Time = 11439.848 s
-- (629): k = 0.838898, Angular Flux L2-Error = 0.000000054065, Elapsed Time = 11457.977 s
-- (630): k = 0.838898, Angular Flux L2-Error = 0.000000053884, Elapsed Time = 11476.098 s
-- (631): k = 0.838898, Angular Flux L2-Error = 0.000000053717, Elapsed Time = 11494.217 s
-- (632): k = 0.838898, Angular Flux L2-Error = 0.000000053172, Elapsed Time = 11512.331 s
-- (633): k = 0.838898, Angular Flux L2-Error = 0.000000052755, Elapsed Time = 11530.437 s
-- (634): k = 0.838898, Angular Flux L2-Error = 0.000000052124, Elapsed Time = 11548.537 s
-- (635): k = 0.838898, Angular Flux L2-Error = 0.000000051357, Elapsed Time = 11566.632 s
-- (636): k = 0.838898, Angular Flux L2-Error = 0.000000050996, Elapsed Time = 11584.733 s
-- (637): k = 0.838898, Angular Flux L2-Error = 0.000000050446, Elapsed Time = 11602.831 s
-- (638): k = 0.838898, Angular Flux L2-Error = 0.000000050103, Elapsed Time = 11620.928 s
-- (639): k = 0.838898, Angular Flux L2-Error = 0.000000050000, Elapsed Time = 11639.025 s
-- (640): k = 0.838898, Angular Flux L2-Error = 0.000000049502, Elapsed Time = 11657.129 s
-- (641): k = 0.838898, Angular Flux L2-Error = 0.000000049054, Elapsed Time = 11675.236 s
-- (642): k = 0.838898, Angular Flux L2-Error = 0.000000048670, Elapsed Time = 11693.337 s
-- (643): k = 0.838898, Angular Flux L2-Error = 0.000000048009, Elapsed Time = 11711.439 s
-- (644): k = 0.838898, Angular Flux L2-Error = 0.000000047700, Elapsed Time = 11729.549 s
-- (645): k = 0.838898, Angular Flux L2-Error = 0.000000047233, Elapsed Time = 11747.656 s
-- (646): k = 0.838898, Angular Flux L2-Error = 0.000000046856, Elapsed Time = 11765.765 s
-- (647): k = 0.838898, Angular Flux L2-Error = 0.000000046696, Elapsed Time = 11783.877 s
-- (648): k = 0.838898, Angular Flux L2-Error = 0.000000046154, Elapsed Time = 11801.985 s
-- (649): k = 0.838898, Angular Flux L2-Error = 0.000000045800, Elapsed Time = 11820.093 s
-- (650): k = 0.838898, Angular Flux L2-Error = 0.000000045463, Elapsed Time = 11838.201 s
-- (651): k = 0.838898, Angular Flux L2-Error = 0.000000044992, Elapsed Time = 11856.307 s
-- (652): k = 0.838898, Angular Flux L2-Error = 0.000000044592, Elapsed Time = 11874.410 s
-- (653): k = 0.838898, Angular Flux L2-Error = 0.000000044209, Elapsed Time = 11892.510 s
-- (654): k = 0.838898, Angular Flux L2-Error = 0.000000043958, Elapsed Time = 11910.612 s
-- (655): k = 0.838898, Angular Flux L2-Error = 0.000000043528, Elapsed Time = 11928.715 s
-- (656): k = 0.838898, Angular Flux L2-Error = 0.000000043296, Elapsed Time = 11946.820 s
-- (657): k = 0.838898, Angular Flux L2-Error = 0.000000042909, Elapsed Time = 11964.924 s
-- (658): k = 0.838898, Angular Flux L2-Error = 0.000000042450, Elapsed Time = 11983.030 s
-- (659): k = 0.838898, Angular Flux L2-Error = 0.000000042210, Elapsed Time = 12001.134 s
-- (660): k = 0.838898, Angular Flux L2-Error = 0.000000041871, Elapsed Time = 12019.238 s
-- (661): k = 0.838898, Angular Flux L2-Error = 0.000000041515, Elapsed Time = 12037.342 s
-- (662): k = 0.838898, Angular Flux L2-Error = 0.000000041191, Elapsed Time = 12055.453 s
-- (663): k = 0.838898, Angular Flux L2-Error = 0.000000040960, Elapsed Time = 12073.560 s
-- (664): k = 0.838898, Angular Flux L2-Error = 0.000000040467, Elapsed Time = 12091.668 s
-- (665): k = 0.838898, Angular Flux L2-Error = 0.000000040182, Elapsed Time = 12109.774 s
-- (666): k = 0.838898, Angular Flux L2-Error = 0.000000039789, Elapsed Time = 12127.880 s
-- (667): k = 0.838898, Angular Flux L2-Error = 0.000000039487, Elapsed Time = 12145.985 s
-- (668): k = 0.838898, Angular Flux L2-Error = 0.000000039294, Elapsed Time = 12164.090 s
-- (669): k = 0.838898, Angular Flux L2-Error = 0.000000039080, Elapsed Time = 12182.195 s
-- (670): k = 0.838898, Angular Flux L2-Error = 0.000000038725, Elapsed Time = 12200.301 s
-- (671): k = 0.838898, Angular Flux L2-Error = 0.000000038368, Elapsed Time = 12218.408 s
-- (672): k = 0.838898, Angular Flux L2-Error = 0.000000038030, Elapsed Time = 12236.516 s
-- (673): k = 0.838898, Angular Flux L2-Error = 0.000000037617, Elapsed Time = 12254.629 s
-- (674): k = 0.838898, Angular Flux L2-Error = 0.000000037231, Elapsed Time = 12272.736 s
-- (675): k = 0.838898, Angular Flux L2-Error = 0.000000037042, Elapsed Time = 12290.841 s
-- (676): k = 0.838898, Angular Flux L2-Error = 0.000000036859, Elapsed Time = 12308.949 s
-- (677): k = 0.838898, Angular Flux L2-Error = 0.000000036629, Elapsed Time = 12327.054 s
-- (678): k = 0.838898, Angular Flux L2-Error = 0.000000036458, Elapsed Time = 12345.160 s
-- (679): k = 0.838898, Angular Flux L2-Error = 0.000000036131, Elapsed Time = 12363.274 s
-- (680): k = 0.838898, Angular Flux L2-Error = 0.000000035645, Elapsed Time = 12381.392 s
-- (681): k = 0.838898, Angular Flux L2-Error = 0.000000035213, Elapsed Time = 12399.504 s
-- (682): k = 0.838898, Angular Flux L2-Error = 0.000000034907, Elapsed Time = 12417.612 s
-- (683): k = 0.838898, Angular Flux L2-Error = 0.000000034573, Elapsed Time = 12435.721 s
-- (684): k = 0.838898, Angular Flux L2-Error = 0.000000034452, Elapsed Time = 12453.826 s
-- (685): k = 0.838898, Angular Flux L2-Error = 0.000000034414, Elapsed Time = 12471.929 s
-- (686): k = 0.838898, Angular Flux L2-Error = 0.000000034272, Elapsed Time = 12490.037 s
-- (687): k = 0.838898, Angular Flux L2-Error = 0.000000033903, Elapsed Time = 12508.143 s
-- (688): k = 0.838898, Angular Flux L2-Error = 0.000000033471, Elapsed Time = 12526.250 s
-- (689): k = 0.838898, Angular Flux L2-Error = 0.000000033021, Elapsed Time = 12544.351 s
-- (690): k = 0.838898, Angular Flux L2-Error = 0.000000032543, Elapsed Time = 12569.161 s
-- (691): k = 0.838898, Angular Flux L2-Error = 0.000000032293, Elapsed Time = 12587.216 s
-- (692): k = 0.838898, Angular Flux L2-Error = 0.000000032181, Elapsed Time = 12605.295 s
-- (693): k = 0.838898, Angular Flux L2-Error = 0.000000032163, Elapsed Time = 12623.404 s
-- (694): k = 0.838898, Angular Flux L2-Error = 0.000000032091, Elapsed Time = 12641.517 s
-- (695): k = 0.838898, Angular Flux L2-Error = 0.000000031833, Elapsed Time = 12659.638 s
-- (696): k = 0.838898, Angular Flux L2-Error = 0.000000031436, Elapsed Time = 12677.769 s
-- (697): k = 0.838898, Angular Flux L2-Error = 0.000000030831, Elapsed Time = 12695.898 s
-- (698): k = 0.838898, Angular Flux L2-Error = 0.000000030372, Elapsed Time = 12714.025 s
-- (699): k = 0.838898, Angular Flux L2-Error = 0.000000030108, Elapsed Time = 12732.142 s
-- (700): k = 0.838898, Angular Flux L2-Error = 0.000000029931, Elapsed Time = 12750.253 s
-- (701): k = 0.838898, Angular Flux L2-Error = 0.000000029940, Elapsed Time = 12768.358 s
-- (702): k = 0.838898, Angular Flux L2-Error = 0.000000029996, Elapsed Time = 12786.458 s
-- (703): k = 0.838898, Angular Flux L2-Error = 0.000000029827, Elapsed Time = 12804.559 s
-- (704): k = 0.838898, Angular Flux L2-Error = 0.000000029370, Elapsed Time = 12822.660 s
-- (705): k = 0.838898, Angular Flux L2-Error = 0.000000028847, Elapsed Time = 12840.760 s
-- (706): k = 0.838898, Angular Flux L2-Error = 0.000000028331, Elapsed Time = 12858.864 s
-- (707): k = 0.838898, Angular Flux L2-Error = 0.000000027960, Elapsed Time = 12876.967 s
-- (708): k = 0.838898, Angular Flux L2-Error = 0.000000027812, Elapsed Time = 12895.068 s
-- (709): k = 0.838898, Angular Flux L2-Error = 0.000000027882, Elapsed Time = 12913.171 s
-- (710): k = 0.838898, Angular Flux L2-Error = 0.000000027910, Elapsed Time = 12931.275 s
-- (711): k = 0.838898, Angular Flux L2-Error = 0.000000027745, Elapsed Time = 12949.375 s
-- (712): k = 0.838898, Angular Flux L2-Error = 0.000000027468, Elapsed Time = 12967.478 s
-- (713): k = 0.838898, Angular Flux L2-Error = 0.000000026968, Elapsed Time = 12985.583 s
-- (714): k = 0.838898, Angular Flux L2-Error = 0.000000026452, Elapsed Time = 13003.689 s
-- (715): k = 0.838898, Angular Flux L2-Error = 0.000000026011, Elapsed Time = 13021.795 s
-- (716): k = 0.838898, Angular Flux L2-Error = 0.000000025811, Elapsed Time = 13039.902 s
-- (717): k = 0.838898, Angular Flux L2-Error = 0.000000025829, Elapsed Time = 13058.005 s
-- (718): k = 0.838898, Angular Flux L2-Error = 0.000000025912, Elapsed Time = 13076.105 s
-- (719): k = 0.838898, Angular Flux L2-Error = 0.000000025830, Elapsed Time = 13094.209 s
-- (720): k = 0.838898, Angular Flux L2-Error = 0.000000025576, Elapsed Time = 13112.320 s
-- (721): k = 0.838898, Angular Flux L2-Error = 0.000000025150, Elapsed Time = 13130.429 s
-- (722): k = 0.838898, Angular Flux L2-Error = 0.000000024644, Elapsed Time = 13148.530 s
-- (723): k = 0.838898, Angular Flux L2-Error = 0.000000024171, Elapsed Time = 13166.634 s
-- (724): k = 0.838898, Angular Flux L2-Error = 0.000000024024, Elapsed Time = 13184.737 s
-- (725): k = 0.838898, Angular Flux L2-Error = 0.000000023878, Elapsed Time = 13202.837 s
-- (726): k = 0.838898, Angular Flux L2-Error = 0.000000023944, Elapsed Time = 13220.932 s
-- (727): k = 0.838898, Angular Flux L2-Error = 0.000000023932, Elapsed Time = 13239.026 s
-- (728): k = 0.838898, Angular Flux L2-Error = 0.000000023783, Elapsed Time = 13257.117 s
-- (729): k = 0.838898, Angular Flux L2-Error = 0.000000023392, Elapsed Time = 13275.216 s
-- (730): k = 0.838898, Angular Flux L2-Error = 0.000000022910, Elapsed Time = 13293.316 s
-- (731): k = 0.838898, Angular Flux L2-Error = 0.000000022503, Elapsed Time = 13311.412 s
-- (732): k = 0.838898, Angular Flux L2-Error = 0.000000022300, Elapsed Time = 13329.513 s
-- (733): k = 0.838898, Angular Flux L2-Error = 0.000000022174, Elapsed Time = 13347.612 s
-- (734): k = 0.838898, Angular Flux L2-Error = 0.000000022177, Elapsed Time = 13365.710 s
-- (735): k = 0.838898, Angular Flux L2-Error = 0.000000022201, Elapsed Time = 13383.809 s
-- (736): k = 0.838898, Angular Flux L2-Error = 0.000000022033, Elapsed Time = 13401.916 s
-- (737): k = 0.838898, Angular Flux L2-Error = 0.000000021711, Elapsed Time = 13420.018 s
-- (738): k = 0.838898, Angular Flux L2-Error = 0.000000021313, Elapsed Time = 13438.122 s
-- (739): k = 0.838898, Angular Flux L2-Error = 0.000000020980, Elapsed Time = 13456.225 s
-- (740): k = 0.838898, Angular Flux L2-Error = 0.000000020698, Elapsed Time = 13474.326 s
-- (741): k = 0.838898, Angular Flux L2-Error = 0.000000020585, Elapsed Time = 13492.428 s
-- (742): k = 0.838898, Angular Flux L2-Error = 0.000000020604, Elapsed Time = 13510.532 s
-- (743): k = 0.838898, Angular Flux L2-Error = 0.000000020556, Elapsed Time = 13528.637 s
-- (744): k = 0.838898, Angular Flux L2-Error = 0.000000020427, Elapsed Time = 13546.741 s
-- (745): k = 0.838898, Angular Flux L2-Error = 0.000000020189, Elapsed Time = 13564.845 s
-- (746): k = 0.838898, Angular Flux L2-Error = 0.000000019828, Elapsed Time = 13582.946 s
-- (747): k = 0.838898, Angular Flux L2-Error = 0.000000019498, Elapsed Time = 13601.050 s
-- (748): k = 0.838898, Angular Flux L2-Error = 0.000000019262, Elapsed Time = 13619.155 s
-- (749): k = 0.838898, Angular Flux L2-Error = 0.000000019196, Elapsed Time = 13637.264 s
-- (750): k = 0.838898, Angular Flux L2-Error = 0.000000019075, Elapsed Time = 13655.371 s
-- (751): k = 0.838898, Angular Flux L2-Error = 0.000000019039, Elapsed Time = 13673.478 s
-- (752): k = 0.838898, Angular Flux L2-Error = 0.000000018942, Elapsed Time = 13691.591 s
-- (753): k = 0.838898, Angular Flux L2-Error = 0.000000018719, Elapsed Time = 13709.703 s
-- (754): k = 0.838898, Angular Flux L2-Error = 0.000000018423, Elapsed Time = 13727.820 s
-- (755): k = 0.838898, Angular Flux L2-Error = 0.000000018131, Elapsed Time = 13745.936 s
-- (756): k = 0.838898, Angular Flux L2-Error = 0.000000017954, Elapsed Time = 13764.045 s
-- (757): k = 0.838898, Angular Flux L2-Error = 0.000000017818, Elapsed Time = 13782.155 s
-- (758): k = 0.838898, Angular Flux L2-Error = 0.000000017756, Elapsed Time = 13800.272 s
-- (759): k = 0.838898, Angular Flux L2-Error = 0.000000017705, Elapsed Time = 13825.231 s
-- (760): k = 0.838898, Angular Flux L2-Error = 0.000000017581, Elapsed Time = 13843.288 s
-- (761): k = 0.838898, Angular Flux L2-Error = 0.000000017371, Elapsed Time = 13861.371 s
-- (762): k = 0.838898, Angular Flux L2-Error = 0.000000017160, Elapsed Time = 13879.476 s
-- (763): k = 0.838898, Angular Flux L2-Error = 0.000000016900, Elapsed Time = 13897.598 s
-- (764): k = 0.838898, Angular Flux L2-Error = 0.000000016705, Elapsed Time = 13915.736 s
-- (765): k = 0.838898, Angular Flux L2-Error = 0.000000016595, Elapsed Time = 13933.874 s
-- (766): k = 0.838898, Angular Flux L2-Error = 0.000000016572, Elapsed Time = 13952.009 s
-- (767): k = 0.838898, Angular Flux L2-Error = 0.000000016463, Elapsed Time = 13970.140 s
-- (768): k = 0.838898, Angular Flux L2-Error = 0.000000016337, Elapsed Time = 13988.265 s
-- (769): k = 0.838898, Angular Flux L2-Error = 0.000000016159, Elapsed Time = 14006.389 s
-- (770): k = 0.838898, Angular Flux L2-Error = 0.000000015969, Elapsed Time = 14024.507 s
-- (771): k = 0.838898, Angular Flux L2-Error = 0.000000015722, Elapsed Time = 14042.623 s
-- (772): k = 0.838898, Angular Flux L2-Error = 0.000000015591, Elapsed Time = 14060.732 s
-- (773): k = 0.838898, Angular Flux L2-Error = 0.000000015511, Elapsed Time = 14078.834 s
-- (774): k = 0.838898, Angular Flux L2-Error = 0.000000015420, Elapsed Time = 14096.934 s
-- (775): k = 0.838898, Angular Flux L2-Error = 0.000000015336, Elapsed Time = 14115.036 s
-- (776): k = 0.838898, Angular Flux L2-Error = 0.000000015218, Elapsed Time = 14133.133 s
-- (777): k = 0.838898, Angular Flux L2-Error = 0.000000015049, Elapsed Time = 14151.228 s
-- (778): k = 0.838898, Angular Flux L2-Error = 0.000000014845, Elapsed Time = 14169.321 s
-- (779): k = 0.838898, Angular Flux L2-Error = 0.000000014688, Elapsed Time = 14187.417 s
-- (780): k = 0.838898, Angular Flux L2-Error = 0.000000014547, Elapsed Time = 14205.514 s
-- (781): k = 0.838898, Angular Flux L2-Error = 0.000000014453, Elapsed Time = 14223.611 s
-- (782): k = 0.838898, Angular Flux L2-Error = 0.000000014401, Elapsed Time = 14241.708 s
-- (783): k = 0.838898, Angular Flux L2-Error = 0.000000014337, Elapsed Time = 14259.805 s
-- (784): k = 0.838898, Angular Flux L2-Error = 0.000000014196, Elapsed Time = 14277.900 s
-- (785): k = 0.838898, Angular Flux L2-Error = 0.000000013999, Elapsed Time = 14295.991 s
-- (786): k = 0.838898, Angular Flux L2-Error = 0.000000013837, Elapsed Time = 14314.088 s
-- (787): k = 0.838898, Angular Flux L2-Error = 0.000000013702, Elapsed Time = 14332.188 s
-- (788): k = 0.838898, Angular Flux L2-Error = 0.000000013572, Elapsed Time = 14350.289 s
-- (789): k = 0.838898, Angular Flux L2-Error = 0.000000013543, Elapsed Time = 14368.389 s
-- (790): k = 0.838898, Angular Flux L2-Error = 0.000000013438, Elapsed Time = 14386.489 s
-- (791): k = 0.838898, Angular Flux L2-Error = 0.000000013371, Elapsed Time = 14404.584 s
-- (792): k = 0.838898, Angular Flux L2-Error = 0.000000013241, Elapsed Time = 14422.679 s
-- (793): k = 0.838898, Angular Flux L2-Error = 0.000000013075, Elapsed Time = 14440.779 s
-- (794): k = 0.838898, Angular Flux L2-Error = 0.000000012878, Elapsed Time = 14458.879 s
-- (795): k = 0.838898, Angular Flux L2-Error = 0.000000012747, Elapsed Time = 14476.972 s
-- (796): k = 0.838898, Angular Flux L2-Error = 0.000000012674, Elapsed Time = 14495.066 s
-- (797): k = 0.838898, Angular Flux L2-Error = 0.000000012622, Elapsed Time = 14513.163 s
-- (798): k = 0.838898, Angular Flux L2-Error = 0.000000012570, Elapsed Time = 14531.262 s
-- (799): k = 0.838898, Angular Flux L2-Error = 0.000000012485, Elapsed Time = 14549.360 s
-- (800): k = 0.838898, Angular Flux L2-Error = 0.000000012368, Elapsed Time = 14567.453 s
-- (801): k = 0.838898, Angular Flux L2-Error = 0.000000012188, Elapsed Time = 14585.549 s
-- (802): k = 0.838898, Angular Flux L2-Error = 0.000000011994, Elapsed Time = 14603.645 s
-- (803): k = 0.838898, Angular Flux L2-Error = 0.000000011902, Elapsed Time = 14621.741 s
-- (804): k = 0.838898, Angular Flux L2-Error = 0.000000011819, Elapsed Time = 14639.833 s
-- (805): k = 0.838898, Angular Flux L2-Error = 0.000000011782, Elapsed Time = 14657.926 s
-- (806): k = 0.838898, Angular Flux L2-Error = 0.000000011764, Elapsed Time = 14676.017 s
-- (807): k = 0.838898, Angular Flux L2-Error = 0.000000011650, Elapsed Time = 14694.113 s
-- (808): k = 0.838898, Angular Flux L2-Error = 0.000000011533, Elapsed Time = 14712.207 s
-- (809): k = 0.838898, Angular Flux L2-Error = 0.000000011347, Elapsed Time = 14730.300 s
-- (810): k = 0.838898, Angular Flux L2-Error = 0.000000011194, Elapsed Time = 14748.396 s
-- (811): k = 0.838898, Angular Flux L2-Error = 0.000000011062, Elapsed Time = 14766.495 s
-- (812): k = 0.838898, Angular Flux L2-Error = 0.000000011006, Elapsed Time = 14784.593 s
-- (813): k = 0.838898, Angular Flux L2-Error = 0.000000010992, Elapsed Time = 14802.692 s
-- (814): k = 0.838898, Angular Flux L2-Error = 0.000000010986, Elapsed Time = 14820.786 s
-- (815): k = 0.838898, Angular Flux L2-Error = 0.000000010904, Elapsed Time = 14838.879 s
-- (816): k = 0.838898, Angular Flux L2-Error = 0.000000010752, Elapsed Time = 14856.973 s
-- (817): k = 0.838898, Angular Flux L2-Error = 0.000000010571, Elapsed Time = 14875.069 s
-- (818): k = 0.838898, Angular Flux L2-Error = 0.000000010419, Elapsed Time = 14893.164 s
-- (819): k = 0.838898, Angular Flux L2-Error = 0.000000010287, Elapsed Time = 14911.257 s
-- (820): k = 0.838898, Angular Flux L2-Error = 0.000000010242, Elapsed Time = 14929.349 s
-- (821): k = 0.838898, Angular Flux L2-Error = 0.000000010249, Elapsed Time = 14947.446 s
-- (822): k = 0.838898, Angular Flux L2-Error = 0.000000010242, Elapsed Time = 14965.541 s
-- (823): k = 0.838898, Angular Flux L2-Error = 0.000000010180, Elapsed Time = 14983.636 s
-- (824): k = 0.838898, Angular Flux L2-Error = 0.000000010017, Elapsed Time = 15001.724 s
-- (825): k = 0.838898, Angular Flux L2-Error = 0.000000009834, Elapsed Time = 15026.458 s
-- Converged!
Mixed (rounded)
Total Compression: 3260844.513754555
Ranks: [6, 6, 5, 6, 23, 9]
Running power iteration on GPU 0
-- (0): k = 0.157434, Angular Flux L2-Error = 2.082344401118, Elapsed Time = 115.694 s
-- (1): k = 0.140606, Angular Flux L2-Error = 0.833523913319, Elapsed Time = 231.156 s
-- (2): k = 0.150405, Angular Flux L2-Error = 0.432360619552, Elapsed Time = 353.253 s
-- (3): k = 0.180275, Angular Flux L2-Error = 0.269978362616, Elapsed Time = 468.738 s
-- (4): k = 0.223035, Angular Flux L2-Error = 0.191110326454, Elapsed Time = 584.212 s
-- (5): k = 0.272808, Angular Flux L2-Error = 0.143199119057, Elapsed Time = 699.690 s
-- (6): k = 0.325710, Angular Flux L2-Error = 0.111871628547, Elapsed Time = 815.148 s
-- (7): k = 0.378944, Angular Flux L2-Error = 0.089505414149, Elapsed Time = 930.611 s
-- (8): k = 0.430666, Angular Flux L2-Error = 0.072814900361, Elapsed Time = 1046.065 s
-- (9): k = 0.479488, Angular Flux L2-Error = 0.059686548917, Elapsed Time = 1161.525 s
-- (10): k = 0.524703, Angular Flux L2-Error = 0.049326623024, Elapsed Time = 1277.005 s
-- (11): k = 0.565924, Angular Flux L2-Error = 0.040969122342, Elapsed Time = 1392.498 s
-- (12): k = 0.602996, Angular Flux L2-Error = 0.034119680298, Elapsed Time = 1507.982 s
-- (13): k = 0.636020, Angular Flux L2-Error = 0.028515304664, Elapsed Time = 1630.115 s
-- (14): k = 0.665140, Angular Flux L2-Error = 0.023843211034, Elapsed Time = 1745.609 s
-- (15): k = 0.690650, Angular Flux L2-Error = 0.019981096737, Elapsed Time = 1861.118 s
-- (16): k = 0.712836, Angular Flux L2-Error = 0.016745557472, Elapsed Time = 1976.627 s
-- (17): k = 0.732025, Angular Flux L2-Error = 0.014043879767, Elapsed Time = 2092.133 s
-- (18): k = 0.748543, Angular Flux L2-Error = 0.011785881842, Elapsed Time = 2207.633 s
-- (19): k = 0.762692, Angular Flux L2-Error = 0.009886966485, Elapsed Time = 2323.125 s
-- (20): k = 0.774758, Angular Flux L2-Error = 0.008294699915, Elapsed Time = 2438.621 s
-- (21): k = 0.785023, Angular Flux L2-Error = 0.006968629726, Elapsed Time = 2554.116 s
-- (22): k = 0.793723, Angular Flux L2-Error = 0.005854106341, Elapsed Time = 2669.612 s
-- (23): k = 0.801078, Angular Flux L2-Error = 0.004922071038, Elapsed Time = 2791.750 s
-- (24): k = 0.807279, Angular Flux L2-Error = 0.004142524337, Elapsed Time = 2907.248 s
-- (25): k = 0.812495, Angular Flux L2-Error = 0.003489705600, Elapsed Time = 3022.736 s
-- (26): k = 0.816879, Angular Flux L2-Error = 0.002948610321, Elapsed Time = 3138.209 s
-- (27): k = 0.820551, Angular Flux L2-Error = 0.002492201815, Elapsed Time = 3253.697 s
-- (28): k = 0.823621, Angular Flux L2-Error = 0.002112202779, Elapsed Time = 3369.192 s
-- (29): k = 0.826189, Angular Flux L2-Error = 0.001800700107, Elapsed Time = 3484.674 s
-- (30): k = 0.828332, Angular Flux L2-Error = 0.001540253734, Elapsed Time = 3600.146 s
-- (31): k = 0.830119, Angular Flux L2-Error = 0.001325251251, Elapsed Time = 3715.639 s
-- (32): k = 0.831604, Angular Flux L2-Error = 0.001145988897, Elapsed Time = 3831.135 s
-- (33): k = 0.832842, Angular Flux L2-Error = 0.001001374993, Elapsed Time = 3946.645 s
-- (34): k = 0.833870, Angular Flux L2-Error = 0.000880195559, Elapsed Time = 4068.819 s
-- (35): k = 0.834724, Angular Flux L2-Error = 0.000780613915, Elapsed Time = 4184.322 s
-- (36): k = 0.835434, Angular Flux L2-Error = 0.000700841536, Elapsed Time = 4299.832 s
-- (37): k = 0.836023, Angular Flux L2-Error = 0.000633035010, Elapsed Time = 4415.332 s
-- (38): k = 0.836511, Angular Flux L2-Error = 0.000576869756, Elapsed Time = 4530.818 s
-- (39): k = 0.836916, Angular Flux L2-Error = 0.000530894188, Elapsed Time = 4646.320 s
-- (40): k = 0.837252, Angular Flux L2-Error = 0.000490848965, Elapsed Time = 4761.811 s
-- (41): k = 0.837531, Angular Flux L2-Error = 0.000457014732, Elapsed Time = 4877.294 s
-- (42): k = 0.837761, Angular Flux L2-Error = 0.000426895336, Elapsed Time = 4992.790 s
-- (43): k = 0.837952, Angular Flux L2-Error = 0.000402540204, Elapsed Time = 5108.286 s
-- (44): k = 0.838110, Angular Flux L2-Error = 0.000379205489, Elapsed Time = 5223.770 s
-- (45): k = 0.838241, Angular Flux L2-Error = 0.000358714960, Elapsed Time = 5345.817 s
-- (46): k = 0.838350, Angular Flux L2-Error = 0.000341825720, Elapsed Time = 5461.321 s
-- (47): k = 0.838440, Angular Flux L2-Error = 0.000326185116, Elapsed Time = 5576.788 s
-- (48): k = 0.838515, Angular Flux L2-Error = 0.000311347179, Elapsed Time = 5692.282 s
-- (49): k = 0.838577, Angular Flux L2-Error = 0.000298328949, Elapsed Time = 5807.768 s
-- (50): k = 0.838628, Angular Flux L2-Error = 0.000286459856, Elapsed Time = 5923.256 s
-- (51): k = 0.838671, Angular Flux L2-Error = 0.000274914090, Elapsed Time = 6038.736 s
-- (52): k = 0.838707, Angular Flux L2-Error = 0.000263551628, Elapsed Time = 6154.207 s
-- (53): k = 0.838736, Angular Flux L2-Error = 0.000253099336, Elapsed Time = 6269.667 s
-- (54): k = 0.838761, Angular Flux L2-Error = 0.000243825954, Elapsed Time = 6385.127 s
-- (55): k = 0.838781, Angular Flux L2-Error = 0.000235295506, Elapsed Time = 6500.595 s
-- (56): k = 0.838798, Angular Flux L2-Error = 0.000226866817, Elapsed Time = 6622.718 s
-- (57): k = 0.838813, Angular Flux L2-Error = 0.000218935701, Elapsed Time = 6738.185 s
-- (58): k = 0.838825, Angular Flux L2-Error = 0.000212781105, Elapsed Time = 6853.666 s
-- (59): k = 0.838835, Angular Flux L2-Error = 0.000206045495, Elapsed Time = 6969.138 s
-- (60): k = 0.838844, Angular Flux L2-Error = 0.000199279155, Elapsed Time = 7084.607 s
-- (61): k = 0.838851, Angular Flux L2-Error = 0.000191028712, Elapsed Time = 7200.073 s
-- (62): k = 0.838857, Angular Flux L2-Error = 0.000185014984, Elapsed Time = 7315.554 s
-- (63): k = 0.838862, Angular Flux L2-Error = 0.000180848406, Elapsed Time = 7431.059 s
-- (64): k = 0.838867, Angular Flux L2-Error = 0.000176300581, Elapsed Time = 7546.546 s
-- (65): k = 0.838871, Angular Flux L2-Error = 0.000169359363, Elapsed Time = 7662.055 s
-- (66): k = 0.838874, Angular Flux L2-Error = 0.000161019685, Elapsed Time = 7777.558 s
-- (67): k = 0.838877, Angular Flux L2-Error = 0.000155147214, Elapsed Time = 7899.632 s
-- (68): k = 0.838879, Angular Flux L2-Error = 0.000152294480, Elapsed Time = 8015.143 s
-- (69): k = 0.838881, Angular Flux L2-Error = 0.000148385925, Elapsed Time = 8130.664 s
-- (70): k = 0.838883, Angular Flux L2-Error = 0.000142413712, Elapsed Time = 8246.186 s
-- (71): k = 0.838885, Angular Flux L2-Error = 0.000137724162, Elapsed Time = 8361.696 s
-- (72): k = 0.838886, Angular Flux L2-Error = 0.000134611462, Elapsed Time = 8477.216 s
-- (73): k = 0.838888, Angular Flux L2-Error = 0.000131496711, Elapsed Time = 8592.728 s
-- (74): k = 0.838889, Angular Flux L2-Error = 0.000126700051, Elapsed Time = 8708.259 s
-- (75): k = 0.838890, Angular Flux L2-Error = 0.000122659640, Elapsed Time = 8823.777 s
-- (76): k = 0.838891, Angular Flux L2-Error = 0.000120191661, Elapsed Time = 8939.296 s
-- (77): k = 0.838892, Angular Flux L2-Error = 0.000118270116, Elapsed Time = 9054.823 s
-- (78): k = 0.838893, Angular Flux L2-Error = 0.000115742248, Elapsed Time = 9176.883 s
-- (79): k = 0.838893, Angular Flux L2-Error = 0.000112538293, Elapsed Time = 9292.418 s
-- (80): k = 0.838894, Angular Flux L2-Error = 0.000110251961, Elapsed Time = 9407.960 s
-- (81): k = 0.838895, Angular Flux L2-Error = 0.000107789929, Elapsed Time = 9523.487 s
-- (82): k = 0.838895, Angular Flux L2-Error = 0.000105913160, Elapsed Time = 9639.007 s
-- (83): k = 0.838896, Angular Flux L2-Error = 0.000104034931, Elapsed Time = 9754.515 s
-- (84): k = 0.838896, Angular Flux L2-Error = 0.000102848828, Elapsed Time = 9870.033 s
-- (85): k = 0.838897, Angular Flux L2-Error = 0.000101468386, Elapsed Time = 9985.557 s
-- (86): k = 0.838897, Angular Flux L2-Error = 0.000100706285, Elapsed Time = 10101.078 s
-- (87): k = 0.838898, Angular Flux L2-Error = 0.000098765984, Elapsed Time = 10216.601 s
-- (88): k = 0.838898, Angular Flux L2-Error = 0.000097244380, Elapsed Time = 10332.113 s
-- (89): k = 0.838899, Angular Flux L2-Error = 0.000097201000, Elapsed Time = 10454.105 s
-- (90): k = 0.838899, Angular Flux L2-Error = 0.000096955044, Elapsed Time = 10569.616 s
-- (91): k = 0.838899, Angular Flux L2-Error = 0.000096308547, Elapsed Time = 10685.134 s
-- (92): k = 0.838900, Angular Flux L2-Error = 0.000095222395, Elapsed Time = 10800.636 s
-- (93): k = 0.838900, Angular Flux L2-Error = 0.000092998383, Elapsed Time = 10916.143 s
-- (94): k = 0.838900, Angular Flux L2-Error = 0.000091713853, Elapsed Time = 11031.648 s
-- (95): k = 0.838900, Angular Flux L2-Error = 0.000090316357, Elapsed Time = 11147.152 s
-- (96): k = 0.838900, Angular Flux L2-Error = 0.000088852381, Elapsed Time = 11262.649 s
-- (97): k = 0.838901, Angular Flux L2-Error = 0.000087511173, Elapsed Time = 11378.157 s
-- (98): k = 0.838901, Angular Flux L2-Error = 0.000086759646, Elapsed Time = 11493.671 s
-- (99): k = 0.838901, Angular Flux L2-Error = 0.000084725840, Elapsed Time = 11615.872 s
-- (100): k = 0.838901, Angular Flux L2-Error = 0.000082400371, Elapsed Time = 11731.377 s
-- (101): k = 0.838901, Angular Flux L2-Error = 0.000081176986, Elapsed Time = 11846.890 s
-- (102): k = 0.838901, Angular Flux L2-Error = 0.000080820968, Elapsed Time = 11962.400 s
-- (103): k = 0.838901, Angular Flux L2-Error = 0.000079292956, Elapsed Time = 12077.914 s
-- (104): k = 0.838901, Angular Flux L2-Error = 0.000076766493, Elapsed Time = 12193.414 s
-- (105): k = 0.838901, Angular Flux L2-Error = 0.000075315292, Elapsed Time = 12308.919 s
-- (106): k = 0.838901, Angular Flux L2-Error = 0.000074399243, Elapsed Time = 12424.422 s
-- (107): k = 0.838901, Angular Flux L2-Error = 0.000072390534, Elapsed Time = 12539.947 s
-- (108): k = 0.838901, Angular Flux L2-Error = 0.000070077457, Elapsed Time = 12655.468 s
-- (109): k = 0.838901, Angular Flux L2-Error = 0.000068875170, Elapsed Time = 12770.975 s
-- (110): k = 0.838901, Angular Flux L2-Error = 0.000068180966, Elapsed Time = 12893.156 s
-- (111): k = 0.838901, Angular Flux L2-Error = 0.000066840179, Elapsed Time = 13008.687 s
-- (112): k = 0.838901, Angular Flux L2-Error = 0.000064788487, Elapsed Time = 13124.217 s
-- (113): k = 0.838901, Angular Flux L2-Error = 0.000063577006, Elapsed Time = 13239.754 s
-- (114): k = 0.838901, Angular Flux L2-Error = 0.000062796713, Elapsed Time = 13355.274 s
-- (115): k = 0.838901, Angular Flux L2-Error = 0.000061501082, Elapsed Time = 13470.799 s
-- (116): k = 0.838901, Angular Flux L2-Error = 0.000059994134, Elapsed Time = 13586.318 s
-- (117): k = 0.838901, Angular Flux L2-Error = 0.000058404174, Elapsed Time = 13701.821 s
-- (118): k = 0.838901, Angular Flux L2-Error = 0.000057035440, Elapsed Time = 13817.352 s
-- (119): k = 0.838901, Angular Flux L2-Error = 0.000055595426, Elapsed Time = 13932.877 s
-- (120): k = 0.838901, Angular Flux L2-Error = 0.000054088159, Elapsed Time = 14048.393 s
-- (121): k = 0.838901, Angular Flux L2-Error = 0.000052865420, Elapsed Time = 14170.654 s
-- (122): k = 0.838901, Angular Flux L2-Error = 0.000051413278, Elapsed Time = 14286.165 s
-- (123): k = 0.838901, Angular Flux L2-Error = 0.000049905348, Elapsed Time = 14401.687 s
-- (124): k = 0.838901, Angular Flux L2-Error = 0.000048345253, Elapsed Time = 14517.212 s
-- (125): k = 0.838901, Angular Flux L2-Error = 0.000046943066, Elapsed Time = 14632.734 s
-- (126): k = 0.838901, Angular Flux L2-Error = 0.000045499689, Elapsed Time = 14748.248 s
-- (127): k = 0.838901, Angular Flux L2-Error = 0.000044403637, Elapsed Time = 14863.779 s
-- (128): k = 0.838901, Angular Flux L2-Error = 0.000043134349, Elapsed Time = 14979.311 s
-- (129): k = 0.838901, Angular Flux L2-Error = 0.000041736806, Elapsed Time = 15094.822 s
-- (130): k = 0.838901, Angular Flux L2-Error = 0.000040173086, Elapsed Time = 15210.332 s
-- (131): k = 0.838901, Angular Flux L2-Error = 0.000038978421, Elapsed Time = 15325.850 s
-- (132): k = 0.838901, Angular Flux L2-Error = 0.000037716419, Elapsed Time = 15448.001 s
-- (133): k = 0.838901, Angular Flux L2-Error = 0.000036604361, Elapsed Time = 15563.508 s
-- (134): k = 0.838901, Angular Flux L2-Error = 0.000035630724, Elapsed Time = 15679.022 s
-- (135): k = 0.838901, Angular Flux L2-Error = 0.000034847236, Elapsed Time = 15794.538 s
-- (136): k = 0.838901, Angular Flux L2-Error = 0.000034204203, Elapsed Time = 15910.066 s
-- (137): k = 0.838901, Angular Flux L2-Error = 0.000033228760, Elapsed Time = 16025.581 s
-- (138): k = 0.838901, Angular Flux L2-Error = 0.000032011181, Elapsed Time = 16141.087 s
-- (139): k = 0.838901, Angular Flux L2-Error = 0.000030966576, Elapsed Time = 16256.597 s
-- (140): k = 0.838901, Angular Flux L2-Error = 0.000029820582, Elapsed Time = 16372.102 s
-- (141): k = 0.838901, Angular Flux L2-Error = 0.000028534514, Elapsed Time = 16487.608 s
-- (142): k = 0.838901, Angular Flux L2-Error = 0.000027739464, Elapsed Time = 16603.115 s
-- (143): k = 0.838901, Angular Flux L2-Error = 0.000027294231, Elapsed Time = 16725.051 s
-- (144): k = 0.838901, Angular Flux L2-Error = 0.000027119722, Elapsed Time = 16840.540 s
-- (145): k = 0.838901, Angular Flux L2-Error = 0.000026309175, Elapsed Time = 16956.044 s
-- (146): k = 0.838901, Angular Flux L2-Error = 0.000025473052, Elapsed Time = 17071.551 s
-- (147): k = 0.838901, Angular Flux L2-Error = 0.000024825849, Elapsed Time = 17187.065 s
-- (148): k = 0.838901, Angular Flux L2-Error = 0.000024310677, Elapsed Time = 17302.571 s
-- (149): k = 0.838901, Angular Flux L2-Error = 0.000023590340, Elapsed Time = 17418.070 s
-- (150): k = 0.838901, Angular Flux L2-Error = 0.000022983985, Elapsed Time = 17533.571 s
-- (151): k = 0.838901, Angular Flux L2-Error = 0.000022535428, Elapsed Time = 17649.081 s
-- (152): k = 0.838901, Angular Flux L2-Error = 0.000022192487, Elapsed Time = 17764.600 s
-- (153): k = 0.838901, Angular Flux L2-Error = 0.000021312135, Elapsed Time = 17880.115 s
-- (154): k = 0.838901, Angular Flux L2-Error = 0.000020668552, Elapsed Time = 18002.170 s
-- (155): k = 0.838901, Angular Flux L2-Error = 0.000020145817, Elapsed Time = 18117.669 s
-- (156): k = 0.838901, Angular Flux L2-Error = 0.000019607832, Elapsed Time = 18233.165 s
-- (157): k = 0.838901, Angular Flux L2-Error = 0.000018934924, Elapsed Time = 18348.681 s
-- (158): k = 0.838901, Angular Flux L2-Error = 0.000018257940, Elapsed Time = 18464.184 s
-- (159): k = 0.838901, Angular Flux L2-Error = 0.000017591938, Elapsed Time = 18579.706 s
-- (160): k = 0.838901, Angular Flux L2-Error = 0.000017012319, Elapsed Time = 18695.223 s
-- (161): k = 0.838901, Angular Flux L2-Error = 0.000016503261, Elapsed Time = 18810.742 s
-- (162): k = 0.838902, Angular Flux L2-Error = 0.000016165611, Elapsed Time = 18926.260 s
-- (163): k = 0.838902, Angular Flux L2-Error = 0.000015787598, Elapsed Time = 19041.773 s
-- (164): k = 0.838902, Angular Flux L2-Error = 0.000015397675, Elapsed Time = 19164.142 s
-- (165): k = 0.838902, Angular Flux L2-Error = 0.000014921848, Elapsed Time = 19279.641 s
-- (166): k = 0.838902, Angular Flux L2-Error = 0.000014512783, Elapsed Time = 19395.135 s
-- (167): k = 0.838902, Angular Flux L2-Error = 0.000014044308, Elapsed Time = 19510.615 s
-- (168): k = 0.838902, Angular Flux L2-Error = 0.000013607948, Elapsed Time = 19626.090 s
-- (169): k = 0.838902, Angular Flux L2-Error = 0.000013202485, Elapsed Time = 19741.573 s
-- (170): k = 0.838902, Angular Flux L2-Error = 0.000012748941, Elapsed Time = 19857.069 s
-- (171): k = 0.838902, Angular Flux L2-Error = 0.000012283219, Elapsed Time = 19972.569 s
-- (172): k = 0.838902, Angular Flux L2-Error = 0.000011822163, Elapsed Time = 20088.066 s
-- (173): k = 0.838902, Angular Flux L2-Error = 0.000011484600, Elapsed Time = 20203.567 s
-- (174): k = 0.838902, Angular Flux L2-Error = 0.000011100458, Elapsed Time = 20319.059 s
-- (175): k = 0.838902, Angular Flux L2-Error = 0.000010644723, Elapsed Time = 20441.216 s
-- (176): k = 0.838902, Angular Flux L2-Error = 0.000010227809, Elapsed Time = 20556.693 s
-- (177): k = 0.838902, Angular Flux L2-Error = 0.000009957972, Elapsed Time = 20672.183 s
-- (178): k = 0.838902, Angular Flux L2-Error = 0.000009711225, Elapsed Time = 20787.663 s
-- (179): k = 0.838902, Angular Flux L2-Error = 0.000009394229, Elapsed Time = 20903.137 s
-- (180): k = 0.838902, Angular Flux L2-Error = 0.000009087371, Elapsed Time = 21018.609 s
-- (181): k = 0.838902, Angular Flux L2-Error = 0.000008856786, Elapsed Time = 21134.088 s
-- (182): k = 0.838902, Angular Flux L2-Error = 0.000008679214, Elapsed Time = 21249.573 s
-- (183): k = 0.838902, Angular Flux L2-Error = 0.000008355375, Elapsed Time = 21365.072 s
-- (184): k = 0.838902, Angular Flux L2-Error = 0.000007943695, Elapsed Time = 21480.557 s
-- (185): k = 0.838902, Angular Flux L2-Error = 0.000007642747, Elapsed Time = 21596.034 s
-- (186): k = 0.838902, Angular Flux L2-Error = 0.000007370761, Elapsed Time = 21718.099 s
-- (187): k = 0.838902, Angular Flux L2-Error = 0.000007072856, Elapsed Time = 21833.578 s
-- (188): k = 0.838902, Angular Flux L2-Error = 0.000006857872, Elapsed Time = 21949.065 s
-- (189): k = 0.838902, Angular Flux L2-Error = 0.000006780362, Elapsed Time = 22064.564 s
-- (190): k = 0.838902, Angular Flux L2-Error = 0.000006812701, Elapsed Time = 22180.060 s
-- (191): k = 0.838902, Angular Flux L2-Error = 0.000006587743, Elapsed Time = 22295.539 s
-- (192): k = 0.838902, Angular Flux L2-Error = 0.000006151163, Elapsed Time = 22411.018 s
-- (193): k = 0.838902, Angular Flux L2-Error = 0.000005749031, Elapsed Time = 22526.497 s
-- (194): k = 0.838902, Angular Flux L2-Error = 0.000005548382, Elapsed Time = 22641.965 s
-- (195): k = 0.838902, Angular Flux L2-Error = 0.000005514802, Elapsed Time = 22757.443 s
-- (196): k = 0.838902, Angular Flux L2-Error = 0.000005509429, Elapsed Time = 22872.928 s
-- (197): k = 0.838902, Angular Flux L2-Error = 0.000005411040, Elapsed Time = 22994.998 s
-- (198): k = 0.838902, Angular Flux L2-Error = 0.000005251139, Elapsed Time = 23110.489 s
-- (199): k = 0.838902, Angular Flux L2-Error = 0.000004954522, Elapsed Time = 23225.974 s
-- (200): k = 0.838902, Angular Flux L2-Error = 0.000004591350, Elapsed Time = 23341.474 s
-- (201): k = 0.838902, Angular Flux L2-Error = 0.000004334442, Elapsed Time = 23456.959 s
-- (202): k = 0.838902, Angular Flux L2-Error = 0.000004247022, Elapsed Time = 23572.441 s
-- (203): k = 0.838902, Angular Flux L2-Error = 0.000004314829, Elapsed Time = 23687.937 s
-- (204): k = 0.838902, Angular Flux L2-Error = 0.000004355967, Elapsed Time = 23803.440 s
-- (205): k = 0.838902, Angular Flux L2-Error = 0.000004284680, Elapsed Time = 23918.946 s
-- (206): k = 0.838902, Angular Flux L2-Error = 0.000004077385, Elapsed Time = 24034.448 s
-- (207): k = 0.838902, Angular Flux L2-Error = 0.000003768071, Elapsed Time = 24156.485 s
-- (208): k = 0.838902, Angular Flux L2-Error = 0.000003480724, Elapsed Time = 24272.002 s
-- (209): k = 0.838902, Angular Flux L2-Error = 0.000003315371, Elapsed Time = 24387.514 s
-- (210): k = 0.838902, Angular Flux L2-Error = 0.000003294037, Elapsed Time = 24503.018 s
-- (211): k = 0.838902, Angular Flux L2-Error = 0.000003318397, Elapsed Time = 24618.521 s
-- (212): k = 0.838902, Angular Flux L2-Error = 0.000003294237, Elapsed Time = 24734.020 s
-- (213): k = 0.838902, Angular Flux L2-Error = 0.000003204610, Elapsed Time = 24849.508 s
-- (214): k = 0.838902, Angular Flux L2-Error = 0.000003099239, Elapsed Time = 24965.007 s
-- (215): k = 0.838902, Angular Flux L2-Error = 0.000003014415, Elapsed Time = 25080.499 s
-- (216): k = 0.838902, Angular Flux L2-Error = 0.000002940199, Elapsed Time = 25196.002 s
-- (217): k = 0.838902, Angular Flux L2-Error = 0.000002865080, Elapsed Time = 25311.510 s
-- (218): k = 0.838902, Angular Flux L2-Error = 0.000002816534, Elapsed Time = 25433.636 s
-- (219): k = 0.838902, Angular Flux L2-Error = 0.000002818857, Elapsed Time = 25549.131 s
-- (220): k = 0.838902, Angular Flux L2-Error = 0.000002787886, Elapsed Time = 25664.629 s
-- (221): k = 0.838902, Angular Flux L2-Error = 0.000002703844, Elapsed Time = 25780.119 s
-- (222): k = 0.838902, Angular Flux L2-Error = 0.000002604191, Elapsed Time = 25895.596 s
-- (223): k = 0.838902, Angular Flux L2-Error = 0.000002582666, Elapsed Time = 26011.092 s
-- (224): k = 0.838902, Angular Flux L2-Error = 0.000002623456, Elapsed Time = 26126.585 s
-- (225): k = 0.838902, Angular Flux L2-Error = 0.000002658113, Elapsed Time = 26242.072 s
-- (226): k = 0.838902, Angular Flux L2-Error = 0.000002616875, Elapsed Time = 26357.558 s
-- (227): k = 0.838902, Angular Flux L2-Error = 0.000002530355, Elapsed Time = 26473.047 s
-- (228): k = 0.838902, Angular Flux L2-Error = 0.000002462662, Elapsed Time = 26588.551 s
-- (229): k = 0.838902, Angular Flux L2-Error = 0.000002398919, Elapsed Time = 26710.718 s
-- (230): k = 0.838902, Angular Flux L2-Error = 0.000002312234, Elapsed Time = 26826.199 s
-- (231): k = 0.838902, Angular Flux L2-Error = 0.000002203070, Elapsed Time = 26941.679 s
-- (232): k = 0.838902, Angular Flux L2-Error = 0.000002129394, Elapsed Time = 27057.163 s
-- (233): k = 0.838902, Angular Flux L2-Error = 0.000002118653, Elapsed Time = 27172.639 s
-- (234): k = 0.838902, Angular Flux L2-Error = 0.000002146945, Elapsed Time = 27288.101 s
-- (235): k = 0.838902, Angular Flux L2-Error = 0.000002155298, Elapsed Time = 27403.583 s
-- (236): k = 0.838902, Angular Flux L2-Error = 0.000002103526, Elapsed Time = 27519.057 s
-- (237): k = 0.838902, Angular Flux L2-Error = 0.000002023825, Elapsed Time = 27634.527 s
-- (238): k = 0.838902, Angular Flux L2-Error = 0.000001956742, Elapsed Time = 27749.971 s
-- (239): k = 0.838902, Angular Flux L2-Error = 0.000001915071, Elapsed Time = 27872.062 s
-- (240): k = 0.838902, Angular Flux L2-Error = 0.000001880345, Elapsed Time = 27987.546 s
-- (241): k = 0.838902, Angular Flux L2-Error = 0.000001840871, Elapsed Time = 28103.041 s
-- (242): k = 0.838902, Angular Flux L2-Error = 0.000001807938, Elapsed Time = 28218.533 s
-- (243): k = 0.838902, Angular Flux L2-Error = 0.000001787945, Elapsed Time = 28334.022 s
-- (244): k = 0.838902, Angular Flux L2-Error = 0.000001773147, Elapsed Time = 28449.508 s
-- (245): k = 0.838902, Angular Flux L2-Error = 0.000001746502, Elapsed Time = 28564.988 s
-- (246): k = 0.838902, Angular Flux L2-Error = 0.000001699993, Elapsed Time = 28680.463 s
-- (247): k = 0.838902, Angular Flux L2-Error = 0.000001648528, Elapsed Time = 28795.963 s
-- (248): k = 0.838902, Angular Flux L2-Error = 0.000001613021, Elapsed Time = 28911.454 s
-- (249): k = 0.838902, Angular Flux L2-Error = 0.000001595510, Elapsed Time = 29026.939 s
-- (250): k = 0.838902, Angular Flux L2-Error = 0.000001584550, Elapsed Time = 29148.968 s
-- (251): k = 0.838902, Angular Flux L2-Error = 0.000001566242, Elapsed Time = 29264.485 s
-- (252): k = 0.838902, Angular Flux L2-Error = 0.000001540957, Elapsed Time = 29379.987 s
-- (253): k = 0.838902, Angular Flux L2-Error = 0.000001523183, Elapsed Time = 29495.491 s
-- (254): k = 0.838902, Angular Flux L2-Error = 0.000001512960, Elapsed Time = 29610.999 s
-- (255): k = 0.838902, Angular Flux L2-Error = 0.000001506901, Elapsed Time = 29726.492 s
-- (256): k = 0.838902, Angular Flux L2-Error = 0.000001505088, Elapsed Time = 29841.985 s
-- (257): k = 0.838902, Angular Flux L2-Error = 0.000001495493, Elapsed Time = 29957.474 s
-- (258): k = 0.838902, Angular Flux L2-Error = 0.000001473509, Elapsed Time = 30072.955 s
-- (259): k = 0.838902, Angular Flux L2-Error = 0.000001451967, Elapsed Time = 30188.415 s
-- (260): k = 0.838902, Angular Flux L2-Error = 0.000001423758, Elapsed Time = 30303.878 s
-- (261): k = 0.838902, Angular Flux L2-Error = 0.000001395865, Elapsed Time = 30426.045 s
-- (262): k = 0.838902, Angular Flux L2-Error = 0.000001376644, Elapsed Time = 30541.529 s
-- (263): k = 0.838902, Angular Flux L2-Error = 0.000001365400, Elapsed Time = 30657.015 s
-- (264): k = 0.838902, Angular Flux L2-Error = 0.000001370084, Elapsed Time = 30772.494 s
-- (265): k = 0.838902, Angular Flux L2-Error = 0.000001378799, Elapsed Time = 30887.970 s
-- (266): k = 0.838902, Angular Flux L2-Error = 0.000001374168, Elapsed Time = 31003.452 s
-- (267): k = 0.838902, Angular Flux L2-Error = 0.000001347617, Elapsed Time = 31118.934 s
-- (268): k = 0.838902, Angular Flux L2-Error = 0.000001311563, Elapsed Time = 31234.412 s
-- (269): k = 0.838902, Angular Flux L2-Error = 0.000001269293, Elapsed Time = 31349.899 s
-- (270): k = 0.838902, Angular Flux L2-Error = 0.000001242654, Elapsed Time = 31465.385 s
-- (271): k = 0.838902, Angular Flux L2-Error = 0.000001231003, Elapsed Time = 31580.866 s
-- (272): k = 0.838902, Angular Flux L2-Error = 0.000001241394, Elapsed Time = 31702.872 s
-- (273): k = 0.838902, Angular Flux L2-Error = 0.000001254241, Elapsed Time = 31818.371 s
-- (274): k = 0.838902, Angular Flux L2-Error = 0.000001275513, Elapsed Time = 31933.888 s
-- (275): k = 0.838902, Angular Flux L2-Error = 0.000001285719, Elapsed Time = 32049.399 s
-- (276): k = 0.838902, Angular Flux L2-Error = 0.000001277566, Elapsed Time = 32164.905 s
-- (277): k = 0.838902, Angular Flux L2-Error = 0.000001244110, Elapsed Time = 32280.422 s
-- (278): k = 0.838902, Angular Flux L2-Error = 0.000001198081, Elapsed Time = 32395.918 s
-- (279): k = 0.838902, Angular Flux L2-Error = 0.000001152160, Elapsed Time = 32511.424 s
-- (280): k = 0.838902, Angular Flux L2-Error = 0.000001130452, Elapsed Time = 32626.920 s
-- (281): k = 0.838902, Angular Flux L2-Error = 0.000001133875, Elapsed Time = 32742.413 s
-- (282): k = 0.838902, Angular Flux L2-Error = 0.000001159453, Elapsed Time = 32864.554 s
-- (283): k = 0.838902, Angular Flux L2-Error = 0.000001187485, Elapsed Time = 32980.058 s
-- (284): k = 0.838902, Angular Flux L2-Error = 0.000001200721, Elapsed Time = 33095.545 s
-- (285): k = 0.838902, Angular Flux L2-Error = 0.000001183696, Elapsed Time = 33211.032 s
-- (286): k = 0.838902, Angular Flux L2-Error = 0.000001139255, Elapsed Time = 33326.523 s
-- (287): k = 0.838902, Angular Flux L2-Error = 0.000001087084, Elapsed Time = 33442.021 s
-- (288): k = 0.838902, Angular Flux L2-Error = 0.000001039373, Elapsed Time = 33557.526 s
-- (289): k = 0.838902, Angular Flux L2-Error = 0.000001013879, Elapsed Time = 33673.034 s
-- (290): k = 0.838902, Angular Flux L2-Error = 0.000001010773, Elapsed Time = 33788.538 s
-- (291): k = 0.838902, Angular Flux L2-Error = 0.000001028166, Elapsed Time = 33904.043 s
-- (292): k = 0.838902, Angular Flux L2-Error = 0.000001054763, Elapsed Time = 34019.551 s
-- (293): k = 0.838902, Angular Flux L2-Error = 0.000001072265, Elapsed Time = 34141.706 s
-- (294): k = 0.838902, Angular Flux L2-Error = 0.000001062587, Elapsed Time = 34257.216 s
-- (295): k = 0.838902, Angular Flux L2-Error = 0.000001022934, Elapsed Time = 34372.740 s
-- (296): k = 0.838902, Angular Flux L2-Error = 0.000000972846, Elapsed Time = 34488.239 s
-- (297): k = 0.838902, Angular Flux L2-Error = 0.000000936272, Elapsed Time = 34603.764 s
-- (298): k = 0.838902, Angular Flux L2-Error = 0.000000917761, Elapsed Time = 34719.287 s
-- (299): k = 0.838902, Angular Flux L2-Error = 0.000000928654, Elapsed Time = 34834.811 s
-- (300): k = 0.838902, Angular Flux L2-Error = 0.000000956016, Elapsed Time = 34950.331 s
-- (301): k = 0.838902, Angular Flux L2-Error = 0.000000980558, Elapsed Time = 35065.850 s
-- (302): k = 0.838902, Angular Flux L2-Error = 0.000000985601, Elapsed Time = 35181.371 s
-- (303): k = 0.838902, Angular Flux L2-Error = 0.000000963023, Elapsed Time = 35296.912 s
-- (304): k = 0.838902, Angular Flux L2-Error = 0.000000923212, Elapsed Time = 35419.113 s
-- (305): k = 0.838902, Angular Flux L2-Error = 0.000000881504, Elapsed Time = 35534.676 s
-- (306): k = 0.838902, Angular Flux L2-Error = 0.000000860606, Elapsed Time = 35650.239 s
-- (307): k = 0.838902, Angular Flux L2-Error = 0.000000856650, Elapsed Time = 35765.802 s
-- (308): k = 0.838902, Angular Flux L2-Error = 0.000000878165, Elapsed Time = 35881.353 s
-- (309): k = 0.838902, Angular Flux L2-Error = 0.000000906977, Elapsed Time = 35996.901 s
-- (310): k = 0.838902, Angular Flux L2-Error = 0.000000920640, Elapsed Time = 36112.443 s
-- (311): k = 0.838902, Angular Flux L2-Error = 0.000000907293, Elapsed Time = 36227.993 s
-- (312): k = 0.838902, Angular Flux L2-Error = 0.000000864264, Elapsed Time = 36343.529 s
-- (313): k = 0.838902, Angular Flux L2-Error = 0.000000820477, Elapsed Time = 36459.077 s
-- (314): k = 0.838902, Angular Flux L2-Error = 0.000000785320, Elapsed Time = 36574.620 s
-- (315): k = 0.838902, Angular Flux L2-Error = 0.000000776711, Elapsed Time = 36696.694 s
-- (316): k = 0.838902, Angular Flux L2-Error = 0.000000793019, Elapsed Time = 36812.198 s
-- (317): k = 0.838902, Angular Flux L2-Error = 0.000000820140, Elapsed Time = 36927.718 s
-- (318): k = 0.838902, Angular Flux L2-Error = 0.000000845633, Elapsed Time = 37043.231 s
-- (319): k = 0.838902, Angular Flux L2-Error = 0.000000851441, Elapsed Time = 37158.746 s
-- (320): k = 0.838902, Angular Flux L2-Error = 0.000000832602, Elapsed Time = 37274.263 s
-- (321): k = 0.838902, Angular Flux L2-Error = 0.000000792548, Elapsed Time = 37389.776 s
-- (322): k = 0.838902, Angular Flux L2-Error = 0.000000753610, Elapsed Time = 37505.291 s
-- (323): k = 0.838902, Angular Flux L2-Error = 0.000000732484, Elapsed Time = 37620.806 s
-- (324): k = 0.838902, Angular Flux L2-Error = 0.000000729824, Elapsed Time = 37736.314 s
-- (325): k = 0.838902, Angular Flux L2-Error = 0.000000746026, Elapsed Time = 37851.828 s
-- (326): k = 0.838902, Angular Flux L2-Error = 0.000000767313, Elapsed Time = 37967.351 s
-- (327): k = 0.838902, Angular Flux L2-Error = 0.000000781288, Elapsed Time = 38082.864 s
-- (328): k = 0.838902, Angular Flux L2-Error = 0.000000772990, Elapsed Time = 38198.378 s
-- (329): k = 0.838902, Angular Flux L2-Error = 0.000000744730, Elapsed Time = 38313.892 s
-- (330): k = 0.838902, Angular Flux L2-Error = 0.000000712061, Elapsed Time = 38429.410 s
-- (331): k = 0.838902, Angular Flux L2-Error = 0.000000686515, Elapsed Time = 38551.601 s
-- (332): k = 0.838902, Angular Flux L2-Error = 0.000000672619, Elapsed Time = 38667.106 s
-- (333): k = 0.838902, Angular Flux L2-Error = 0.000000676802, Elapsed Time = 38782.632 s
-- (334): k = 0.838902, Angular Flux L2-Error = 0.000000683905, Elapsed Time = 38898.154 s
-- (335): k = 0.838902, Angular Flux L2-Error = 0.000000691238, Elapsed Time = 39013.672 s
-- (336): k = 0.838902, Angular Flux L2-Error = 0.000000689124, Elapsed Time = 39129.179 s
-- (337): k = 0.838902, Angular Flux L2-Error = 0.000000675417, Elapsed Time = 39244.699 s
-- (338): k = 0.838902, Angular Flux L2-Error = 0.000000654015, Elapsed Time = 39360.212 s
-- (339): k = 0.838902, Angular Flux L2-Error = 0.000000633826, Elapsed Time = 39475.721 s
-- (340): k = 0.838902, Angular Flux L2-Error = 0.000000619231, Elapsed Time = 39591.216 s
-- (341): k = 0.838902, Angular Flux L2-Error = 0.000000614326, Elapsed Time = 39706.715 s
-- (342): k = 0.838902, Angular Flux L2-Error = 0.000000616990, Elapsed Time = 39828.772 s
-- (343): k = 0.838902, Angular Flux L2-Error = 0.000000621815, Elapsed Time = 39944.299 s
-- (344): k = 0.838902, Angular Flux L2-Error = 0.000000625969, Elapsed Time = 40059.844 s
-- (345): k = 0.838902, Angular Flux L2-Error = 0.000000623864, Elapsed Time = 40175.394 s
-- (346): k = 0.838902, Angular Flux L2-Error = 0.000000612830, Elapsed Time = 40290.944 s
-- (347): k = 0.838902, Angular Flux L2-Error = 0.000000597766, Elapsed Time = 40406.488 s
-- (348): k = 0.838902, Angular Flux L2-Error = 0.000000584000, Elapsed Time = 40522.030 s
-- (349): k = 0.838902, Angular Flux L2-Error = 0.000000573456, Elapsed Time = 40637.563 s
-- (350): k = 0.838902, Angular Flux L2-Error = 0.000000566708, Elapsed Time = 40753.085 s
-- (351): k = 0.838902, Angular Flux L2-Error = 0.000000568330, Elapsed Time = 40868.611 s
-- (352): k = 0.838902, Angular Flux L2-Error = 0.000000569911, Elapsed Time = 40990.915 s
-- (353): k = 0.838902, Angular Flux L2-Error = 0.000000569104, Elapsed Time = 41106.453 s
-- (354): k = 0.838902, Angular Flux L2-Error = 0.000000567519, Elapsed Time = 41222.009 s
-- (355): k = 0.838902, Angular Flux L2-Error = 0.000000561317, Elapsed Time = 41337.555 s
-- (356): k = 0.838902, Angular Flux L2-Error = 0.000000551147, Elapsed Time = 41453.083 s
-- (357): k = 0.838902, Angular Flux L2-Error = 0.000000537993, Elapsed Time = 41568.582 s
-- (358): k = 0.838902, Angular Flux L2-Error = 0.000000527448, Elapsed Time = 41684.068 s
-- (359): k = 0.838902, Angular Flux L2-Error = 0.000000519119, Elapsed Time = 41799.568 s
-- (360): k = 0.838902, Angular Flux L2-Error = 0.000000512477, Elapsed Time = 41915.079 s
-- (361): k = 0.838902, Angular Flux L2-Error = 0.000000512740, Elapsed Time = 42030.580 s
-- (362): k = 0.838902, Angular Flux L2-Error = 0.000000511254, Elapsed Time = 42146.073 s
-- (363): k = 0.838902, Angular Flux L2-Error = 0.000000512393, Elapsed Time = 42268.122 s
-- (364): k = 0.838902, Angular Flux L2-Error = 0.000000509668, Elapsed Time = 42383.623 s
-- (365): k = 0.838902, Angular Flux L2-Error = 0.000000503658, Elapsed Time = 42499.119 s
-- (366): k = 0.838902, Angular Flux L2-Error = 0.000000495094, Elapsed Time = 42614.619 s
-- (367): k = 0.838902, Angular Flux L2-Error = 0.000000486624, Elapsed Time = 42730.112 s
-- (368): k = 0.838902, Angular Flux L2-Error = 0.000000475942, Elapsed Time = 42845.599 s
-- (369): k = 0.838902, Angular Flux L2-Error = 0.000000471998, Elapsed Time = 42961.084 s
-- (370): k = 0.838902, Angular Flux L2-Error = 0.000000466650, Elapsed Time = 43076.573 s
-- (371): k = 0.838902, Angular Flux L2-Error = 0.000000466704, Elapsed Time = 43192.074 s
-- (372): k = 0.838902, Angular Flux L2-Error = 0.000000467862, Elapsed Time = 43307.562 s
-- (373): k = 0.838902, Angular Flux L2-Error = 0.000000466915, Elapsed Time = 43423.059 s
-- (374): k = 0.838902, Angular Flux L2-Error = 0.000000463464, Elapsed Time = 43545.120 s
-- (375): k = 0.838902, Angular Flux L2-Error = 0.000000458309, Elapsed Time = 43660.621 s
-- (376): k = 0.838902, Angular Flux L2-Error = 0.000000450371, Elapsed Time = 43776.124 s
-- (377): k = 0.838902, Angular Flux L2-Error = 0.000000443191, Elapsed Time = 43891.606 s
-- (378): k = 0.838902, Angular Flux L2-Error = 0.000000436124, Elapsed Time = 44007.090 s
-- (379): k = 0.838902, Angular Flux L2-Error = 0.000000431573, Elapsed Time = 44122.575 s
-- (380): k = 0.838902, Angular Flux L2-Error = 0.000000428462, Elapsed Time = 44238.060 s
-- (381): k = 0.838902, Angular Flux L2-Error = 0.000000428192, Elapsed Time = 44353.546 s
-- (382): k = 0.838902, Angular Flux L2-Error = 0.000000427755, Elapsed Time = 44469.053 s
-- (383): k = 0.838902, Angular Flux L2-Error = 0.000000425339, Elapsed Time = 44584.551 s
-- (384): k = 0.838902, Angular Flux L2-Error = 0.000000421282, Elapsed Time = 44700.049 s
-- (385): k = 0.838902, Angular Flux L2-Error = 0.000000417034, Elapsed Time = 44822.217 s
-- (386): k = 0.838902, Angular Flux L2-Error = 0.000000410221, Elapsed Time = 44937.700 s
-- (387): k = 0.838902, Angular Flux L2-Error = 0.000000405738, Elapsed Time = 45053.209 s
-- (388): k = 0.838902, Angular Flux L2-Error = 0.000000400967, Elapsed Time = 45168.701 s
-- (389): k = 0.838902, Angular Flux L2-Error = 0.000000397625, Elapsed Time = 45284.190 s
-- (390): k = 0.838902, Angular Flux L2-Error = 0.000000395768, Elapsed Time = 45399.678 s
-- (391): k = 0.838902, Angular Flux L2-Error = 0.000000393281, Elapsed Time = 45515.168 s
-- (392): k = 0.838902, Angular Flux L2-Error = 0.000000392364, Elapsed Time = 45630.645 s
-- (393): k = 0.838902, Angular Flux L2-Error = 0.000000389667, Elapsed Time = 45746.122 s
-- (394): k = 0.838902, Angular Flux L2-Error = 0.000000387323, Elapsed Time = 45861.614 s
-- (395): k = 0.838902, Angular Flux L2-Error = 0.000000383826, Elapsed Time = 45977.109 s
-- (396): k = 0.838902, Angular Flux L2-Error = 0.000000380842, Elapsed Time = 46099.243 s
-- (397): k = 0.838902, Angular Flux L2-Error = 0.000000377052, Elapsed Time = 46214.735 s
-- (398): k = 0.838902, Angular Flux L2-Error = 0.000000373067, Elapsed Time = 46330.246 s
-- (399): k = 0.838902, Angular Flux L2-Error = 0.000000370506, Elapsed Time = 46445.753 s
-- (400): k = 0.838902, Angular Flux L2-Error = 0.000000366137, Elapsed Time = 46561.239 s
-- (401): k = 0.838902, Angular Flux L2-Error = 0.000000364987, Elapsed Time = 46676.717 s
-- (402): k = 0.838902, Angular Flux L2-Error = 0.000000362482, Elapsed Time = 46792.215 s
-- (403): k = 0.838902, Angular Flux L2-Error = 0.000000362333, Elapsed Time = 46907.713 s
-- (404): k = 0.838902, Angular Flux L2-Error = 0.000000361318, Elapsed Time = 47023.205 s
-- (405): k = 0.838902, Angular Flux L2-Error = 0.000000358763, Elapsed Time = 47138.698 s
-- (406): k = 0.838902, Angular Flux L2-Error = 0.000000355948, Elapsed Time = 47254.192 s
-- (407): k = 0.838902, Angular Flux L2-Error = 0.000000351084, Elapsed Time = 47376.127 s
-- (408): k = 0.838902, Angular Flux L2-Error = 0.000000345453, Elapsed Time = 47491.634 s
-- (409): k = 0.838902, Angular Flux L2-Error = 0.000000341812, Elapsed Time = 47607.141 s
-- (410): k = 0.838902, Angular Flux L2-Error = 0.000000337957, Elapsed Time = 47722.632 s
-- (411): k = 0.838902, Angular Flux L2-Error = 0.000000338349, Elapsed Time = 47838.114 s
-- (412): k = 0.838902, Angular Flux L2-Error = 0.000000338910, Elapsed Time = 47953.607 s
-- (413): k = 0.838902, Angular Flux L2-Error = 0.000000340055, Elapsed Time = 48069.116 s
-- (414): k = 0.838902, Angular Flux L2-Error = 0.000000340942, Elapsed Time = 48184.624 s
-- (415): k = 0.838902, Angular Flux L2-Error = 0.000000338314, Elapsed Time = 48300.133 s
-- (416): k = 0.838902, Angular Flux L2-Error = 0.000000333025, Elapsed Time = 48415.622 s
-- (417): k = 0.838902, Angular Flux L2-Error = 0.000000326248, Elapsed Time = 48531.109 s
-- (418): k = 0.838902, Angular Flux L2-Error = 0.000000319710, Elapsed Time = 48653.242 s
-- (419): k = 0.838902, Angular Flux L2-Error = 0.000000316814, Elapsed Time = 48768.746 s
-- (420): k = 0.838902, Angular Flux L2-Error = 0.000000316704, Elapsed Time = 48884.252 s
-- (421): k = 0.838902, Angular Flux L2-Error = 0.000000319224, Elapsed Time = 48999.771 s
-- (422): k = 0.838902, Angular Flux L2-Error = 0.000000324048, Elapsed Time = 49115.273 s
-- (423): k = 0.838902, Angular Flux L2-Error = 0.000000324659, Elapsed Time = 49230.770 s
-- (424): k = 0.838902, Angular Flux L2-Error = 0.000000321989, Elapsed Time = 49346.265 s
-- (425): k = 0.838902, Angular Flux L2-Error = 0.000000315226, Elapsed Time = 49461.762 s
-- (426): k = 0.838902, Angular Flux L2-Error = 0.000000307398, Elapsed Time = 49577.257 s
-- (427): k = 0.838902, Angular Flux L2-Error = 0.000000298725, Elapsed Time = 49692.753 s
-- (428): k = 0.838902, Angular Flux L2-Error = 0.000000296266, Elapsed Time = 49814.903 s
-- (429): k = 0.838902, Angular Flux L2-Error = 0.000000296699, Elapsed Time = 49930.417 s
-- (430): k = 0.838902, Angular Flux L2-Error = 0.000000299961, Elapsed Time = 50045.905 s
-- (431): k = 0.838902, Angular Flux L2-Error = 0.000000304984, Elapsed Time = 50161.400 s
-- (432): k = 0.838902, Angular Flux L2-Error = 0.000000306122, Elapsed Time = 50276.888 s
-- (433): k = 0.838902, Angular Flux L2-Error = 0.000000302085, Elapsed Time = 50392.393 s
-- (434): k = 0.838902, Angular Flux L2-Error = 0.000000294047, Elapsed Time = 50507.885 s
-- (435): k = 0.838902, Angular Flux L2-Error = 0.000000284787, Elapsed Time = 50623.378 s
-- (436): k = 0.838902, Angular Flux L2-Error = 0.000000277982, Elapsed Time = 50738.867 s
-- (437): k = 0.838902, Angular Flux L2-Error = 0.000000274800, Elapsed Time = 50854.344 s
-- (438): k = 0.838902, Angular Flux L2-Error = 0.000000277043, Elapsed Time = 50969.817 s
-- (439): k = 0.838902, Angular Flux L2-Error = 0.000000281066, Elapsed Time = 51092.492 s
-- (440): k = 0.838902, Angular Flux L2-Error = 0.000000285068, Elapsed Time = 51208.021 s
-- (441): k = 0.838902, Angular Flux L2-Error = 0.000000285073, Elapsed Time = 51323.517 s
-- (442): k = 0.838902, Angular Flux L2-Error = 0.000000280046, Elapsed Time = 51439.026 s
-- (443): k = 0.838902, Angular Flux L2-Error = 0.000000271377, Elapsed Time = 51554.516 s
-- (444): k = 0.838902, Angular Flux L2-Error = 0.000000262915, Elapsed Time = 51670.002 s
-- (445): k = 0.838902, Angular Flux L2-Error = 0.000000257690, Elapsed Time = 51785.486 s
-- (446): k = 0.838902, Angular Flux L2-Error = 0.000000256831, Elapsed Time = 51900.982 s
-- (447): k = 0.838902, Angular Flux L2-Error = 0.000000258921, Elapsed Time = 52016.470 s
-- (448): k = 0.838902, Angular Flux L2-Error = 0.000000263250, Elapsed Time = 52131.956 s
-- (449): k = 0.838902, Angular Flux L2-Error = 0.000000265578, Elapsed Time = 52247.451 s
-- (450): k = 0.838902, Angular Flux L2-Error = 0.000000263186, Elapsed Time = 52371.150 s
-- (451): k = 0.838902, Angular Flux L2-Error = 0.000000256819, Elapsed Time = 52486.641 s
-- (452): k = 0.838902, Angular Flux L2-Error = 0.000000248363, Elapsed Time = 52602.128 s
-- (453): k = 0.838902, Angular Flux L2-Error = 0.000000241914, Elapsed Time = 52717.626 s
-- (454): k = 0.838902, Angular Flux L2-Error = 0.000000237287, Elapsed Time = 52833.137 s
-- (455): k = 0.838902, Angular Flux L2-Error = 0.000000236553, Elapsed Time = 52948.634 s
-- (456): k = 0.838902, Angular Flux L2-Error = 0.000000239810, Elapsed Time = 53064.147 s
-- (457): k = 0.838902, Angular Flux L2-Error = 0.000000242303, Elapsed Time = 53179.655 s
-- (458): k = 0.838902, Angular Flux L2-Error = 0.000000242431, Elapsed Time = 53295.155 s
-- (459): k = 0.838902, Angular Flux L2-Error = 0.000000239724, Elapsed Time = 53410.643 s
-- (460): k = 0.838902, Angular Flux L2-Error = 0.000000233197, Elapsed Time = 53526.128 s
-- (461): k = 0.838902, Angular Flux L2-Error = 0.000000226533, Elapsed Time = 53649.610 s
-- (462): k = 0.838902, Angular Flux L2-Error = 0.000000220747, Elapsed Time = 53765.108 s
-- (463): k = 0.838902, Angular Flux L2-Error = 0.000000218341, Elapsed Time = 53880.618 s
-- (464): k = 0.838902, Angular Flux L2-Error = 0.000000218798, Elapsed Time = 53996.116 s
-- (465): k = 0.838902, Angular Flux L2-Error = 0.000000220050, Elapsed Time = 54111.601 s
-- (466): k = 0.838902, Angular Flux L2-Error = 0.000000221299, Elapsed Time = 54227.086 s
-- (467): k = 0.838902, Angular Flux L2-Error = 0.000000220731, Elapsed Time = 54342.557 s
-- (468): k = 0.838902, Angular Flux L2-Error = 0.000000216823, Elapsed Time = 54458.021 s
-- (469): k = 0.838902, Angular Flux L2-Error = 0.000000211905, Elapsed Time = 54573.503 s
-- (470): k = 0.838902, Angular Flux L2-Error = 0.000000206703, Elapsed Time = 54688.985 s
-- (471): k = 0.838902, Angular Flux L2-Error = 0.000000202798, Elapsed Time = 54804.480 s
-- (472): k = 0.838902, Angular Flux L2-Error = 0.000000200758, Elapsed Time = 54926.606 s
-- (473): k = 0.838902, Angular Flux L2-Error = 0.000000200294, Elapsed Time = 55042.092 s
-- (474): k = 0.838902, Angular Flux L2-Error = 0.000000200820, Elapsed Time = 55157.568 s
-- (475): k = 0.838902, Angular Flux L2-Error = 0.000000200987, Elapsed Time = 55273.034 s
-- (476): k = 0.838902, Angular Flux L2-Error = 0.000000199749, Elapsed Time = 55388.514 s
-- (477): k = 0.838902, Angular Flux L2-Error = 0.000000196668, Elapsed Time = 55504.014 s
-- (478): k = 0.838902, Angular Flux L2-Error = 0.000000192969, Elapsed Time = 55619.510 s
-- (479): k = 0.838902, Angular Flux L2-Error = 0.000000188542, Elapsed Time = 55735.001 s
-- (480): k = 0.838902, Angular Flux L2-Error = 0.000000185462, Elapsed Time = 55850.477 s
-- (481): k = 0.838902, Angular Flux L2-Error = 0.000000183869, Elapsed Time = 55965.958 s
-- (482): k = 0.838902, Angular Flux L2-Error = 0.000000183201, Elapsed Time = 56081.434 s
-- (483): k = 0.838902, Angular Flux L2-Error = 0.000000182904, Elapsed Time = 56204.126 s
-- (484): k = 0.838902, Angular Flux L2-Error = 0.000000182604, Elapsed Time = 56319.611 s
-- (485): k = 0.838902, Angular Flux L2-Error = 0.000000180908, Elapsed Time = 56435.098 s
-- (486): k = 0.838902, Angular Flux L2-Error = 0.000000178971, Elapsed Time = 56550.586 s
-- (487): k = 0.838902, Angular Flux L2-Error = 0.000000175673, Elapsed Time = 56666.077 s
-- (488): k = 0.838902, Angular Flux L2-Error = 0.000000172493, Elapsed Time = 56781.559 s
-- (489): k = 0.838902, Angular Flux L2-Error = 0.000000170138, Elapsed Time = 56897.040 s
-- (490): k = 0.838902, Angular Flux L2-Error = 0.000000168692, Elapsed Time = 57012.531 s
-- (491): k = 0.838902, Angular Flux L2-Error = 0.000000167876, Elapsed Time = 57128.007 s
-- (492): k = 0.838902, Angular Flux L2-Error = 0.000000167066, Elapsed Time = 57243.543 s
-- (493): k = 0.838902, Angular Flux L2-Error = 0.000000166204, Elapsed Time = 57365.615 s
-- (494): k = 0.838902, Angular Flux L2-Error = 0.000000164876, Elapsed Time = 57481.124 s
-- (495): k = 0.838902, Angular Flux L2-Error = 0.000000163053, Elapsed Time = 57596.611 s
-- (496): k = 0.838902, Angular Flux L2-Error = 0.000000160783, Elapsed Time = 57712.123 s
-- (497): k = 0.838902, Angular Flux L2-Error = 0.000000158659, Elapsed Time = 57827.636 s
-- (498): k = 0.838902, Angular Flux L2-Error = 0.000000156749, Elapsed Time = 57943.138 s
-- (499): k = 0.838902, Angular Flux L2-Error = 0.000000154856, Elapsed Time = 58058.629 s
-- (500): k = 0.838902, Angular Flux L2-Error = 0.000000153663, Elapsed Time = 58174.131 s
-- (501): k = 0.838902, Angular Flux L2-Error = 0.000000152897, Elapsed Time = 58289.621 s
-- (502): k = 0.838902, Angular Flux L2-Error = 0.000000152275, Elapsed Time = 58405.115 s
-- (503): k = 0.838902, Angular Flux L2-Error = 0.000000151042, Elapsed Time = 58520.597 s
-- (504): k = 0.838902, Angular Flux L2-Error = 0.000000149849, Elapsed Time = 58642.839 s
-- (505): k = 0.838902, Angular Flux L2-Error = 0.000000147823, Elapsed Time = 58758.326 s
-- (506): k = 0.838902, Angular Flux L2-Error = 0.000000146062, Elapsed Time = 58873.827 s
-- (507): k = 0.838902, Angular Flux L2-Error = 0.000000144451, Elapsed Time = 58989.328 s
-- (508): k = 0.838902, Angular Flux L2-Error = 0.000000142878, Elapsed Time = 59104.829 s
-- (509): k = 0.838902, Angular Flux L2-Error = 0.000000142126, Elapsed Time = 59220.317 s
-- (510): k = 0.838902, Angular Flux L2-Error = 0.000000141235, Elapsed Time = 59335.820 s
-- (511): k = 0.838902, Angular Flux L2-Error = 0.000000140424, Elapsed Time = 59451.324 s
-- (512): k = 0.838902, Angular Flux L2-Error = 0.000000139448, Elapsed Time = 59566.831 s
-- (513): k = 0.838902, Angular Flux L2-Error = 0.000000137916, Elapsed Time = 59682.315 s
-- (514): k = 0.838902, Angular Flux L2-Error = 0.000000136698, Elapsed Time = 59797.804 s
-- (515): k = 0.838902, Angular Flux L2-Error = 0.000000135321, Elapsed Time = 59919.896 s
-- (516): k = 0.838902, Angular Flux L2-Error = 0.000000134075, Elapsed Time = 60035.398 s
-- (517): k = 0.838902, Angular Flux L2-Error = 0.000000132961, Elapsed Time = 60150.903 s
-- (518): k = 0.838902, Angular Flux L2-Error = 0.000000132105, Elapsed Time = 60266.411 s
-- (519): k = 0.838902, Angular Flux L2-Error = 0.000000131166, Elapsed Time = 60381.925 s
-- (520): k = 0.838902, Angular Flux L2-Error = 0.000000130199, Elapsed Time = 60497.450 s
-- (521): k = 0.838902, Angular Flux L2-Error = 0.000000129226, Elapsed Time = 60612.971 s
-- (522): k = 0.838902, Angular Flux L2-Error = 0.000000128142, Elapsed Time = 60728.476 s
-- (523): k = 0.838902, Angular Flux L2-Error = 0.000000126887, Elapsed Time = 60843.974 s
-- (524): k = 0.838902, Angular Flux L2-Error = 0.000000125766, Elapsed Time = 60959.484 s
-- (525): k = 0.838902, Angular Flux L2-Error = 0.000000124587, Elapsed Time = 61074.999 s
-- (526): k = 0.838902, Angular Flux L2-Error = 0.000000123696, Elapsed Time = 61197.162 s
-- (527): k = 0.838902, Angular Flux L2-Error = 0.000000122926, Elapsed Time = 61312.667 s
-- (528): k = 0.838902, Angular Flux L2-Error = 0.000000122356, Elapsed Time = 61428.172 s
-- (529): k = 0.838902, Angular Flux L2-Error = 0.000000121465, Elapsed Time = 61543.673 s
-- (530): k = 0.838902, Angular Flux L2-Error = 0.000000120281, Elapsed Time = 61659.161 s
-- (531): k = 0.838902, Angular Flux L2-Error = 0.000000119302, Elapsed Time = 61774.657 s
-- (532): k = 0.838902, Angular Flux L2-Error = 0.000000117930, Elapsed Time = 61890.168 s
-- (533): k = 0.838902, Angular Flux L2-Error = 0.000000117051, Elapsed Time = 62005.677 s
-- (534): k = 0.838902, Angular Flux L2-Error = 0.000000116340, Elapsed Time = 62121.175 s
-- (535): k = 0.838902, Angular Flux L2-Error = 0.000000115559, Elapsed Time = 62236.685 s
-- (536): k = 0.838902, Angular Flux L2-Error = 0.000000115273, Elapsed Time = 62359.007 s
-- (537): k = 0.838902, Angular Flux L2-Error = 0.000000114909, Elapsed Time = 62474.519 s
-- (538): k = 0.838902, Angular Flux L2-Error = 0.000000113839, Elapsed Time = 62590.037 s
-- (539): k = 0.838902, Angular Flux L2-Error = 0.000000112463, Elapsed Time = 62705.567 s
-- (540): k = 0.838902, Angular Flux L2-Error = 0.000000111413, Elapsed Time = 62821.090 s
-- (541): k = 0.838902, Angular Flux L2-Error = 0.000000110029, Elapsed Time = 62936.607 s
-- (542): k = 0.838902, Angular Flux L2-Error = 0.000000109072, Elapsed Time = 63052.113 s
-- (543): k = 0.838902, Angular Flux L2-Error = 0.000000108426, Elapsed Time = 63167.620 s
-- (544): k = 0.838902, Angular Flux L2-Error = 0.000000108103, Elapsed Time = 63283.122 s
-- (545): k = 0.838902, Angular Flux L2-Error = 0.000000108172, Elapsed Time = 63398.634 s
-- (546): k = 0.838902, Angular Flux L2-Error = 0.000000107593, Elapsed Time = 63514.146 s
-- (547): k = 0.838902, Angular Flux L2-Error = 0.000000106672, Elapsed Time = 63636.102 s
-- (548): k = 0.838902, Angular Flux L2-Error = 0.000000105418, Elapsed Time = 63751.615 s
-- (549): k = 0.838902, Angular Flux L2-Error = 0.000000103967, Elapsed Time = 63867.128 s
-- (550): k = 0.838902, Angular Flux L2-Error = 0.000000102465, Elapsed Time = 63982.644 s
-- (551): k = 0.838902, Angular Flux L2-Error = 0.000000101661, Elapsed Time = 64098.149 s
-- (552): k = 0.838902, Angular Flux L2-Error = 0.000000101054, Elapsed Time = 64213.638 s
-- (553): k = 0.838902, Angular Flux L2-Error = 0.000000101132, Elapsed Time = 64329.131 s
-- (554): k = 0.838902, Angular Flux L2-Error = 0.000000101299, Elapsed Time = 64444.627 s
-- (555): k = 0.838902, Angular Flux L2-Error = 0.000000100921, Elapsed Time = 64560.123 s
-- (556): k = 0.838902, Angular Flux L2-Error = 0.000000099898, Elapsed Time = 64675.625 s
-- (557): k = 0.838902, Angular Flux L2-Error = 0.000000098389, Elapsed Time = 64791.133 s
-- (558): k = 0.838902, Angular Flux L2-Error = 0.000000096849, Elapsed Time = 64913.293 s
-- (559): k = 0.838902, Angular Flux L2-Error = 0.000000095329, Elapsed Time = 65028.828 s
-- (560): k = 0.838902, Angular Flux L2-Error = 0.000000094582, Elapsed Time = 65144.360 s
-- (561): k = 0.838902, Angular Flux L2-Error = 0.000000094233, Elapsed Time = 65259.876 s
-- (562): k = 0.838902, Angular Flux L2-Error = 0.000000094544, Elapsed Time = 65375.390 s
-- (563): k = 0.838902, Angular Flux L2-Error = 0.000000094694, Elapsed Time = 65490.908 s
-- (564): k = 0.838902, Angular Flux L2-Error = 0.000000094292, Elapsed Time = 65606.434 s
-- (565): k = 0.838902, Angular Flux L2-Error = 0.000000093107, Elapsed Time = 65721.937 s
-- (566): k = 0.838902, Angular Flux L2-Error = 0.000000091414, Elapsed Time = 65837.447 s
-- (567): k = 0.838902, Angular Flux L2-Error = 0.000000089739, Elapsed Time = 65952.956 s
-- (568): k = 0.838902, Angular Flux L2-Error = 0.000000088384, Elapsed Time = 66068.453 s
-- (569): k = 0.838902, Angular Flux L2-Error = 0.000000087779, Elapsed Time = 66190.593 s
-- (570): k = 0.838902, Angular Flux L2-Error = 0.000000087742, Elapsed Time = 66306.095 s
-- (571): k = 0.838902, Angular Flux L2-Error = 0.000000088139, Elapsed Time = 66421.599 s
-- (572): k = 0.838902, Angular Flux L2-Error = 0.000000088099, Elapsed Time = 66537.103 s
-- (573): k = 0.838902, Angular Flux L2-Error = 0.000000087460, Elapsed Time = 66652.607 s
-- (574): k = 0.838902, Angular Flux L2-Error = 0.000000086238, Elapsed Time = 66768.104 s
-- (575): k = 0.838902, Angular Flux L2-Error = 0.000000084449, Elapsed Time = 66883.604 s
-- (576): k = 0.838902, Angular Flux L2-Error = 0.000000082694, Elapsed Time = 66999.112 s
-- (577): k = 0.838902, Angular Flux L2-Error = 0.000000081663, Elapsed Time = 67114.638 s
-- (578): k = 0.838902, Angular Flux L2-Error = 0.000000081470, Elapsed Time = 67230.154 s
-- (579): k = 0.838902, Angular Flux L2-Error = 0.000000081607, Elapsed Time = 67345.666 s
-- (580): k = 0.838902, Angular Flux L2-Error = 0.000000081925, Elapsed Time = 67467.827 s
-- (581): k = 0.838902, Angular Flux L2-Error = 0.000000081825, Elapsed Time = 67583.321 s
-- (582): k = 0.838902, Angular Flux L2-Error = 0.000000080993, Elapsed Time = 67698.831 s
-- (583): k = 0.838902, Angular Flux L2-Error = 0.000000079379, Elapsed Time = 67814.338 s
-- (584): k = 0.838902, Angular Flux L2-Error = 0.000000077578, Elapsed Time = 67929.844 s
-- (585): k = 0.838902, Angular Flux L2-Error = 0.000000076228, Elapsed Time = 68045.347 s
-- (586): k = 0.838902, Angular Flux L2-Error = 0.000000075405, Elapsed Time = 68160.844 s
-- (587): k = 0.838902, Angular Flux L2-Error = 0.000000075356, Elapsed Time = 68276.355 s
-- (588): k = 0.838902, Angular Flux L2-Error = 0.000000075778, Elapsed Time = 68391.856 s
-- (589): k = 0.838902, Angular Flux L2-Error = 0.000000075850, Elapsed Time = 68507.342 s
-- (590): k = 0.838902, Angular Flux L2-Error = 0.000000075285, Elapsed Time = 68622.844 s
-- (591): k = 0.838902, Angular Flux L2-Error = 0.000000074056, Elapsed Time = 68744.941 s
-- (592): k = 0.838902, Angular Flux L2-Error = 0.000000072586, Elapsed Time = 68860.450 s
-- (593): k = 0.838902, Angular Flux L2-Error = 0.000000070955, Elapsed Time = 68975.957 s
-- (594): k = 0.838902, Angular Flux L2-Error = 0.000000069922, Elapsed Time = 69091.464 s
-- (595): k = 0.838902, Angular Flux L2-Error = 0.000000069615, Elapsed Time = 69206.990 s
-- (596): k = 0.838902, Angular Flux L2-Error = 0.000000069763, Elapsed Time = 69322.513 s
-- (597): k = 0.838902, Angular Flux L2-Error = 0.000000069876, Elapsed Time = 69438.035 s
-- (598): k = 0.838902, Angular Flux L2-Error = 0.000000069745, Elapsed Time = 69553.557 s
-- (599): k = 0.838902, Angular Flux L2-Error = 0.000000069008, Elapsed Time = 69669.084 s
-- (600): k = 0.838902, Angular Flux L2-Error = 0.000000067662, Elapsed Time = 69784.591 s
-- (601): k = 0.838902, Angular Flux L2-Error = 0.000000066163, Elapsed Time = 69903.408 s
-- (602): k = 0.838902, Angular Flux L2-Error = 0.000000065032, Elapsed Time = 70022.160 s
-- (603): k = 0.838902, Angular Flux L2-Error = 0.000000064475, Elapsed Time = 70137.681 s
-- (604): k = 0.838902, Angular Flux L2-Error = 0.000000064291, Elapsed Time = 70253.198 s
-- (605): k = 0.838902, Angular Flux L2-Error = 0.000000064424, Elapsed Time = 70368.719 s
-- (606): k = 0.838902, Angular Flux L2-Error = 0.000000064357, Elapsed Time = 70484.215 s
-- (607): k = 0.838902, Angular Flux L2-Error = 0.000000063845, Elapsed Time = 70599.723 s
-- (608): k = 0.838902, Angular Flux L2-Error = 0.000000062937, Elapsed Time = 70715.237 s
-- (609): k = 0.838902, Angular Flux L2-Error = 0.000000061806, Elapsed Time = 70830.737 s
-- (610): k = 0.838902, Angular Flux L2-Error = 0.000000060596, Elapsed Time = 70946.244 s
-- (611): k = 0.838902, Angular Flux L2-Error = 0.000000059839, Elapsed Time = 71061.744 s
-- (612): k = 0.838902, Angular Flux L2-Error = 0.000000059549, Elapsed Time = 71183.777 s
-- (613): k = 0.838902, Angular Flux L2-Error = 0.000000059310, Elapsed Time = 71299.272 s
-- (614): k = 0.838902, Angular Flux L2-Error = 0.000000059233, Elapsed Time = 71414.768 s
-- (615): k = 0.838902, Angular Flux L2-Error = 0.000000059077, Elapsed Time = 71530.277 s
-- (616): k = 0.838902, Angular Flux L2-Error = 0.000000058379, Elapsed Time = 71645.779 s
-- (617): k = 0.838902, Angular Flux L2-Error = 0.000000057454, Elapsed Time = 71761.283 s
-- (618): k = 0.838902, Angular Flux L2-Error = 0.000000056595, Elapsed Time = 71876.789 s
-- (619): k = 0.838902, Angular Flux L2-Error = 0.000000055716, Elapsed Time = 71992.292 s
-- (620): k = 0.838902, Angular Flux L2-Error = 0.000000055110, Elapsed Time = 72107.784 s
-- (621): k = 0.838902, Angular Flux L2-Error = 0.000000054865, Elapsed Time = 72223.269 s
-- (622): k = 0.838902, Angular Flux L2-Error = 0.000000054700, Elapsed Time = 72338.761 s
-- (623): k = 0.838902, Angular Flux L2-Error = 0.000000054492, Elapsed Time = 72460.922 s
-- (624): k = 0.838902, Angular Flux L2-Error = 0.000000054090, Elapsed Time = 72576.424 s
-- (625): k = 0.838902, Angular Flux L2-Error = 0.000000053335, Elapsed Time = 72691.937 s
-- (626): k = 0.838902, Angular Flux L2-Error = 0.000000052618, Elapsed Time = 72807.445 s
-- (627): k = 0.838902, Angular Flux L2-Error = 0.000000051915, Elapsed Time = 72922.943 s
-- (628): k = 0.838902, Angular Flux L2-Error = 0.000000051359, Elapsed Time = 73038.439 s
-- (629): k = 0.838902, Angular Flux L2-Error = 0.000000050959, Elapsed Time = 73153.957 s
-- (630): k = 0.838902, Angular Flux L2-Error = 0.000000050674, Elapsed Time = 73269.457 s
-- (631): k = 0.838902, Angular Flux L2-Error = 0.000000050471, Elapsed Time = 73384.954 s
-- (632): k = 0.838902, Angular Flux L2-Error = 0.000000050147, Elapsed Time = 73500.453 s
-- (633): k = 0.838902, Angular Flux L2-Error = 0.000000049685, Elapsed Time = 73615.963 s
-- (634): k = 0.838902, Angular Flux L2-Error = 0.000000049071, Elapsed Time = 73738.063 s
-- (635): k = 0.838902, Angular Flux L2-Error = 0.000000048513, Elapsed Time = 73853.572 s
-- (636): k = 0.838902, Angular Flux L2-Error = 0.000000047899, Elapsed Time = 73969.075 s
-- (637): k = 0.838902, Angular Flux L2-Error = 0.000000047516, Elapsed Time = 74084.566 s
-- (638): k = 0.838902, Angular Flux L2-Error = 0.000000047313, Elapsed Time = 74200.067 s
-- (639): k = 0.838902, Angular Flux L2-Error = 0.000000046981, Elapsed Time = 74315.576 s
-- (640): k = 0.838902, Angular Flux L2-Error = 0.000000046651, Elapsed Time = 74431.091 s
-- (641): k = 0.838902, Angular Flux L2-Error = 0.000000046258, Elapsed Time = 74546.611 s
-- (642): k = 0.838902, Angular Flux L2-Error = 0.000000045779, Elapsed Time = 74662.137 s
-- (643): k = 0.838902, Angular Flux L2-Error = 0.000000045279, Elapsed Time = 74777.657 s
-- (644): k = 0.838902, Angular Flux L2-Error = 0.000000044902, Elapsed Time = 74893.185 s
-- (645): k = 0.838902, Angular Flux L2-Error = 0.000000044485, Elapsed Time = 75015.944 s
-- (646): k = 0.838902, Angular Flux L2-Error = 0.000000044188, Elapsed Time = 75131.463 s
-- (647): k = 0.838902, Angular Flux L2-Error = 0.000000043852, Elapsed Time = 75246.994 s
-- (648): k = 0.838902, Angular Flux L2-Error = 0.000000043511, Elapsed Time = 75362.525 s
-- (649): k = 0.838902, Angular Flux L2-Error = 0.000000043135, Elapsed Time = 75478.055 s
-- (650): k = 0.838902, Angular Flux L2-Error = 0.000000042801, Elapsed Time = 75593.564 s
-- (651): k = 0.838902, Angular Flux L2-Error = 0.000000042367, Elapsed Time = 75709.091 s
-- (652): k = 0.838902, Angular Flux L2-Error = 0.000000041992, Elapsed Time = 75824.607 s
-- (653): k = 0.838902, Angular Flux L2-Error = 0.000000041684, Elapsed Time = 75940.119 s
-- (654): k = 0.838902, Angular Flux L2-Error = 0.000000041361, Elapsed Time = 76055.629 s
-- (655): k = 0.838902, Angular Flux L2-Error = 0.000000041140, Elapsed Time = 76171.141 s
-- (656): k = 0.838902, Angular Flux L2-Error = 0.000000040729, Elapsed Time = 76293.316 s
-- (657): k = 0.838902, Angular Flux L2-Error = 0.000000040327, Elapsed Time = 76408.825 s
-- (658): k = 0.838902, Angular Flux L2-Error = 0.000000039995, Elapsed Time = 76524.331 s
-- (659): k = 0.838902, Angular Flux L2-Error = 0.000000039743, Elapsed Time = 76639.848 s
-- (660): k = 0.838902, Angular Flux L2-Error = 0.000000039392, Elapsed Time = 76755.357 s
-- (661): k = 0.838902, Angular Flux L2-Error = 0.000000039079, Elapsed Time = 76870.862 s
-- (662): k = 0.838902, Angular Flux L2-Error = 0.000000038840, Elapsed Time = 76986.363 s
-- (663): k = 0.838902, Angular Flux L2-Error = 0.000000038475, Elapsed Time = 77101.889 s
-- (664): k = 0.838902, Angular Flux L2-Error = 0.000000038175, Elapsed Time = 77217.402 s
-- (665): k = 0.838902, Angular Flux L2-Error = 0.000000037778, Elapsed Time = 77332.921 s
-- (666): k = 0.838902, Angular Flux L2-Error = 0.000000037486, Elapsed Time = 77448.457 s
-- (667): k = 0.838902, Angular Flux L2-Error = 0.000000037249, Elapsed Time = 77570.632 s
-- (668): k = 0.838902, Angular Flux L2-Error = 0.000000037006, Elapsed Time = 77686.180 s
-- (669): k = 0.838902, Angular Flux L2-Error = 0.000000036735, Elapsed Time = 77801.720 s
-- (670): k = 0.838902, Angular Flux L2-Error = 0.000000036470, Elapsed Time = 77917.262 s
-- (671): k = 0.838902, Angular Flux L2-Error = 0.000000036141, Elapsed Time = 78032.800 s
-- (672): k = 0.838902, Angular Flux L2-Error = 0.000000035781, Elapsed Time = 78148.325 s
-- (673): k = 0.838902, Angular Flux L2-Error = 0.000000035423, Elapsed Time = 78263.832 s
-- (674): k = 0.838902, Angular Flux L2-Error = 0.000000035076, Elapsed Time = 78379.364 s
-- (675): k = 0.838902, Angular Flux L2-Error = 0.000000034836, Elapsed Time = 78494.899 s
-- (676): k = 0.838902, Angular Flux L2-Error = 0.000000034700, Elapsed Time = 78610.417 s
-- (677): k = 0.838902, Angular Flux L2-Error = 0.000000034540, Elapsed Time = 78733.866 s
-- (678): k = 0.838902, Angular Flux L2-Error = 0.000000034302, Elapsed Time = 78849.393 s
-- (679): k = 0.838902, Angular Flux L2-Error = 0.000000033968, Elapsed Time = 78964.937 s
-- (680): k = 0.838902, Angular Flux L2-Error = 0.000000033600, Elapsed Time = 79080.489 s
-- (681): k = 0.838902, Angular Flux L2-Error = 0.000000033136, Elapsed Time = 79196.036 s
-- (682): k = 0.838902, Angular Flux L2-Error = 0.000000032785, Elapsed Time = 79311.576 s
-- (683): k = 0.838902, Angular Flux L2-Error = 0.000000032593, Elapsed Time = 79427.118 s
-- (684): k = 0.838902, Angular Flux L2-Error = 0.000000032444, Elapsed Time = 79542.655 s
-- (685): k = 0.838902, Angular Flux L2-Error = 0.000000032346, Elapsed Time = 79658.200 s
-- (686): k = 0.838902, Angular Flux L2-Error = 0.000000032247, Elapsed Time = 79773.732 s
-- (687): k = 0.838902, Angular Flux L2-Error = 0.000000031972, Elapsed Time = 79889.256 s
-- (688): k = 0.838902, Angular Flux L2-Error = 0.000000031522, Elapsed Time = 80011.302 s
-- (689): k = 0.838902, Angular Flux L2-Error = 0.000000031036, Elapsed Time = 80126.840 s
-- (690): k = 0.838902, Angular Flux L2-Error = 0.000000030619, Elapsed Time = 80242.369 s
-- (691): k = 0.838902, Angular Flux L2-Error = 0.000000030412, Elapsed Time = 80357.908 s
-- (692): k = 0.838902, Angular Flux L2-Error = 0.000000030278, Elapsed Time = 80473.444 s
-- (693): k = 0.838902, Angular Flux L2-Error = 0.000000030278, Elapsed Time = 80593.971 s
-- (694): k = 0.838902, Angular Flux L2-Error = 0.000000030234, Elapsed Time = 80712.750 s
-- (695): k = 0.838902, Angular Flux L2-Error = 0.000000029967, Elapsed Time = 80832.350 s
-- (696): k = 0.838902, Angular Flux L2-Error = 0.000000029548, Elapsed Time = 80949.681 s
-- (697): k = 0.838902, Angular Flux L2-Error = 0.000000029098, Elapsed Time = 81065.214 s
-- (698): k = 0.838902, Angular Flux L2-Error = 0.000000028594, Elapsed Time = 81180.738 s
-- (699): k = 0.838902, Angular Flux L2-Error = 0.000000028271, Elapsed Time = 81296.253 s
-- (700): k = 0.838902, Angular Flux L2-Error = 0.000000028223, Elapsed Time = 81411.782 s
-- (701): k = 0.838902, Angular Flux L2-Error = 0.000000028207, Elapsed Time = 81527.323 s
-- (702): k = 0.838902, Angular Flux L2-Error = 0.000000028210, Elapsed Time = 81642.857 s
-- (703): k = 0.838902, Angular Flux L2-Error = 0.000000028075, Elapsed Time = 81758.388 s
-- (704): k = 0.838902, Angular Flux L2-Error = 0.000000027668, Elapsed Time = 81873.927 s
-- (705): k = 0.838902, Angular Flux L2-Error = 0.000000027162, Elapsed Time = 81989.457 s
-- (706): k = 0.838902, Angular Flux L2-Error = 0.000000026698, Elapsed Time = 82104.993 s
-- (707): k = 0.838902, Angular Flux L2-Error = 0.000000026283, Elapsed Time = 82220.532 s
-- (708): k = 0.838902, Angular Flux L2-Error = 0.000000026183, Elapsed Time = 82336.074 s
-- (709): k = 0.838902, Angular Flux L2-Error = 0.000000026218, Elapsed Time = 82451.627 s
-- (710): k = 0.838902, Angular Flux L2-Error = 0.000000026246, Elapsed Time = 82567.176 s
-- (711): k = 0.838902, Angular Flux L2-Error = 0.000000026176, Elapsed Time = 82682.715 s
-- (712): k = 0.838902, Angular Flux L2-Error = 0.000000025864, Elapsed Time = 82798.251 s
-- (713): k = 0.838902, Angular Flux L2-Error = 0.000000025356, Elapsed Time = 82913.813 s
-- (714): k = 0.838902, Angular Flux L2-Error = 0.000000024861, Elapsed Time = 83029.361 s
-- (715): k = 0.838902, Angular Flux L2-Error = 0.000000024513, Elapsed Time = 83144.894 s
-- (716): k = 0.838902, Angular Flux L2-Error = 0.000000024298, Elapsed Time = 83260.443 s
-- (717): k = 0.838902, Angular Flux L2-Error = 0.000000024290, Elapsed Time = 83375.986 s
-- (718): k = 0.838902, Angular Flux L2-Error = 0.000000024359, Elapsed Time = 83491.520 s
-- (719): k = 0.838902, Angular Flux L2-Error = 0.000000024329, Elapsed Time = 83607.052 s
-- (720): k = 0.838902, Angular Flux L2-Error = 0.000000024050, Elapsed Time = 83722.591 s
-- (721): k = 0.838902, Angular Flux L2-Error = 0.000000023631, Elapsed Time = 83838.106 s
-- (722): k = 0.838902, Angular Flux L2-Error = 0.000000023191, Elapsed Time = 83953.646 s
-- (723): k = 0.838902, Angular Flux L2-Error = 0.000000022785, Elapsed Time = 84069.175 s
-- (724): k = 0.838902, Angular Flux L2-Error = 0.000000022550, Elapsed Time = 84184.671 s
-- (725): k = 0.838902, Angular Flux L2-Error = 0.000000022520, Elapsed Time = 84300.171 s
-- (726): k = 0.838902, Angular Flux L2-Error = 0.000000022534, Elapsed Time = 84415.662 s
-- (727): k = 0.838902, Angular Flux L2-Error = 0.000000022528, Elapsed Time = 84531.165 s
-- (728): k = 0.838902, Angular Flux L2-Error = 0.000000022329, Elapsed Time = 84646.678 s
-- (729): k = 0.838902, Angular Flux L2-Error = 0.000000021992, Elapsed Time = 84762.177 s
-- (730): k = 0.838902, Angular Flux L2-Error = 0.000000021531, Elapsed Time = 84877.680 s
-- (731): k = 0.838902, Angular Flux L2-Error = 0.000000021141, Elapsed Time = 84993.177 s
-- (732): k = 0.838902, Angular Flux L2-Error = 0.000000020956, Elapsed Time = 85108.679 s
-- (733): k = 0.838902, Angular Flux L2-Error = 0.000000020855, Elapsed Time = 85224.165 s
-- (734): k = 0.838902, Angular Flux L2-Error = 0.000000020869, Elapsed Time = 85339.666 s
-- (735): k = 0.838902, Angular Flux L2-Error = 0.000000020873, Elapsed Time = 85455.167 s
-- (736): k = 0.838902, Angular Flux L2-Error = 0.000000020712, Elapsed Time = 85570.664 s
-- (737): k = 0.838902, Angular Flux L2-Error = 0.000000020410, Elapsed Time = 85686.146 s
-- (738): k = 0.838902, Angular Flux L2-Error = 0.000000020030, Elapsed Time = 85809.173 s
-- (739): k = 0.838902, Angular Flux L2-Error = 0.000000019712, Elapsed Time = 85934.216 s
-- (740): k = 0.838902, Angular Flux L2-Error = 0.000000019480, Elapsed Time = 86058.755 s
-- (741): k = 0.838902, Angular Flux L2-Error = 0.000000019412, Elapsed Time = 86182.039 s
-- (742): k = 0.838902, Angular Flux L2-Error = 0.000000019341, Elapsed Time = 86307.375 s
-- (743): k = 0.838902, Angular Flux L2-Error = 0.000000019300, Elapsed Time = 86428.976 s
-- (744): k = 0.838902, Angular Flux L2-Error = 0.000000019191, Elapsed Time = 86551.431 s
-- (745): k = 0.838902, Angular Flux L2-Error = 0.000000018937, Elapsed Time = 86676.233 s
-- (746): k = 0.838902, Angular Flux L2-Error = 0.000000018630, Elapsed Time = 86795.327 s
-- (747): k = 0.838902, Angular Flux L2-Error = 0.000000018326, Elapsed Time = 86914.326 s
-- (748): k = 0.838902, Angular Flux L2-Error = 0.000000018111, Elapsed Time = 87033.286 s
-- (749): k = 0.838902, Angular Flux L2-Error = 0.000000017998, Elapsed Time = 87152.236 s
-- (750): k = 0.838902, Angular Flux L2-Error = 0.000000017938, Elapsed Time = 87273.935 s
-- (751): k = 0.838902, Angular Flux L2-Error = 0.000000017900, Elapsed Time = 87392.915 s
-- (752): k = 0.838902, Angular Flux L2-Error = 0.000000017777, Elapsed Time = 87511.882 s
-- (753): k = 0.838902, Angular Flux L2-Error = 0.000000017558, Elapsed Time = 87631.230 s
-- (754): k = 0.838902, Angular Flux L2-Error = 0.000000017319, Elapsed Time = 87746.720 s
-- (755): k = 0.838902, Angular Flux L2-Error = 0.000000017000, Elapsed Time = 87862.207 s
-- (756): k = 0.838902, Angular Flux L2-Error = 0.000000016843, Elapsed Time = 87977.705 s
-- (757): k = 0.838902, Angular Flux L2-Error = 0.000000016727, Elapsed Time = 88093.198 s
-- (758): k = 0.838902, Angular Flux L2-Error = 0.000000016679, Elapsed Time = 88208.667 s
-- (759): k = 0.838902, Angular Flux L2-Error = 0.000000016598, Elapsed Time = 88324.153 s
-- (760): k = 0.838902, Angular Flux L2-Error = 0.000000016490, Elapsed Time = 88439.657 s
-- (761): k = 0.838902, Angular Flux L2-Error = 0.000000016300, Elapsed Time = 88555.172 s
-- (762): k = 0.838902, Angular Flux L2-Error = 0.000000016085, Elapsed Time = 88670.674 s
-- (763): k = 0.838902, Angular Flux L2-Error = 0.000000015866, Elapsed Time = 88786.187 s
-- (764): k = 0.838902, Angular Flux L2-Error = 0.000000015693, Elapsed Time = 88908.797 s
-- (765): k = 0.838902, Angular Flux L2-Error = 0.000000015596, Elapsed Time = 89024.293 s
-- (766): k = 0.838902, Angular Flux L2-Error = 0.000000015523, Elapsed Time = 89139.799 s
-- (767): k = 0.838902, Angular Flux L2-Error = 0.000000015458, Elapsed Time = 89255.305 s
-- (768): k = 0.838902, Angular Flux L2-Error = 0.000000015340, Elapsed Time = 89370.803 s
-- (769): k = 0.838902, Angular Flux L2-Error = 0.000000015161, Elapsed Time = 89486.287 s
-- (770): k = 0.838902, Angular Flux L2-Error = 0.000000014956, Elapsed Time = 89601.768 s
-- (771): k = 0.838902, Angular Flux L2-Error = 0.000000014794, Elapsed Time = 89717.240 s
-- (772): k = 0.838902, Angular Flux L2-Error = 0.000000014631, Elapsed Time = 89832.721 s
-- (773): k = 0.838902, Angular Flux L2-Error = 0.000000014549, Elapsed Time = 89948.210 s
-- (774): k = 0.838902, Angular Flux L2-Error = 0.000000014503, Elapsed Time = 90063.707 s
-- (775): k = 0.838902, Angular Flux L2-Error = 0.000000014401, Elapsed Time = 90186.655 s
-- (776): k = 0.838902, Angular Flux L2-Error = 0.000000014275, Elapsed Time = 90302.153 s
-- (777): k = 0.838902, Angular Flux L2-Error = 0.000000014099, Elapsed Time = 90417.630 s
-- (778): k = 0.838902, Angular Flux L2-Error = 0.000000013923, Elapsed Time = 90533.103 s
-- (779): k = 0.838902, Angular Flux L2-Error = 0.000000013753, Elapsed Time = 90648.572 s
-- (780): k = 0.838902, Angular Flux L2-Error = 0.000000013649, Elapsed Time = 90764.053 s
-- (781): k = 0.838902, Angular Flux L2-Error = 0.000000013584, Elapsed Time = 90879.527 s
-- (782): k = 0.838902, Angular Flux L2-Error = 0.000000013523, Elapsed Time = 90994.997 s
-- (783): k = 0.838902, Angular Flux L2-Error = 0.000000013435, Elapsed Time = 91110.455 s
-- (784): k = 0.838902, Angular Flux L2-Error = 0.000000013300, Elapsed Time = 91225.927 s
-- (785): k = 0.838902, Angular Flux L2-Error = 0.000000013163, Elapsed Time = 91348.229 s
-- (786): k = 0.838902, Angular Flux L2-Error = 0.000000012978, Elapsed Time = 91463.708 s
-- (787): k = 0.838902, Angular Flux L2-Error = 0.000000012836, Elapsed Time = 91579.185 s
-- (788): k = 0.838902, Angular Flux L2-Error = 0.000000012751, Elapsed Time = 91694.682 s
-- (789): k = 0.838902, Angular Flux L2-Error = 0.000000012695, Elapsed Time = 91810.169 s
-- (790): k = 0.838902, Angular Flux L2-Error = 0.000000012635, Elapsed Time = 91925.645 s
-- (791): k = 0.838902, Angular Flux L2-Error = 0.000000012550, Elapsed Time = 92041.102 s
-- (792): k = 0.838902, Angular Flux L2-Error = 0.000000012436, Elapsed Time = 92156.576 s
-- (793): k = 0.838902, Angular Flux L2-Error = 0.000000012258, Elapsed Time = 92272.062 s
-- (794): k = 0.838902, Angular Flux L2-Error = 0.000000012077, Elapsed Time = 92387.549 s
-- (795): k = 0.838902, Angular Flux L2-Error = 0.000000011959, Elapsed Time = 92503.034 s
-- (796): k = 0.838902, Angular Flux L2-Error = 0.000000011895, Elapsed Time = 92625.729 s
-- (797): k = 0.838902, Angular Flux L2-Error = 0.000000011846, Elapsed Time = 92741.206 s
-- (798): k = 0.838902, Angular Flux L2-Error = 0.000000011809, Elapsed Time = 92856.678 s
-- (799): k = 0.838902, Angular Flux L2-Error = 0.000000011741, Elapsed Time = 92972.155 s
-- (800): k = 0.838902, Angular Flux L2-Error = 0.000000011600, Elapsed Time = 93087.621 s
-- (801): k = 0.838902, Angular Flux L2-Error = 0.000000011424, Elapsed Time = 93203.098 s
-- (802): k = 0.838902, Angular Flux L2-Error = 0.000000011277, Elapsed Time = 93318.555 s
-- (803): k = 0.838902, Angular Flux L2-Error = 0.000000011167, Elapsed Time = 93434.016 s
-- (804): k = 0.838902, Angular Flux L2-Error = 0.000000011100, Elapsed Time = 93549.480 s
-- (805): k = 0.838902, Angular Flux L2-Error = 0.000000011074, Elapsed Time = 93664.950 s
-- (806): k = 0.838902, Angular Flux L2-Error = 0.000000011061, Elapsed Time = 93780.415 s
-- (807): k = 0.838902, Angular Flux L2-Error = 0.000000010961, Elapsed Time = 93902.426 s
-- (808): k = 0.838902, Angular Flux L2-Error = 0.000000010824, Elapsed Time = 94017.912 s
-- (809): k = 0.838902, Angular Flux L2-Error = 0.000000010646, Elapsed Time = 94133.398 s
-- (810): k = 0.838902, Angular Flux L2-Error = 0.000000010503, Elapsed Time = 94248.875 s
-- (811): k = 0.838902, Angular Flux L2-Error = 0.000000010388, Elapsed Time = 94364.335 s
-- (812): k = 0.838902, Angular Flux L2-Error = 0.000000010339, Elapsed Time = 94479.804 s
-- (813): k = 0.838902, Angular Flux L2-Error = 0.000000010333, Elapsed Time = 94595.274 s
-- (814): k = 0.838902, Angular Flux L2-Error = 0.000000010308, Elapsed Time = 94710.760 s
-- (815): k = 0.838902, Angular Flux L2-Error = 0.000000010235, Elapsed Time = 94826.247 s
-- (816): k = 0.838902, Angular Flux L2-Error = 0.000000010098, Elapsed Time = 94941.738 s
-- (817): k = 0.838902, Angular Flux L2-Error = 0.000000009925, Elapsed Time = 95057.230 s
-- Converged!
