Name,Shape,Ranks,Entries,Compression,Elapsed Time (s)
H,"[(4, 4), (8, 8), (8, 8), (7, 7), (12, 12), (12, 12), (12, 12)]","[3, 3, 3, 6, 23, 9]",53058,180722660.55591995,39.8388831615448
S,"[(4, 4), (8, 8), (8, 8), (7, 7), (12, 12), (12, 12), (12, 12)]","[3, 3, 2, 4, 9, 5]",13784,695645888.2600116,39.83891320228577
F,"[(4, 4), (8, 8), (8, 8), (7, 7), (12, 12), (12, 12), (12, 12)]","[1, 1, 1, 2, 4, 4]",4274,2243514956.4286385,39.838929653167725
B_out,"[(4, 4), (8, 8), (8, 8), (7, 7), (12, 12), (12, 12), (12, 12)]","[4, 18, 60, 62, 47, 3]",696424,13768599.192124339,39.83894491195679
B_in,"[(4, 4), (8, 8), (8, 8), (7, 7), (12, 12), (12, 12), (12, 12)]","[8, 22, 64, 66, 51, 4]",823136,11649087.057030672,39.83895754814148
