Name,Shape,Entries,Compression,Elapsed Time (s)
H,"(655360, 655360)",71761921,5985.022747649133,17.697304248809814
S,"(655360, 655360)",29760,14432013.76344086,17.697328805923462
F,"(655360, 655360)",25664,16735377.556109726,17.6973397731781
B_out,"(655360, 655360)",2002821,214445.8888737436,17.697349309921265
B_in,"(655360, 655360)",1671169,257003.76778171447,17.697357654571533
