Name,Shape,Entries,Compression,Elapsed Time (s)
H,"(12386304, 12386304)",514031617,298465.1560458702,86.07940435409546
B_out,"(12386304, 12386304)",29611569,5181100.8994631795,86.07943487167358
B_in,"(12386304, 12386304)",29754621,5156191.597278822,86.0794506072998
S,"(12386304, 12386304)",292629536,524282.4387365191,86.07946467399597
F,"(12386304, 12386304)",146313248,1048575.7706671647,86.07947778701782
