Name,Shape,Entries,Compression,Elapsed Time (s)
H,"(7077888, 7077888)",293732353,170551.51749165336,68.59143114089966
S,"(7077888, 7077888)",2990144,16753874.91055414,68.59145784378052
q,torch.Size([7077888]),7077888,1.0,68.59147620201111
B_out,"(7077888, 7077888)",16888769,2966261.1017146367,68.5914843082428
B_in,"(7077888, 7077888)",16527493,3031100.877824846,68.59149074554443
