IGAMesh(id=0, name=None, num_patches=12, reflective_boundaries=True)
  -> Patch(material=Source, source=IsotropicInternalSource, id=0, name=None, shape=(16, 16), backend=geomdl)
  -> Patch(material=Void, source=None, id=1, name=None, shape=(16, 16), backend=geomdl)
  -> Patch(material=Shield, source=None, id=2, name=None, shape=(16, 16), backend=geomdl)
  -> Patch(material=Void, source=None, id=3, name=None, shape=(16, 16), backend=geomdl)
  -> Patch(material=Source, source=IsotropicInternalSource, id=4, name=None, shape=(16, 16), backend=geomdl)
  -> Patch(material=Void, source=None, id=5, name=None, shape=(16, 16), backend=geomdl)
  -> Patch(material=Shield, source=None, id=6, name=None, shape=(16, 16), backend=geomdl)
  -> Patch(material=Void, source=None, id=7, name=None, shape=(16, 16), backend=geomdl)
  -> Patch(material=Source, source=IsotropicInternalSource, id=8, name=None, shape=(16, 16), backend=geomdl)
  -> Patch(material=Void, source=None, id=9, name=None, shape=(16, 16), backend=geomdl)
  -> Patch(material=Shield, source=None, id=10, name=None, shape=(16, 16), backend=geomdl)
  -> Patch(material=Void, source=None, id=11, name=None, shape=(16, 16), backend=geomdl)
===========================================================================
Running MatrixAssembler.build()
Discretization: N = 4096, G = 1, P = 12, A = 16, B = 16
Operators: H, S, q, B_out, B_in
---------------------------------------------------------------------------
  0%|          | 0/12 [00:00<?, ?it/s]
---------------------------------------------------------------------------
Final Operators (Elapsed Time: 153.48 s)
Step            Shape                     Compression
H               12582912,12582912          159025.74
S               12582912,12582912         16769823.70
q               12582912                        1.00
B_out           12582912,12582912         5135563.17
B_in            12582912,12582912         5261573.46
===========================================================================
===========================================================================
Running TTAssembler.build()
Discretization: N = 4096, G = 1, P = 12, A = 16, B = 16
Operators: H, S, B_out, B_in
---------------------------------------------------------------------------
  0%|          | 0/12 [00:00<?, ?it/s]
---------------------------------------------------------------------------
Final Operators (Elapsed Time: 359.0 s)
Step            Ranks                     Compression
H               3,3,3,25,17               1111615889.69
S               1,1,1,6,6                 11573806608.17
B_out           4,64,106,61,6             19225592.37
B_in            6,66,110,64,6             17683669.56
===========================================================================
CSR
Total Compression: 154834.58692095912
Running batched GMRES on GPU 0
-- (1): |r| = 6.298953211802, |r|/|b| = 0.533990251503, Elapsed Time = 8.079 s
-- (2): |r| = 4.376290805098, |r|/|b| = 0.370997616443, Elapsed Time = 15.994 s
-- (3): |r| = 2.951553578625, |r|/|b| = 0.250216311310, Elapsed Time = 23.902 s
-- (4): |r| = 2.207751570274, |r|/|b| = 0.187160910174, Elapsed Time = 31.804 s
-- (5): |r| = 1.766236539519, |r|/|b| = 0.149731719262, Elapsed Time = 39.703 s
-- (6): |r| = 1.476074186263, |r|/|b| = 0.125133367316, Elapsed Time = 47.599 s
-- (7): |r| = 1.264841601948, |r|/|b| = 0.107226242587, Elapsed Time = 55.492 s
-- (8): |r| = 1.102259508992, |r|/|b| = 0.093443436177, Elapsed Time = 63.385 s
-- (9): |r| = 0.974522591024, |r|/|b| = 0.082614610075, Elapsed Time = 71.277 s
-- (10): |r| = 0.871852321711, |r|/|b| = 0.073910795157, Elapsed Time = 79.162 s
-- (11): |r| = 0.786055437488, |r|/|b| = 0.066637412066, Elapsed Time = 87.033 s
-- (12): |r| = 0.714595655521, |r|/|b| = 0.060579448836, Elapsed Time = 94.907 s
-- (13): |r| = 0.655981519471, |r|/|b| = 0.055610468087, Elapsed Time = 102.779 s
-- (14): |r| = 0.606992911891, |r|/|b| = 0.051457486154, Elapsed Time = 110.653 s
-- (15): |r| = 0.565921034375, |r|/|b| = 0.047975640605, Elapsed Time = 118.528 s
-- (16): |r| = 0.530659778131, |r|/|b| = 0.044986387239, Elapsed Time = 126.402 s
-- (17): |r| = 0.498838720912, |r|/|b| = 0.042288774830, Elapsed Time = 134.277 s
-- (18): |r| = 0.469845668415, |r|/|b| = 0.039830904947, Elapsed Time = 142.152 s
-- (19): |r| = 0.443033741410, |r|/|b| = 0.037557938763, Elapsed Time = 150.027 s
-- (20): |r| = 0.418501644651, |r|/|b| = 0.035478243919, Elapsed Time = 157.902 s
-- (21): |r| = 0.396366643109, |r|/|b| = 0.033601761487, Elapsed Time = 165.778 s
-- (22): |r| = 0.376493320867, |r|/|b| = 0.031917011659, Elapsed Time = 173.655 s
-- (23): |r| = 0.358170383337, |r|/|b| = 0.030363694831, Elapsed Time = 181.532 s
-- (24): |r| = 0.341523609159, |r|/|b| = 0.028952473819, Elapsed Time = 189.409 s
-- (25): |r| = 0.326269161813, |r|/|b| = 0.027659286538, Elapsed Time = 197.285 s
-- (26): |r| = 0.311968116143, |r|/|b| = 0.026446923354, Elapsed Time = 205.162 s
-- (27): |r| = 0.298421678254, |r|/|b| = 0.025298531624, Elapsed Time = 213.040 s
-- (28): |r| = 0.285725855489, |r|/|b| = 0.024222250317, Elapsed Time = 220.918 s
-- (29): |r| = 0.273895782274, |r|/|b| = 0.023219362447, Elapsed Time = 228.797 s
-- (30): |r| = 0.262886130813, |r|/|b| = 0.022286025374, Elapsed Time = 236.675 s
-- (31): |r| = 0.252628460304, |r|/|b| = 0.021416437068, Elapsed Time = 244.555 s
-- (32): |r| = 0.242989612717, |r|/|b| = 0.020599309130, Elapsed Time = 252.434 s
-- (33): |r| = 0.233871764684, |r|/|b| = 0.019826348640, Elapsed Time = 260.316 s
-- (34): |r| = 0.225191846060, |r|/|b| = 0.019090513371, Elapsed Time = 268.195 s
-- (35): |r| = 0.216928404429, |r|/|b| = 0.018389984708, Elapsed Time = 276.074 s
-- (36): |r| = 0.209128357918, |r|/|b| = 0.017728740107, Elapsed Time = 283.952 s
-- (37): |r| = 0.201821222984, |r|/|b| = 0.017109281812, Elapsed Time = 291.832 s
-- (38): |r| = 0.194970831670, |r|/|b| = 0.016528543702, Elapsed Time = 299.711 s
-- (39): |r| = 0.188503552021, |r|/|b| = 0.015980283671, Elapsed Time = 307.591 s
-- (40): |r| = 0.182290205620, |r|/|b| = 0.015453550689, Elapsed Time = 315.471 s
-- (41): |r| = 0.176259432491, |r|/|b| = 0.014942295255, Elapsed Time = 323.349 s
-- (42): |r| = 0.170398722217, |r|/|b| = 0.014445456804, Elapsed Time = 331.229 s
-- (43): |r| = 0.164743974139, |r|/|b| = 0.013966078684, Elapsed Time = 339.109 s
-- (44): |r| = 0.159347060548, |r|/|b| = 0.013508558339, Elapsed Time = 346.988 s
-- (45): |r| = 0.154164680921, |r|/|b| = 0.013069224992, Elapsed Time = 354.867 s
-- (46): |r| = 0.149156411243, |r|/|b| = 0.012644651718, Elapsed Time = 362.747 s
-- (47): |r| = 0.144331329911, |r|/|b| = 0.012235608135, Elapsed Time = 370.626 s
-- (48): |r| = 0.139731968588, |r|/|b| = 0.011845699839, Elapsed Time = 378.506 s
-- (49): |r| = 0.135372304940, |r|/|b| = 0.011476111781, Elapsed Time = 386.386 s
-- (50): |r| = 0.131234156103, |r|/|b| = 0.011125302517, Elapsed Time = 394.266 s
-- (51): |r| = 0.127240214078, |r|/|b| = 0.010786718306, Elapsed Time = 402.145 s
-- (52): |r| = 0.123446428273, |r|/|b| = 0.010465102226, Elapsed Time = 410.025 s
-- (53): |r| = 0.119844104357, |r|/|b| = 0.010159717222, Elapsed Time = 417.904 s
-- (54): |r| = 0.116409555567, |r|/|b| = 0.009868555261, Elapsed Time = 425.784 s
-- (55): |r| = 0.113148732017, |r|/|b| = 0.009592120760, Elapsed Time = 433.662 s
-- (56): |r| = 0.110030510337, |r|/|b| = 0.009327775253, Elapsed Time = 441.541 s
-- (57): |r| = 0.107044090426, |r|/|b| = 0.009074603168, Elapsed Time = 449.420 s
-- (58): |r| = 0.104159129105, |r|/|b| = 0.008830032178, Elapsed Time = 457.299 s
-- (59): |r| = 0.101378710440, |r|/|b| = 0.008594323734, Elapsed Time = 465.177 s
-- (60): |r| = 0.098725740215, |r|/|b| = 0.008369419660, Elapsed Time = 473.056 s
-- (61): |r| = 0.096207532408, |r|/|b| = 0.008155939995, Elapsed Time = 480.935 s
-- (62): |r| = 0.093799722701, |r|/|b| = 0.007951819268, Elapsed Time = 488.813 s
-- (63): |r| = 0.091464223759, |r|/|b| = 0.007753828645, Elapsed Time = 496.692 s
-- (64): |r| = 0.089177974718, |r|/|b| = 0.007560013156, Elapsed Time = 504.571 s
-- (65): |r| = 0.086948675706, |r|/|b| = 0.007371025573, Elapsed Time = 512.448 s
-- (66): |r| = 0.084798113414, |r|/|b| = 0.007188712852, Elapsed Time = 520.326 s
-- (67): |r| = 0.082743468603, |r|/|b| = 0.007014531482, Elapsed Time = 528.204 s
-- (68): |r| = 0.080795994201, |r|/|b| = 0.006849435424, Elapsed Time = 536.082 s
-- (69): |r| = 0.078969329457, |r|/|b| = 0.006694580937, Elapsed Time = 543.961 s
-- (70): |r| = 0.077259784250, |r|/|b| = 0.006549655194, Elapsed Time = 551.840 s
-- (71): |r| = 0.075655147350, |r|/|b| = 0.006413622995, Elapsed Time = 559.718 s
-- (72): |r| = 0.074127839939, |r|/|b| = 0.006284146359, Elapsed Time = 567.597 s
-- (73): |r| = 0.072647758939, |r|/|b| = 0.006158673316, Elapsed Time = 575.477 s
-- (74): |r| = 0.071201279585, |r|/|b| = 0.006036048835, Elapsed Time = 583.354 s
-- (75): |r| = 0.069775367155, |r|/|b| = 0.005915167902, Elapsed Time = 591.232 s
-- (76): |r| = 0.068356181791, |r|/|b| = 0.005794857253, Elapsed Time = 599.111 s
-- (77): |r| = 0.066934376799, |r|/|b| = 0.005674324526, Elapsed Time = 606.989 s
-- (78): |r| = 0.065508985075, |r|/|b| = 0.005553487737, Elapsed Time = 614.868 s
-- (79): |r| = 0.064091079089, |r|/|b| = 0.005433285546, Elapsed Time = 622.747 s
-- (80): |r| = 0.062705507239, |r|/|b| = 0.005315824464, Elapsed Time = 630.627 s
-- (81): |r| = 0.061379904555, |r|/|b| = 0.005203447235, Elapsed Time = 638.507 s
-- (82): |r| = 0.060148232894, |r|/|b| = 0.005099032955, Elapsed Time = 646.386 s
-- (83): |r| = 0.059009776666, |r|/|b| = 0.005002520962, Elapsed Time = 654.267 s
-- (84): |r| = 0.057965026473, |r|/|b| = 0.004913952846, Elapsed Time = 662.147 s
-- (85): |r| = 0.056997768204, |r|/|b| = 0.004831954065, Elapsed Time = 670.027 s
-- (86): |r| = 0.056076143554, |r|/|b| = 0.004753823849, Elapsed Time = 677.906 s
-- (87): |r| = 0.055183189534, |r|/|b| = 0.004678124169, Elapsed Time = 685.785 s
-- (88): |r| = 0.054305397229, |r|/|b| = 0.004603709815, Elapsed Time = 693.664 s
-- (89): |r| = 0.053434876276, |r|/|b| = 0.004529911886, Elapsed Time = 701.544 s
-- (90): |r| = 0.052571752484, |r|/|b| = 0.004456741047, Elapsed Time = 709.423 s
-- (91): |r| = 0.051713637064, |r|/|b| = 0.004383994790, Elapsed Time = 717.304 s
-- (92): |r| = 0.050862008091, |r|/|b| = 0.004311798418, Elapsed Time = 725.184 s
-- (93): |r| = 0.050020552894, |r|/|b| = 0.004240464522, Elapsed Time = 733.063 s
-- (94): |r| = 0.049200587227, |r|/|b| = 0.004170952389, Elapsed Time = 740.944 s
-- (95): |r| = 0.048408077948, |r|/|b| = 0.004103767856, Elapsed Time = 748.823 s
-- (96): |r| = 0.047641563290, |r|/|b| = 0.004038787003, Elapsed Time = 756.703 s
-- (97): |r| = 0.046897409728, |r|/|b| = 0.003975701799, Elapsed Time = 764.582 s
-- (98): |r| = 0.046173626961, |r|/|b| = 0.003914343518, Elapsed Time = 772.461 s
-- (99): |r| = 0.045468807792, |r|/|b| = 0.003854592865, Elapsed Time = 780.341 s
-- (100): |r| = 0.044783121300, |r|/|b| = 0.003796464175, Elapsed Time = 788.221 s
-- (101): |r| = 0.044116846663, |r|/|b| = 0.003739981113, Elapsed Time = 796.101 s
-- (102): |r| = 0.043467073387, |r|/|b| = 0.003684896946, Elapsed Time = 803.980 s
-- (103): |r| = 0.042830901562, |r|/|b| = 0.003630965833, Elapsed Time = 811.858 s
-- (104): |r| = 0.042205521355, |r|/|b| = 0.003577949574, Elapsed Time = 819.738 s
-- (105): |r| = 0.041588771741, |r|/|b| = 0.003525664969, Elapsed Time = 827.618 s
-- (106): |r| = 0.040979317491, |r|/|b| = 0.003473998824, Elapsed Time = 835.497 s
-- (107): |r| = 0.040376184111, |r|/|b| = 0.003422868528, Elapsed Time = 843.377 s
-- (108): |r| = 0.039778167488, |r|/|b| = 0.003372172002, Elapsed Time = 851.256 s
-- (109): |r| = 0.039184319996, |r|/|b| = 0.003321828911, Elapsed Time = 859.134 s
-- (110): |r| = 0.038596637477, |r|/|b| = 0.003272008453, Elapsed Time = 867.013 s
-- (111): |r| = 0.038019095228, |r|/|b| = 0.003223047630, Elapsed Time = 874.892 s
-- (112): |r| = 0.037457925898, |r|/|b| = 0.003175474813, Elapsed Time = 882.773 s
-- (113): |r| = 0.036915768881, |r|/|b| = 0.003129513754, Elapsed Time = 890.653 s
-- (114): |r| = 0.036391724157, |r|/|b| = 0.003085088154, Elapsed Time = 898.533 s
-- (115): |r| = 0.035883689612, |r|/|b| = 0.003042019808, Elapsed Time = 906.415 s
-- (116): |r| = 0.035390525503, |r|/|b| = 0.003000212095, Elapsed Time = 914.296 s
-- (117): |r| = 0.034912369770, |r|/|b| = 0.002959676709, Elapsed Time = 922.176 s
-- (118): |r| = 0.034449646319, |r|/|b| = 0.002920449586, Elapsed Time = 930.056 s
-- (119): |r| = 0.034001935012, |r|/|b| = 0.002882495110, Elapsed Time = 937.936 s
-- (120): |r| = 0.033566344498, |r|/|b| = 0.002845568166, Elapsed Time = 945.816 s
-- (121): |r| = 0.033140046608, |r|/|b| = 0.002809429000, Elapsed Time = 953.695 s
-- (122): |r| = 0.032720874491, |r|/|b| = 0.002773893917, Elapsed Time = 961.574 s
-- (123): |r| = 0.032307563527, |r|/|b| = 0.002738855710, Elapsed Time = 969.453 s
-- (124): |r| = 0.031898484246, |r|/|b| = 0.002704176242, Elapsed Time = 977.333 s
-- (125): |r| = 0.031492885811, |r|/|b| = 0.002669791861, Elapsed Time = 985.213 s
-- (126): |r| = 0.031088973342, |r|/|b| = 0.002635550406, Elapsed Time = 993.093 s
-- (127): |r| = 0.030686530960, |r|/|b| = 0.002601433577, Elapsed Time = 1000.974 s
-- (128): |r| = 0.030288389129, |r|/|b| = 0.002567681325, Elapsed Time = 1008.853 s
-- (129): |r| = 0.029899472714, |r|/|b| = 0.002534711152, Elapsed Time = 1016.733 s
-- (130): |r| = 0.029521939373, |r|/|b| = 0.002502705974, Elapsed Time = 1024.614 s
-- (131): |r| = 0.029153068269, |r|/|b| = 0.002471435131, Elapsed Time = 1032.494 s
-- (132): |r| = 0.028790495910, |r|/|b| = 0.002440698261, Elapsed Time = 1040.374 s
-- (133): |r| = 0.028435656802, |r|/|b| = 0.002410616973, Elapsed Time = 1048.255 s
-- (134): |r| = 0.028091108728, |r|/|b| = 0.002381408102, Elapsed Time = 1056.134 s
-- (135): |r| = 0.027755889494, |r|/|b| = 0.002352990078, Elapsed Time = 1064.013 s
-- (136): |r| = 0.027427072742, |r|/|b| = 0.002325114821, Elapsed Time = 1071.893 s
-- (137): |r| = 0.027102886294, |r|/|b| = 0.002297632096, Elapsed Time = 1079.771 s
-- (138): |r| = 0.026783961206, |r|/|b| = 0.002270595399, Elapsed Time = 1087.649 s
-- (139): |r| = 0.026471555876, |r|/|b| = 0.002244111411, Elapsed Time = 1095.527 s
-- (140): |r| = 0.026166640401, |r|/|b| = 0.002218262371, Elapsed Time = 1103.407 s
-- (141): |r| = 0.025869820638, |r|/|b| = 0.002193099641, Elapsed Time = 1111.287 s
-- (142): |r| = 0.025580929959, |r|/|b| = 0.002168609095, Elapsed Time = 1119.165 s
-- (143): |r| = 0.025299151923, |r|/|b| = 0.002144721519, Elapsed Time = 1127.045 s
-- (144): |r| = 0.025023709076, |r|/|b| = 0.002121371005, Elapsed Time = 1134.926 s
-- (145): |r| = 0.024753704334, |r|/|b| = 0.002098481503, Elapsed Time = 1142.805 s
-- (146): |r| = 0.024488034953, |r|/|b| = 0.002075959529, Elapsed Time = 1150.684 s
-- (147): |r| = 0.024227382178, |r|/|b| = 0.002053862835, Elapsed Time = 1158.564 s
-- (148): |r| = 0.023973508262, |r|/|b| = 0.002032340815, Elapsed Time = 1166.444 s
-- (149): |r| = 0.023727600952, |r|/|b| = 0.002011494160, Elapsed Time = 1174.325 s
-- (150): |r| = 0.023488664022, |r|/|b| = 0.001991238415, Elapsed Time = 1182.205 s
-- (151): |r| = 0.023254393669, |r|/|b| = 0.001971378276, Elapsed Time = 1190.086 s
-- (152): |r| = 0.023023211172, |r|/|b| = 0.001951779909, Elapsed Time = 1197.967 s
-- (153): |r| = 0.022794558226, |r|/|b| = 0.001932395982, Elapsed Time = 1205.848 s
-- (154): |r| = 0.022568285979, |r|/|b| = 0.001913213879, Elapsed Time = 1213.728 s
-- (155): |r| = 0.022344544570, |r|/|b| = 0.001894246325, Elapsed Time = 1221.609 s
-- (156): |r| = 0.022123617938, |r|/|b| = 0.001875517393, Elapsed Time = 1229.489 s
-- (157): |r| = 0.021905161055, |r|/|b| = 0.001856997832, Elapsed Time = 1237.369 s
-- (158): |r| = 0.021688737475, |r|/|b| = 0.001838650644, Elapsed Time = 1245.249 s
-- (159): |r| = 0.021473673715, |r|/|b| = 0.001820418733, Elapsed Time = 1253.129 s
-- (160): |r| = 0.021259367271, |r|/|b| = 0.001802251024, Elapsed Time = 1261.008 s
-- (161): |r| = 0.021046221720, |r|/|b| = 0.001784181729, Elapsed Time = 1268.889 s
-- (162): |r| = 0.020834367502, |r|/|b| = 0.001766221905, Elapsed Time = 1276.770 s
-- (163): |r| = 0.020623571487, |r|/|b| = 0.001748351790, Elapsed Time = 1284.649 s
-- (164): |r| = 0.020414041399, |r|/|b| = 0.001730588994, Elapsed Time = 1292.529 s
-- (165): |r| = 0.020206222257, |r|/|b| = 0.001712971242, Elapsed Time = 1300.409 s
-- (166): |r| = 0.020000227053, |r|/|b| = 0.001695508113, Elapsed Time = 1308.289 s
-- (167): |r| = 0.019796289904, |r|/|b| = 0.001678219455, Elapsed Time = 1316.170 s
-- (168): |r| = 0.019595265105, |r|/|b| = 0.001661177689, Elapsed Time = 1324.050 s
-- (169): |r| = 0.019398675045, |r|/|b| = 0.001644511876, Elapsed Time = 1331.929 s
-- (170): |r| = 0.019207418492, |r|/|b| = 0.001628298209, Elapsed Time = 1339.811 s
-- (171): |r| = 0.019020822574, |r|/|b| = 0.001612479644, Elapsed Time = 1347.692 s
-- (172): |r| = 0.018837922489, |r|/|b| = 0.001596974391, Elapsed Time = 1355.572 s
-- (173): |r| = 0.018658496836, |r|/|b| = 0.001581763681, Elapsed Time = 1363.452 s
-- (174): |r| = 0.018481424767, |r|/|b| = 0.001566752495, Elapsed Time = 1371.333 s
-- (175): |r| = 0.018306389110, |r|/|b| = 0.001551913944, Elapsed Time = 1379.213 s
-- (176): |r| = 0.018133520246, |r|/|b| = 0.001537259083, Elapsed Time = 1387.092 s
-- (177): |r| = 0.017964043532, |r|/|b| = 0.001522891789, Elapsed Time = 1394.972 s
-- (178): |r| = 0.017798721136, |r|/|b| = 0.001508876675, Elapsed Time = 1402.852 s
-- (179): |r| = 0.017636555201, |r|/|b| = 0.001495129148, Elapsed Time = 1410.732 s
-- (180): |r| = 0.017476789877, |r|/|b| = 0.001481585131, Elapsed Time = 1418.612 s
-- (181): |r| = 0.017319131614, |r|/|b| = 0.001468219740, Elapsed Time = 1426.492 s
-- (182): |r| = 0.017163883424, |r|/|b| = 0.001455058661, Elapsed Time = 1434.372 s
-- (183): |r| = 0.017010347871, |r|/|b| = 0.001442042770, Elapsed Time = 1442.252 s
-- (184): |r| = 0.016858395448, |r|/|b| = 0.001429161088, Elapsed Time = 1450.133 s
-- (185): |r| = 0.016708368688, |r|/|b| = 0.001416442653, Elapsed Time = 1458.014 s
-- (186): |r| = 0.016560693943, |r|/|b| = 0.001403923609, Elapsed Time = 1465.893 s
-- (187): |r| = 0.016415281033, |r|/|b| = 0.001391596310, Elapsed Time = 1473.774 s
-- (188): |r| = 0.016271590972, |r|/|b| = 0.001379415065, Elapsed Time = 1481.654 s
-- (189): |r| = 0.016129424455, |r|/|b| = 0.001367362978, Elapsed Time = 1489.533 s
-- (190): |r| = 0.015988479056, |r|/|b| = 0.001355414410, Elapsed Time = 1497.415 s
-- (191): |r| = 0.015848470121, |r|/|b| = 0.001343545231, Elapsed Time = 1505.295 s
-- (192): |r| = 0.015709033742, |r|/|b| = 0.001331724589, Elapsed Time = 1513.175 s
-- (193): |r| = 0.015570442401, |r|/|b| = 0.001319975586, Elapsed Time = 1521.054 s
-- (194): |r| = 0.015433208820, |r|/|b| = 0.001308341685, Elapsed Time = 1528.935 s
-- (195): |r| = 0.015297676681, |r|/|b| = 0.001296852023, Elapsed Time = 1536.815 s
-- (196): |r| = 0.015163552240, |r|/|b| = 0.001285481699, Elapsed Time = 1544.694 s
-- (197): |r| = 0.015030552976, |r|/|b| = 0.001274206760, Elapsed Time = 1552.575 s
-- (198): |r| = 0.014898697117, |r|/|b| = 0.001263028753, Elapsed Time = 1560.453 s
-- (199): |r| = 0.014768007345, |r|/|b| = 0.001251949600, Elapsed Time = 1568.333 s
-- (200): |r| = 0.014638160223, |r|/|b| = 0.001240941883, Elapsed Time = 1576.213 s
-- (201): |r| = 0.014509433109, |r|/|b| = 0.001230029113, Elapsed Time = 1584.093 s
-- (202): |r| = 0.014382419889, |r|/|b| = 0.001219261639, Elapsed Time = 1591.973 s
-- (203): |r| = 0.014257703886, |r|/|b| = 0.001208688909, Elapsed Time = 1599.853 s
-- (204): |r| = 0.014135387057, |r|/|b| = 0.001198319568, Elapsed Time = 1607.733 s
-- (205): |r| = 0.014015508248, |r|/|b| = 0.001188156908, Elapsed Time = 1615.613 s
-- (206): |r| = 0.013898263487, |r|/|b| = 0.001178217549, Elapsed Time = 1623.493 s
-- (207): |r| = 0.013783558914, |r|/|b| = 0.001168493533, Elapsed Time = 1631.372 s
-- (208): |r| = 0.013671440305, |r|/|b| = 0.001158988740, Elapsed Time = 1639.253 s
-- (209): |r| = 0.013561943882, |r|/|b| = 0.001149706242, Elapsed Time = 1647.132 s
-- (210): |r| = 0.013455287033, |r|/|b| = 0.001140664467, Elapsed Time = 1655.010 s
-- (211): |r| = 0.013351783843, |r|/|b| = 0.001131890042, Elapsed Time = 1662.888 s
-- (212): |r| = 0.013251494382, |r|/|b| = 0.001123388058, Elapsed Time = 1670.768 s
-- (213): |r| = 0.013153982005, |r|/|b| = 0.001115121501, Elapsed Time = 1678.646 s
-- (214): |r| = 0.013058904425, |r|/|b| = 0.001107061352, Elapsed Time = 1686.525 s
-- (215): |r| = 0.012965882689, |r|/|b| = 0.001099175486, Elapsed Time = 1694.403 s
-- (216): |r| = 0.012874147563, |r|/|b| = 0.001091398692, Elapsed Time = 1702.281 s
-- (217): |r| = 0.012783445621, |r|/|b| = 0.001083709485, Elapsed Time = 1710.159 s
-- (218): |r| = 0.012693744248, |r|/|b| = 0.001076105101, Elapsed Time = 1718.038 s
-- (219): |r| = 0.012604780634, |r|/|b| = 0.001068563260, Elapsed Time = 1725.915 s
-- (220): |r| = 0.012516077580, |r|/|b| = 0.001061043508, Elapsed Time = 1733.794 s
-- (221): |r| = 0.012427381944, |r|/|b| = 0.001053524385, Elapsed Time = 1741.672 s
-- (222): |r| = 0.012338542236, |r|/|b| = 0.001045993048, Elapsed Time = 1749.550 s
-- (223): |r| = 0.012249346716, |r|/|b| = 0.001038431548, Elapsed Time = 1757.429 s
-- (224): |r| = 0.012159734373, |r|/|b| = 0.001030834711, Elapsed Time = 1765.307 s
-- (225): |r| = 0.012069561678, |r|/|b| = 0.001023190371, Elapsed Time = 1773.184 s
-- (226): |r| = 0.011979490429, |r|/|b| = 0.001015554631, Elapsed Time = 1781.063 s
-- (227): |r| = 0.011890442464, |r|/|b| = 0.001008005640, Elapsed Time = 1788.943 s
-- (228): |r| = 0.011802778980, |r|/|b| = 0.001000574017, Elapsed Time = 1796.822 s
-- (229): |r| = 0.011716624516, |r|/|b| = 0.000993270320, Elapsed Time = 1804.700 s
-- (230): |r| = 0.011632061054, |r|/|b| = 0.000986101500, Elapsed Time = 1812.578 s
-- (231): |r| = 0.011549057957, |r|/|b| = 0.000979064958, Elapsed Time = 1820.457 s
-- (232): |r| = 0.011467573941, |r|/|b| = 0.000972157196, Elapsed Time = 1828.335 s
-- (233): |r| = 0.011387531483, |r|/|b| = 0.000965371641, Elapsed Time = 1836.213 s
-- (234): |r| = 0.011308880204, |r|/|b| = 0.000958704023, Elapsed Time = 1844.092 s
-- (235): |r| = 0.011231917233, |r|/|b| = 0.000952179530, Elapsed Time = 1851.972 s
-- (236): |r| = 0.011156708434, |r|/|b| = 0.000945803746, Elapsed Time = 1859.850 s
-- (237): |r| = 0.011082877454, |r|/|b| = 0.000939544766, Elapsed Time = 1867.728 s
-- (238): |r| = 0.011009984771, |r|/|b| = 0.000933365329, Elapsed Time = 1875.607 s
-- (239): |r| = 0.010937701468, |r|/|b| = 0.000927237552, Elapsed Time = 1883.486 s
-- (240): |r| = 0.010865936516, |r|/|b| = 0.000921153718, Elapsed Time = 1891.365 s
-- (241): |r| = 0.010794527731, |r|/|b| = 0.000915100078, Elapsed Time = 1899.244 s
-- (242): |r| = 0.010723362961, |r|/|b| = 0.000909067125, Elapsed Time = 1907.122 s
-- (243): |r| = 0.010652915704, |r|/|b| = 0.000903094998, Elapsed Time = 1915.002 s
-- (244): |r| = 0.010583586294, |r|/|b| = 0.000897217636, Elapsed Time = 1922.880 s
-- (245): |r| = 0.010515354453, |r|/|b| = 0.000891433319, Elapsed Time = 1930.759 s
-- (246): |r| = 0.010447917679, |r|/|b| = 0.000885716404, Elapsed Time = 1938.638 s
-- (247): |r| = 0.010381452957, |r|/|b| = 0.000880081894, Elapsed Time = 1946.516 s
-- (248): |r| = 0.010315799796, |r|/|b| = 0.000874516184, Elapsed Time = 1954.395 s
-- (249): |r| = 0.010250962708, |r|/|b| = 0.000869019656, Elapsed Time = 1962.274 s
-- (250): |r| = 0.010186727856, |r|/|b| = 0.000863574182, Elapsed Time = 1970.155 s
-- (251): |r| = 0.010123085268, |r|/|b| = 0.000858178917, Elapsed Time = 1978.035 s
-- (252): |r| = 0.010060230543, |r|/|b| = 0.000852850443, Elapsed Time = 1985.915 s
-- (253): |r| = 0.009998098708, |r|/|b| = 0.000847583251, Elapsed Time = 1993.795 s
-- (254): |r| = 0.009936611518, |r|/|b| = 0.000842370709, Elapsed Time = 2001.674 s
-- (255): |r| = 0.009875459201, |r|/|b| = 0.000837186555, Elapsed Time = 2009.553 s
-- (256): |r| = 0.009814672511, |r|/|b| = 0.000832033398, Elapsed Time = 2017.432 s
-- (257): |r| = 0.009754245803, |r|/|b| = 0.000826910757, Elapsed Time = 2025.311 s
-- (258): |r| = 0.009694107021, |r|/|b| = 0.000821812525, Elapsed Time = 2033.190 s
-- (259): |r| = 0.009634223727, |r|/|b| = 0.000816735952, Elapsed Time = 2041.069 s
-- (260): |r| = 0.009574659142, |r|/|b| = 0.000811686398, Elapsed Time = 2048.948 s
-- (261): |r| = 0.009515549700, |r|/|b| = 0.000806675428, Elapsed Time = 2056.827 s
-- (262): |r| = 0.009457025345, |r|/|b| = 0.000801714058, Elapsed Time = 2064.706 s
-- (263): |r| = 0.009399070282, |r|/|b| = 0.000796800950, Elapsed Time = 2072.586 s
-- (264): |r| = 0.009341831676, |r|/|b| = 0.000791948579, Elapsed Time = 2080.464 s
-- (265): |r| = 0.009285507613, |r|/|b| = 0.000787173738, Elapsed Time = 2088.342 s
-- (266): |r| = 0.009229974221, |r|/|b| = 0.000782465926, Elapsed Time = 2096.221 s
-- (267): |r| = 0.009175274603, |r|/|b| = 0.000777828796, Elapsed Time = 2104.100 s
-- (268): |r| = 0.009121449584, |r|/|b| = 0.000773265810, Elapsed Time = 2111.979 s
-- (269): |r| = 0.009068373256, |r|/|b| = 0.000768766294, Elapsed Time = 2119.859 s
-- (270): |r| = 0.009016005954, |r|/|b| = 0.000764326885, Elapsed Time = 2127.739 s
-- (271): |r| = 0.008964114515, |r|/|b| = 0.000759927817, Elapsed Time = 2135.617 s
-- (272): |r| = 0.008912495777, |r|/|b| = 0.000755551867, Elapsed Time = 2143.495 s
-- (273): |r| = 0.008861057286, |r|/|b| = 0.000751191198, Elapsed Time = 2151.375 s
-- (274): |r| = 0.008809621564, |r|/|b| = 0.000746830763, Elapsed Time = 2159.256 s
-- (275): |r| = 0.008758086855, |r|/|b| = 0.000742461937, Elapsed Time = 2167.137 s
-- (276): |r| = 0.008706425119, |r|/|b| = 0.000738082342, Elapsed Time = 2175.016 s
-- (277): |r| = 0.008654835149, |r|/|b| = 0.000733708831, Elapsed Time = 2182.897 s
-- (278): |r| = 0.008603366390, |r|/|b| = 0.000729345596, Elapsed Time = 2190.775 s
-- (279): |r| = 0.008552018785, |r|/|b| = 0.000724992631, Elapsed Time = 2198.654 s
-- (280): |r| = 0.008500581116, |r|/|b| = 0.000720632031, Elapsed Time = 2206.533 s
-- (281): |r| = 0.008449326846, |r|/|b| = 0.000716286979, Elapsed Time = 2214.413 s
-- (282): |r| = 0.008398068726, |r|/|b| = 0.000711941601, Elapsed Time = 2222.291 s
-- (283): |r| = 0.008346895189, |r|/|b| = 0.000707603392, Elapsed Time = 2230.169 s
-- (284): |r| = 0.008295763782, |r|/|b| = 0.000703268756, Elapsed Time = 2238.048 s
-- (285): |r| = 0.008244773387, |r|/|b| = 0.000698946073, Elapsed Time = 2245.928 s
-- (286): |r| = 0.008194059658, |r|/|b| = 0.000694646845, Elapsed Time = 2253.807 s
-- (287): |r| = 0.008143376590, |r|/|b| = 0.000690350216, Elapsed Time = 2261.686 s
-- (288): |r| = 0.008092500649, |r|/|b| = 0.000686037237, Elapsed Time = 2269.565 s
-- (289): |r| = 0.008041586460, |r|/|b| = 0.000681721015, Elapsed Time = 2277.446 s
-- (290): |r| = 0.007990730265, |r|/|b| = 0.000677409709, Elapsed Time = 2285.325 s
-- (291): |r| = 0.007939951560, |r|/|b| = 0.000673104973, Elapsed Time = 2293.205 s
-- (292): |r| = 0.007889432825, |r|/|b| = 0.000668822275, Elapsed Time = 2301.086 s
-- (293): |r| = 0.007839217931, |r|/|b| = 0.000664565336, Elapsed Time = 2308.966 s
-- (294): |r| = 0.007789304724, |r|/|b| = 0.000660333971, Elapsed Time = 2316.844 s
-- (295): |r| = 0.007739665762, |r|/|b| = 0.000656125856, Elapsed Time = 2324.724 s
-- (296): |r| = 0.007690248550, |r|/|b| = 0.000651936539, Elapsed Time = 2332.603 s
-- (297): |r| = 0.007641031414, |r|/|b| = 0.000647764184, Elapsed Time = 2340.483 s
-- (298): |r| = 0.007592082849, |r|/|b| = 0.000643614597, Elapsed Time = 2348.362 s
-- (299): |r| = 0.007543329872, |r|/|b| = 0.000639481590, Elapsed Time = 2356.241 s
-- (300): |r| = 0.007494676207, |r|/|b| = 0.000635357003, Elapsed Time = 2364.120 s
-- (301): |r| = 0.007446085858, |r|/|b| = 0.000631237783, Elapsed Time = 2372.000 s
-- (302): |r| = 0.007397451588, |r|/|b| = 0.000627114840, Elapsed Time = 2379.879 s
-- (303): |r| = 0.007348539256, |r|/|b| = 0.000622968324, Elapsed Time = 2387.759 s
-- (304): |r| = 0.007299268213, |r|/|b| = 0.000618791399, Elapsed Time = 2395.639 s
-- (305): |r| = 0.007249689755, |r|/|b| = 0.000614588413, Elapsed Time = 2403.519 s
-- (306): |r| = 0.007200068327, |r|/|b| = 0.000610381784, Elapsed Time = 2411.398 s
-- (307): |r| = 0.007150650571, |r|/|b| = 0.000606192421, Elapsed Time = 2419.279 s
-- (308): |r| = 0.007101622549, |r|/|b| = 0.000602036098, Elapsed Time = 2427.158 s
-- (309): |r| = 0.007053152190, |r|/|b| = 0.000597927050, Elapsed Time = 2435.037 s
-- (310): |r| = 0.007005361674, |r|/|b| = 0.000593875636, Elapsed Time = 2442.916 s
-- (311): |r| = 0.006958215359, |r|/|b| = 0.000589878833, Elapsed Time = 2450.795 s
-- (312): |r| = 0.006911623087, |r|/|b| = 0.000585928999, Elapsed Time = 2458.674 s
-- (313): |r| = 0.006865581777, |r|/|b| = 0.000582025873, Elapsed Time = 2466.554 s
-- (314): |r| = 0.006820178147, |r|/|b| = 0.000578176805, Elapsed Time = 2474.433 s
-- (315): |r| = 0.006775470295, |r|/|b| = 0.000574386722, Elapsed Time = 2482.312 s
-- (316): |r| = 0.006731342214, |r|/|b| = 0.000570645788, Elapsed Time = 2490.191 s
-- (317): |r| = 0.006687813759, |r|/|b| = 0.000566955688, Elapsed Time = 2498.070 s
-- (318): |r| = 0.006644992652, |r|/|b| = 0.000563325552, Elapsed Time = 2505.949 s
-- (319): |r| = 0.006602786023, |r|/|b| = 0.000559747509, Elapsed Time = 2513.828 s
-- (320): |r| = 0.006561149340, |r|/|b| = 0.000556217782, Elapsed Time = 2521.707 s
-- (321): |r| = 0.006520068286, |r|/|b| = 0.000552735159, Elapsed Time = 2529.586 s
-- (322): |r| = 0.006479473227, |r|/|b| = 0.000549293735, Elapsed Time = 2537.466 s
-- (323): |r| = 0.006439304349, |r|/|b| = 0.000545888441, Elapsed Time = 2545.346 s
-- (324): |r| = 0.006399426403, |r|/|b| = 0.000542507810, Elapsed Time = 2553.227 s
-- (325): |r| = 0.006359738974, |r|/|b| = 0.000539143331, Elapsed Time = 2561.106 s
-- (326): |r| = 0.006320156751, |r|/|b| = 0.000535787770, Elapsed Time = 2568.984 s
-- (327): |r| = 0.006280658502, |r|/|b| = 0.000532439328, Elapsed Time = 2576.863 s
-- (328): |r| = 0.006241244467, |r|/|b| = 0.000529098025, Elapsed Time = 2584.743 s
-- (329): |r| = 0.006201888181, |r|/|b| = 0.000525761618, Elapsed Time = 2592.621 s
-- (330): |r| = 0.006162674873, |r|/|b| = 0.000522437331, Elapsed Time = 2600.501 s
-- (331): |r| = 0.006123634556, |r|/|b| = 0.000519127710, Elapsed Time = 2608.380 s
-- (332): |r| = 0.006084815925, |r|/|b| = 0.000515836882, Elapsed Time = 2616.257 s
-- (333): |r| = 0.006046155056, |r|/|b| = 0.000512559429, Elapsed Time = 2624.135 s
-- (334): |r| = 0.006007749416, |r|/|b| = 0.000509303612, Elapsed Time = 2632.013 s
-- (335): |r| = 0.005969733285, |r|/|b| = 0.000506080816, Elapsed Time = 2639.892 s
-- (336): |r| = 0.005932250334, |r|/|b| = 0.000502903219, Elapsed Time = 2647.771 s
-- (337): |r| = 0.005895388928, |r|/|b| = 0.000499778314, Elapsed Time = 2655.650 s
-- (338): |r| = 0.005859204662, |r|/|b| = 0.000496710813, Elapsed Time = 2663.528 s
-- (339): |r| = 0.005823825515, |r|/|b| = 0.000493711566, Elapsed Time = 2671.407 s
-- (340): |r| = 0.005789132345, |r|/|b| = 0.000490770471, Elapsed Time = 2679.285 s
-- (341): |r| = 0.005755067532, |r|/|b| = 0.000487882646, Elapsed Time = 2687.165 s
-- (342): |r| = 0.005721445115, |r|/|b| = 0.000485032324, Elapsed Time = 2695.044 s
-- (343): |r| = 0.005688365085, |r|/|b| = 0.000482227983, Elapsed Time = 2702.924 s
-- (344): |r| = 0.005655864415, |r|/|b| = 0.000479472757, Elapsed Time = 2710.803 s
-- (345): |r| = 0.005623913424, |r|/|b| = 0.000476764129, Elapsed Time = 2718.681 s
-- (346): |r| = 0.005592140039, |r|/|b| = 0.000474070558, Elapsed Time = 2726.559 s
-- (347): |r| = 0.005561020486, |r|/|b| = 0.000471432416, Elapsed Time = 2734.437 s
-- (348): |r| = 0.005530901981, |r|/|b| = 0.000468879136, Elapsed Time = 2742.315 s
-- (349): |r| = 0.005501351089, |r|/|b| = 0.000466373976, Elapsed Time = 2750.192 s
-- (350): |r| = 0.005472273485, |r|/|b| = 0.000463908938, Elapsed Time = 2758.070 s
-- (351): |r| = 0.005443526964, |r|/|b| = 0.000461471968, Elapsed Time = 2765.948 s
-- (352): |r| = 0.005414986209, |r|/|b| = 0.000459052441, Elapsed Time = 2773.826 s
-- (353): |r| = 0.005386531461, |r|/|b| = 0.000456640206, Elapsed Time = 2781.706 s
-- (354): |r| = 0.005358081398, |r|/|b| = 0.000454228367, Elapsed Time = 2789.586 s
-- (355): |r| = 0.005329590346, |r|/|b| = 0.000451813054, Elapsed Time = 2797.465 s
-- (356): |r| = 0.005300992656, |r|/|b| = 0.000449388701, Elapsed Time = 2805.344 s
-- (357): |r| = 0.005272192591, |r|/|b| = 0.000446947192, Elapsed Time = 2813.223 s
-- (358): |r| = 0.005243176027, |r|/|b| = 0.000444487328, Elapsed Time = 2821.103 s
-- (359): |r| = 0.005213928968, |r|/|b| = 0.000442007925, Elapsed Time = 2828.983 s
-- (360): |r| = 0.005184490048, |r|/|b| = 0.000439512257, Elapsed Time = 2836.863 s
-- (361): |r| = 0.005154964682, |r|/|b| = 0.000437009261, Elapsed Time = 2844.742 s
-- (362): |r| = 0.005125422181, |r|/|b| = 0.000434504812, Elapsed Time = 2852.620 s
-- (363): |r| = 0.005095991915, |r|/|b| = 0.000432009877, Elapsed Time = 2860.499 s
-- (364): |r| = 0.005066754655, |r|/|b| = 0.000429531305, Elapsed Time = 2868.379 s
-- (365): |r| = 0.005037792624, |r|/|b| = 0.000427076065, Elapsed Time = 2876.259 s
-- (366): |r| = 0.005009169443, |r|/|b| = 0.000424649551, Elapsed Time = 2884.138 s
-- (367): |r| = 0.004980946946, |r|/|b| = 0.000422257004, Elapsed Time = 2892.016 s
-- (368): |r| = 0.004953185586, |r|/|b| = 0.000419903550, Elapsed Time = 2899.896 s
-- (369): |r| = 0.004925947917, |r|/|b| = 0.000417594492, Elapsed Time = 2907.774 s
-- (370): |r| = 0.004899231761, |r|/|b| = 0.000415329645, Elapsed Time = 2915.651 s
-- (371): |r| = 0.004872999622, |r|/|b| = 0.000413105830, Elapsed Time = 2923.529 s
-- (372): |r| = 0.004847224089, |r|/|b| = 0.000410920723, Elapsed Time = 2931.407 s
-- (373): |r| = 0.004821878253, |r|/|b| = 0.000408772044, Elapsed Time = 2939.284 s
-- (374): |r| = 0.004796953169, |r|/|b| = 0.000406659034, Elapsed Time = 2947.161 s
-- (375): |r| = 0.004772398366, |r|/|b| = 0.000404577414, Elapsed Time = 2955.038 s
-- (376): |r| = 0.004748276808, |r|/|b| = 0.000402532523, Elapsed Time = 2962.916 s
-- (377): |r| = 0.004724585661, |r|/|b| = 0.000400524119, Elapsed Time = 2970.794 s
-- (378): |r| = 0.004701247337, |r|/|b| = 0.000398545625, Elapsed Time = 2978.672 s
-- (379): |r| = 0.004678222193, |r|/|b| = 0.000396593682, Elapsed Time = 2986.551 s
-- (380): |r| = 0.004655464021, |r|/|b| = 0.000394664370, Elapsed Time = 2994.428 s
-- (381): |r| = 0.004632807303, |r|/|b| = 0.000392743660, Elapsed Time = 3002.304 s
-- (382): |r| = 0.004610313500, |r|/|b| = 0.000390836760, Elapsed Time = 3010.182 s
-- (383): |r| = 0.004587971272, |r|/|b| = 0.000388942710, Elapsed Time = 3018.061 s
-- (384): |r| = 0.004565656835, |r|/|b| = 0.000387051016, Elapsed Time = 3025.940 s
-- (385): |r| = 0.004543280079, |r|/|b| = 0.000385154039, Elapsed Time = 3033.819 s
-- (386): |r| = 0.004520825014, |r|/|b| = 0.000383250424, Elapsed Time = 3041.696 s
-- (387): |r| = 0.004498163445, |r|/|b| = 0.000381329302, Elapsed Time = 3049.575 s
-- (388): |r| = 0.004475379949, |r|/|b| = 0.000379397843, Elapsed Time = 3057.454 s
-- (389): |r| = 0.004452531289, |r|/|b| = 0.000377460861, Elapsed Time = 3065.333 s
-- (390): |r| = 0.004429647313, |r|/|b| = 0.000375520885, Elapsed Time = 3073.211 s
-- (391): |r| = 0.004406813270, |r|/|b| = 0.000373585141, Elapsed Time = 3081.091 s
-- (392): |r| = 0.004384049054, |r|/|b| = 0.000371655318, Elapsed Time = 3088.970 s
-- (393): |r| = 0.004361399606, |r|/|b| = 0.000369735223, Elapsed Time = 3096.849 s
-- (394): |r| = 0.004338887941, |r|/|b| = 0.000367826809, Elapsed Time = 3104.728 s
-- (395): |r| = 0.004316548631, |r|/|b| = 0.000365933007, Elapsed Time = 3112.607 s
-- (396): |r| = 0.004294372853, |r|/|b| = 0.000364053068, Elapsed Time = 3120.486 s
-- (397): |r| = 0.004272430607, |r|/|b| = 0.000362192926, Elapsed Time = 3128.365 s
-- (398): |r| = 0.004250756695, |r|/|b| = 0.000360355532, Elapsed Time = 3136.246 s
-- (399): |r| = 0.004229315218, |r|/|b| = 0.000358537843, Elapsed Time = 3144.125 s
-- (400): |r| = 0.004208084208, |r|/|b| = 0.000356737996, Elapsed Time = 3152.005 s
-- (401): |r| = 0.004187092361, |r|/|b| = 0.000354958424, Elapsed Time = 3159.885 s
-- (402): |r| = 0.004166330216, |r|/|b| = 0.000353198324, Elapsed Time = 3167.766 s
-- (403): |r| = 0.004145801477, |r|/|b| = 0.000351458012, Elapsed Time = 3175.645 s
-- (404): |r| = 0.004125511276, |r|/|b| = 0.000349737922, Elapsed Time = 3183.525 s
-- (405): |r| = 0.004105467486, |r|/|b| = 0.000348038720, Elapsed Time = 3191.404 s
-- (406): |r| = 0.004085648595, |r|/|b| = 0.000346358585, Elapsed Time = 3199.283 s
-- (407): |r| = 0.004066054092, |r|/|b| = 0.000344697472, Elapsed Time = 3207.162 s
-- (408): |r| = 0.004046519807, |r|/|b| = 0.000343041464, Elapsed Time = 3215.041 s
-- (409): |r| = 0.004027129789, |r|/|b| = 0.000341397686, Elapsed Time = 3222.920 s
-- (410): |r| = 0.004007935934, |r|/|b| = 0.000339770537, Elapsed Time = 3230.799 s
-- (411): |r| = 0.003988823260, |r|/|b| = 0.000338150271, Elapsed Time = 3238.678 s
-- (412): |r| = 0.003969625817, |r|/|b| = 0.000336522819, Elapsed Time = 3246.557 s
-- (413): |r| = 0.003950473040, |r|/|b| = 0.000334899152, Elapsed Time = 3254.437 s
-- (414): |r| = 0.003931429679, |r|/|b| = 0.000333284762, Elapsed Time = 3262.317 s
-- (415): |r| = 0.003912427098, |r|/|b| = 0.000331673829, Elapsed Time = 3270.196 s
-- (416): |r| = 0.003893536034, |r|/|b| = 0.000330072350, Elapsed Time = 3278.075 s
-- (417): |r| = 0.003874770441, |r|/|b| = 0.000328481507, Elapsed Time = 3285.955 s
-- (418): |r| = 0.003856186873, |r|/|b| = 0.000326906095, Elapsed Time = 3293.834 s
-- (419): |r| = 0.003837828614, |r|/|b| = 0.000325349784, Elapsed Time = 3301.715 s
-- (420): |r| = 0.003819709790, |r|/|b| = 0.000323813771, Elapsed Time = 3309.595 s
-- (421): |r| = 0.003801844634, |r|/|b| = 0.000322299262, Elapsed Time = 3317.476 s
-- (422): |r| = 0.003784246450, |r|/|b| = 0.000320807386, Elapsed Time = 3325.355 s
-- (423): |r| = 0.003766885455, |r|/|b| = 0.000319335617, Elapsed Time = 3333.234 s
-- (424): |r| = 0.003749768673, |r|/|b| = 0.000317884551, Elapsed Time = 3341.114 s
-- (425): |r| = 0.003732874436, |r|/|b| = 0.000316452352, Elapsed Time = 3348.994 s
-- (426): |r| = 0.003716188855, |r|/|b| = 0.000315037841, Elapsed Time = 3356.873 s
-- (427): |r| = 0.003699689050, |r|/|b| = 0.000313639079, Elapsed Time = 3364.753 s
-- (428): |r| = 0.003683367291, |r|/|b| = 0.000312255411, Elapsed Time = 3372.633 s
-- (429): |r| = 0.003667225965, |r|/|b| = 0.000310887039, Elapsed Time = 3380.513 s
-- (430): |r| = 0.003651240264, |r|/|b| = 0.000309531861, Elapsed Time = 3388.392 s
-- (431): |r| = 0.003635421162, |r|/|b| = 0.000308190805, Elapsed Time = 3396.271 s
-- (432): |r| = 0.003619767043, |r|/|b| = 0.000306863736, Elapsed Time = 3404.149 s
-- (433): |r| = 0.003604292779, |r|/|b| = 0.000305551914, Elapsed Time = 3412.029 s
-- (434): |r| = 0.003588979874, |r|/|b| = 0.000304253771, Elapsed Time = 3419.907 s
-- (435): |r| = 0.003573803609, |r|/|b| = 0.000302967211, Elapsed Time = 3427.787 s
-- (436): |r| = 0.003558726379, |r|/|b| = 0.000301689047, Elapsed Time = 3435.667 s
-- (437): |r| = 0.003543679517, |r|/|b| = 0.000300413458, Elapsed Time = 3443.547 s
-- (438): |r| = 0.003528627391, |r|/|b| = 0.000299137422, Elapsed Time = 3451.426 s
-- (439): |r| = 0.003513533081, |r|/|b| = 0.000297857811, Elapsed Time = 3459.305 s
-- (440): |r| = 0.003498367745, |r|/|b| = 0.000296572178, Elapsed Time = 3467.185 s
-- (441): |r| = 0.003483022612, |r|/|b| = 0.000295271303, Elapsed Time = 3475.065 s
-- (442): |r| = 0.003467622954, |r|/|b| = 0.000293965805, Elapsed Time = 3482.945 s
-- (443): |r| = 0.003452192187, |r|/|b| = 0.000292657671, Elapsed Time = 3490.823 s
-- (444): |r| = 0.003436755700, |r|/|b| = 0.000291349051, Elapsed Time = 3498.701 s
-- (445): |r| = 0.003421380890, |r|/|b| = 0.000290045660, Elapsed Time = 3506.579 s
-- (446): |r| = 0.003406054662, |r|/|b| = 0.000288746388, Elapsed Time = 3514.457 s
-- (447): |r| = 0.003390837961, |r|/|b| = 0.000287456400, Elapsed Time = 3522.336 s
-- (448): |r| = 0.003375748538, |r|/|b| = 0.000286177203, Elapsed Time = 3530.215 s
-- (449): |r| = 0.003360839474, |r|/|b| = 0.000284913295, Elapsed Time = 3538.093 s
-- (450): |r| = 0.003346106274, |r|/|b| = 0.000283664296, Elapsed Time = 3545.973 s
-- (451): |r| = 0.003331615623, |r|/|b| = 0.000282435859, Elapsed Time = 3553.852 s
-- (452): |r| = 0.003317406230, |r|/|b| = 0.000281231266, Elapsed Time = 3561.733 s
-- (453): |r| = 0.003303503951, |r|/|b| = 0.000280052708, Elapsed Time = 3569.612 s
-- (454): |r| = 0.003289911152, |r|/|b| = 0.000278900386, Elapsed Time = 3577.491 s
-- (455): |r| = 0.003276622631, |r|/|b| = 0.000277773859, Elapsed Time = 3585.370 s
-- (456): |r| = 0.003263649194, |r|/|b| = 0.000276674043, Elapsed Time = 3593.248 s
-- (457): |r| = 0.003250972064, |r|/|b| = 0.000275599347, Elapsed Time = 3601.129 s
-- (458): |r| = 0.003238571028, |r|/|b| = 0.000274548056, Elapsed Time = 3609.008 s
-- (459): |r| = 0.003226407981, |r|/|b| = 0.000273516940, Elapsed Time = 3616.887 s
-- (460): |r| = 0.003214476573, |r|/|b| = 0.000272505462, Elapsed Time = 3624.767 s
-- (461): |r| = 0.003202735604, |r|/|b| = 0.000271510128, Elapsed Time = 3632.647 s
-- (462): |r| = 0.003191139643, |r|/|b| = 0.000270527087, Elapsed Time = 3640.527 s
-- (463): |r| = 0.003179651814, |r|/|b| = 0.000269553212, Elapsed Time = 3648.406 s
-- (464): |r| = 0.003168230443, |r|/|b| = 0.000268584972, Elapsed Time = 3656.285 s
-- (465): |r| = 0.003156816425, |r|/|b| = 0.000267617355, Elapsed Time = 3664.166 s
-- (466): |r| = 0.003145411902, |r|/|b| = 0.000266650543, Elapsed Time = 3672.045 s
-- (467): |r| = 0.003133969686, |r|/|b| = 0.000265680535, Elapsed Time = 3679.924 s
-- (468): |r| = 0.003122494584, |r|/|b| = 0.000264707740, Elapsed Time = 3687.802 s
-- (469): |r| = 0.003110992029, |r|/|b| = 0.000263732617, Elapsed Time = 3695.681 s
-- (470): |r| = 0.003099444119, |r|/|b| = 0.000262753650, Elapsed Time = 3703.561 s
-- (471): |r| = 0.003087857408, |r|/|b| = 0.000261771393, Elapsed Time = 3711.439 s
-- (472): |r| = 0.003076249396, |r|/|b| = 0.000260787330, Elapsed Time = 3719.317 s
-- (473): |r| = 0.003064640349, |r|/|b| = 0.000259803179, Elapsed Time = 3727.196 s
-- (474): |r| = 0.003053063139, |r|/|b| = 0.000258821728, Elapsed Time = 3735.076 s
-- (475): |r| = 0.003041537354, |r|/|b| = 0.000257844636, Elapsed Time = 3742.955 s
-- (476): |r| = 0.003030103840, |r|/|b| = 0.000256875366, Elapsed Time = 3750.833 s
-- (477): |r| = 0.003018785305, |r|/|b| = 0.000255915843, Elapsed Time = 3758.712 s
-- (478): |r| = 0.003007625585, |r|/|b| = 0.000254969784, Elapsed Time = 3766.592 s
-- (479): |r| = 0.002996662795, |r|/|b| = 0.000254040420, Elapsed Time = 3774.471 s
-- (480): |r| = 0.002985887956, |r|/|b| = 0.000253126989, Elapsed Time = 3782.349 s
-- (481): |r| = 0.002975321232, |r|/|b| = 0.000252231201, Elapsed Time = 3790.227 s
-- (482): |r| = 0.002964943484, |r|/|b| = 0.000251351433, Elapsed Time = 3798.105 s
-- (483): |r| = 0.002954730117, |r|/|b| = 0.000250485601, Elapsed Time = 3805.985 s
-- (484): |r| = 0.002944647534, |r|/|b| = 0.000249630855, Elapsed Time = 3813.864 s
-- (485): |r| = 0.002934683017, |r|/|b| = 0.000248786119, Elapsed Time = 3821.743 s
-- (486): |r| = 0.002924800221, |r|/|b| = 0.000247948310, Elapsed Time = 3829.622 s
-- (487): |r| = 0.002914954551, |r|/|b| = 0.000247113649, Elapsed Time = 3837.500 s
-- (488): |r| = 0.002905125024, |r|/|b| = 0.000246280356, Elapsed Time = 3845.379 s
-- (489): |r| = 0.002895278131, |r|/|b| = 0.000245445592, Elapsed Time = 3853.260 s
-- (490): |r| = 0.002885384824, |r|/|b| = 0.000244606892, Elapsed Time = 3861.139 s
-- (491): |r| = 0.002875419327, |r|/|b| = 0.000243762073, Elapsed Time = 3869.018 s
-- (492): |r| = 0.002865373428, |r|/|b| = 0.000242910437, Elapsed Time = 3876.897 s
-- (493): |r| = 0.002855237732, |r|/|b| = 0.000242051189, Elapsed Time = 3884.777 s
-- (494): |r| = 0.002845022874, |r|/|b| = 0.000241185230, Elapsed Time = 3892.656 s
-- (495): |r| = 0.002834741965, |r|/|b| = 0.000240313672, Elapsed Time = 3900.534 s
-- (496): |r| = 0.002824411389, |r|/|b| = 0.000239437903, Elapsed Time = 3908.411 s
-- (497): |r| = 0.002814060790, |r|/|b| = 0.000238560437, Elapsed Time = 3916.289 s
-- (498): |r| = 0.002803723318, |r|/|b| = 0.000237684083, Elapsed Time = 3924.168 s
-- (499): |r| = 0.002793414270, |r|/|b| = 0.000236810140, Elapsed Time = 3932.045 s
-- (500): |r| = 0.002783183602, |r|/|b| = 0.000235942840, Elapsed Time = 3939.923 s
-- (501): |r| = 0.002773078098, |r|/|b| = 0.000235086152, Elapsed Time = 3947.801 s
-- (502): |r| = 0.002763135965, |r|/|b| = 0.000234243313, Elapsed Time = 3955.681 s
-- (503): |r| = 0.002753396442, |r|/|b| = 0.000233417650, Elapsed Time = 3963.559 s
-- (504): |r| = 0.002743879193, |r|/|b| = 0.000232610831, Elapsed Time = 3971.437 s
-- (505): |r| = 0.002734599215, |r|/|b| = 0.000231824126, Elapsed Time = 3979.317 s
-- (506): |r| = 0.002725559765, |r|/|b| = 0.000231057812, Elapsed Time = 3987.193 s
-- (507): |r| = 0.002716740281, |r|/|b| = 0.000230310145, Elapsed Time = 3995.071 s
-- (508): |r| = 0.002708128445, |r|/|b| = 0.000229580081, Elapsed Time = 4002.949 s
-- (509): |r| = 0.002699699077, |r|/|b| = 0.000228865486, Elapsed Time = 4010.828 s
-- (510): |r| = 0.002691428241, |r|/|b| = 0.000228164331, Elapsed Time = 4018.705 s
-- (511): |r| = 0.002683262840, |r|/|b| = 0.000227472113, Elapsed Time = 4026.583 s
-- (512): |r| = 0.002675180084, |r|/|b| = 0.000226786902, Elapsed Time = 4034.463 s
-- (513): |r| = 0.002667151679, |r|/|b| = 0.000226106299, Elapsed Time = 4042.342 s
-- (514): |r| = 0.002659130314, |r|/|b| = 0.000225426292, Elapsed Time = 4050.221 s
-- (515): |r| = 0.002651088585, |r|/|b| = 0.000224744559, Elapsed Time = 4058.100 s
-- (516): |r| = 0.002643007141, |r|/|b| = 0.000224059459, Elapsed Time = 4065.978 s
-- (517): |r| = 0.002634865548, |r|/|b| = 0.000223369260, Elapsed Time = 4073.857 s
-- (518): |r| = 0.002626665951, |r|/|b| = 0.000222674144, Elapsed Time = 4081.736 s
-- (519): |r| = 0.002618409004, |r|/|b| = 0.000221974165, Elapsed Time = 4089.615 s
-- (520): |r| = 0.002610124522, |r|/|b| = 0.000221271853, Elapsed Time = 4097.493 s
-- (521): |r| = 0.002601834029, |r|/|b| = 0.000220569031, Elapsed Time = 4105.371 s
-- (522): |r| = 0.002593558970, |r|/|b| = 0.000219867518, Elapsed Time = 4113.251 s
-- (523): |r| = 0.002585339360, |r|/|b| = 0.000219170705, Elapsed Time = 4121.130 s
-- (524): |r| = 0.002577194400, |r|/|b| = 0.000218480220, Elapsed Time = 4129.009 s
-- (525): |r| = 0.002569150922, |r|/|b| = 0.000217798339, Elapsed Time = 4136.890 s
-- (526): |r| = 0.002561236599, |r|/|b| = 0.000217127407, Elapsed Time = 4144.768 s
-- (527): |r| = 0.002553472143, |r|/|b| = 0.000216469179, Elapsed Time = 4152.647 s
-- (528): |r| = 0.002545865424, |r|/|b| = 0.000215824324, Elapsed Time = 4160.526 s
-- (529): |r| = 0.002538420589, |r|/|b| = 0.000215193192, Elapsed Time = 4168.405 s
-- (530): |r| = 0.002531143277, |r|/|b| = 0.000214576262, Elapsed Time = 4176.283 s
-- (531): |r| = 0.002524030144, |r|/|b| = 0.000213973250, Elapsed Time = 4184.161 s
-- (532): |r| = 0.002517074369, |r|/|b| = 0.000213383578, Elapsed Time = 4192.039 s
-- (533): |r| = 0.002510238939, |r|/|b| = 0.000212804108, Elapsed Time = 4199.918 s
-- (534): |r| = 0.002503534065, |r|/|b| = 0.000212235706, Elapsed Time = 4207.796 s
-- (535): |r| = 0.002496953220, |r|/|b| = 0.000211677819, Elapsed Time = 4215.676 s
-- (536): |r| = 0.002490466560, |r|/|b| = 0.000211127916, Elapsed Time = 4223.554 s
-- (537): |r| = 0.002484062735, |r|/|b| = 0.000210585035, Elapsed Time = 4231.435 s
-- (538): |r| = 0.002477709861, |r|/|b| = 0.000210046474, Elapsed Time = 4239.315 s
-- (539): |r| = 0.002471373759, |r|/|b| = 0.000209509334, Elapsed Time = 4247.194 s
-- (540): |r| = 0.002465049165, |r|/|b| = 0.000208973171, Elapsed Time = 4255.072 s
-- (541): |r| = 0.002458708379, |r|/|b| = 0.000208435634, Elapsed Time = 4262.950 s
-- (542): |r| = 0.002452330801, |r|/|b| = 0.000207894978, Elapsed Time = 4270.827 s
-- (543): |r| = 0.002445921350, |r|/|b| = 0.000207351621, Elapsed Time = 4278.705 s
-- (544): |r| = 0.002439445280, |r|/|b| = 0.000206802615, Elapsed Time = 4286.583 s
-- (545): |r| = 0.002432898396, |r|/|b| = 0.000206247607, Elapsed Time = 4294.463 s
-- (546): |r| = 0.002426280319, |r|/|b| = 0.000205686563, Elapsed Time = 4302.343 s
-- (547): |r| = 0.002419602186, |r|/|b| = 0.000205120428, Elapsed Time = 4310.223 s
-- (548): |r| = 0.002412887756, |r|/|b| = 0.000204551216, Elapsed Time = 4318.103 s
-- (549): |r| = 0.002406161178, |r|/|b| = 0.000203980974, Elapsed Time = 4325.983 s
-- (550): |r| = 0.002399452907, |r|/|b| = 0.000203412284, Elapsed Time = 4333.862 s
-- (551): |r| = 0.002392776935, |r|/|b| = 0.000202846332, Elapsed Time = 4341.742 s
-- (552): |r| = 0.002386183254, |r|/|b| = 0.000202287357, Elapsed Time = 4349.620 s
-- (553): |r| = 0.002379695544, |r|/|b| = 0.000201737365, Elapsed Time = 4357.499 s
-- (554): |r| = 0.002373320316, |r|/|b| = 0.000201196908, Elapsed Time = 4365.378 s
-- (555): |r| = 0.002367070714, |r|/|b| = 0.000200667102, Elapsed Time = 4373.258 s
-- (556): |r| = 0.002360936091, |r|/|b| = 0.000200147043, Elapsed Time = 4381.136 s
-- (557): |r| = 0.002354907709, |r|/|b| = 0.000199635990, Elapsed Time = 4389.014 s
-- (558): |r| = 0.002348964486, |r|/|b| = 0.000199132156, Elapsed Time = 4396.894 s
-- (559): |r| = 0.002343083799, |r|/|b| = 0.000198633625, Elapsed Time = 4404.775 s
-- (560): |r| = 0.002337241102, |r|/|b| = 0.000198138313, Elapsed Time = 4412.655 s
-- (561): |r| = 0.002331389730, |r|/|b| = 0.000197642266, Elapsed Time = 4420.535 s
-- (562): |r| = 0.002325524686, |r|/|b| = 0.000197145061, Elapsed Time = 4428.415 s
-- (563): |r| = 0.002319635453, |r|/|b| = 0.000196645804, Elapsed Time = 4436.296 s
-- (564): |r| = 0.002313684215, |r|/|b| = 0.000196141291, Elapsed Time = 4444.176 s
-- (565): |r| = 0.002307652703, |r|/|b| = 0.000195629973, Elapsed Time = 4452.056 s
-- (566): |r| = 0.002301497657, |r|/|b| = 0.000195108182, Elapsed Time = 4459.936 s
-- (567): |r| = 0.002295232087, |r|/|b| = 0.000194577022, Elapsed Time = 4467.816 s
-- (568): |r| = 0.002288849528, |r|/|b| = 0.000194035944, Elapsed Time = 4475.696 s
-- (569): |r| = 0.002282352319, |r|/|b| = 0.000193485147, Elapsed Time = 4483.576 s
-- (570): |r| = 0.002275767989, |r|/|b| = 0.000192926964, Elapsed Time = 4491.456 s
-- (571): |r| = 0.002269117281, |r|/|b| = 0.000192363154, Elapsed Time = 4499.334 s
-- (572): |r| = 0.002262420644, |r|/|b| = 0.000191795450, Elapsed Time = 4507.215 s
-- (573): |r| = 0.002255732577, |r|/|b| = 0.000191228473, Elapsed Time = 4515.096 s
-- (574): |r| = 0.002249071652, |r|/|b| = 0.000190663797, Elapsed Time = 4522.977 s
-- (575): |r| = 0.002242490916, |r|/|b| = 0.000190105919, Elapsed Time = 4530.856 s
-- (576): |r| = 0.002236029003, |r|/|b| = 0.000189558114, Elapsed Time = 4538.735 s
-- (577): |r| = 0.002229706177, |r|/|b| = 0.000189022100, Elapsed Time = 4546.616 s
-- (578): |r| = 0.002223555379, |r|/|b| = 0.000188500669, Elapsed Time = 4554.496 s
-- (579): |r| = 0.002217568558, |r|/|b| = 0.000187993140, Elapsed Time = 4562.376 s
-- (580): |r| = 0.002211750242, |r|/|b| = 0.000187499895, Elapsed Time = 4570.256 s
-- (581): |r| = 0.002206081562, |r|/|b| = 0.000187019336, Elapsed Time = 4578.138 s
-- (582): |r| = 0.002200542134, |r|/|b| = 0.000186549734, Elapsed Time = 4586.018 s
-- (583): |r| = 0.002195110885, |r|/|b| = 0.000186089303, Elapsed Time = 4593.900 s
-- (584): |r| = 0.002189748010, |r|/|b| = 0.000185634668, Elapsed Time = 4601.780 s
-- (585): |r| = 0.002184426841, |r|/|b| = 0.000185183569, Elapsed Time = 4609.659 s
-- (586): |r| = 0.002179096233, |r|/|b| = 0.000184731670, Elapsed Time = 4617.540 s
-- (587): |r| = 0.002173744393, |r|/|b| = 0.000184277971, Elapsed Time = 4625.421 s
-- (588): |r| = 0.002168331325, |r|/|b| = 0.000183819081, Elapsed Time = 4633.302 s
-- (589): |r| = 0.002162843164, |r|/|b| = 0.000183353825, Elapsed Time = 4641.183 s
-- (590): |r| = 0.002157269137, |r|/|b| = 0.000182881290, Elapsed Time = 4649.062 s
-- (591): |r| = 0.002151591312, |r|/|b| = 0.000182399956, Elapsed Time = 4656.942 s
-- (592): |r| = 0.002145792429, |r|/|b| = 0.000181908358, Elapsed Time = 4664.821 s
-- (593): |r| = 0.002139905599, |r|/|b| = 0.000181409306, Elapsed Time = 4672.700 s
-- (594): |r| = 0.002133962509, |r|/|b| = 0.000180905484, Elapsed Time = 4680.578 s
-- (595): |r| = 0.002127990639, |r|/|b| = 0.000180399222, Elapsed Time = 4688.457 s
-- (596): |r| = 0.002122031576, |r|/|b| = 0.000179894045, Elapsed Time = 4696.337 s
-- (597): |r| = 0.002116114988, |r|/|b| = 0.000179392470, Elapsed Time = 4704.216 s
-- (598): |r| = 0.002110273425, |r|/|b| = 0.000178897255, Elapsed Time = 4712.096 s
-- (599): |r| = 0.002104522472, |r|/|b| = 0.000178409721, Elapsed Time = 4719.976 s
-- (600): |r| = 0.002098883954, |r|/|b| = 0.000177931719, Elapsed Time = 4727.856 s
-- (601): |r| = 0.002093358133, |r|/|b| = 0.000177463270, Elapsed Time = 4735.736 s
-- (602): |r| = 0.002087938404, |r|/|b| = 0.000177003816, Elapsed Time = 4743.616 s
-- (603): |r| = 0.002082618070, |r|/|b| = 0.000176552787, Elapsed Time = 4751.496 s
-- (604): |r| = 0.002077385138, |r|/|b| = 0.000176109168, Elapsed Time = 4759.375 s
-- (605): |r| = 0.002072224866, |r|/|b| = 0.000175671709, Elapsed Time = 4767.254 s
-- (606): |r| = 0.002067118785, |r|/|b| = 0.000175238844, Elapsed Time = 4775.134 s
-- (607): |r| = 0.002062052188, |r|/|b| = 0.000174809326, Elapsed Time = 4783.014 s
-- (608): |r| = 0.002057009285, |r|/|b| = 0.000174381817, Elapsed Time = 4790.894 s
-- (609): |r| = 0.002051976945, |r|/|b| = 0.000173955203, Elapsed Time = 4798.773 s
-- (610): |r| = 0.002046904590, |r|/|b| = 0.000173525197, Elapsed Time = 4806.652 s
-- (611): |r| = 0.002041822429, |r|/|b| = 0.000173094360, Elapsed Time = 4814.531 s
-- (612): |r| = 0.002036731477, |r|/|b| = 0.000172662777, Elapsed Time = 4822.411 s
-- (613): |r| = 0.002031609929, |r|/|b| = 0.000172228601, Elapsed Time = 4830.291 s
-- (614): |r| = 0.002026460866, |r|/|b| = 0.000171792092, Elapsed Time = 4838.170 s
-- (615): |r| = 0.002021276291, |r|/|b| = 0.000171352572, Elapsed Time = 4846.051 s
-- (616): |r| = 0.002016068165, |r|/|b| = 0.000170911056, Elapsed Time = 4853.932 s
-- (617): |r| = 0.002010845033, |r|/|b| = 0.000170468268, Elapsed Time = 4861.814 s
-- (618): |r| = 0.002005629621, |r|/|b| = 0.000170026134, Elapsed Time = 4869.694 s
-- (619): |r| = 0.002000446857, |r|/|b| = 0.000169586769, Elapsed Time = 4877.575 s
-- (620): |r| = 0.001995318751, |r|/|b| = 0.000169152036, Elapsed Time = 4885.454 s
-- (621): |r| = 0.001990272561, |r|/|b| = 0.000168724248, Elapsed Time = 4893.335 s
-- (622): |r| = 0.001985321910, |r|/|b| = 0.000168304560, Elapsed Time = 4901.215 s
-- (623): |r| = 0.001980484203, |r|/|b| = 0.000167894446, Elapsed Time = 4909.096 s
-- (624): |r| = 0.001975760378, |r|/|b| = 0.000167493986, Elapsed Time = 4916.977 s
-- (625): |r| = 0.001971153018, |r|/|b| = 0.000167103400, Elapsed Time = 4924.857 s
-- (626): |r| = 0.001966652344, |r|/|b| = 0.000166721858, Elapsed Time = 4932.737 s
-- (627): |r| = 0.001962239685, |r|/|b| = 0.000166347777, Elapsed Time = 4940.618 s
-- (628): |r| = 0.001957811223, |r|/|b| = 0.000165972356, Elapsed Time = 4948.498 s
-- (629): |r| = 0.001953442864, |r|/|b| = 0.000165602031, Elapsed Time = 4956.378 s
-- (630): |r| = 0.001949150637, |r|/|b| = 0.000165238160, Elapsed Time = 4964.256 s
-- (631): |r| = 0.001944877328, |r|/|b| = 0.000164875893, Elapsed Time = 4972.136 s
-- (632): |r| = 0.001940632614, |r|/|b| = 0.000164516049, Elapsed Time = 4980.016 s
-- (633): |r| = 0.001936379077, |r|/|b| = 0.000164155458, Elapsed Time = 4987.896 s
-- (634): |r| = 0.001932105637, |r|/|b| = 0.000163793180, Elapsed Time = 4995.775 s
-- (635): |r| = 0.001927808960, |r|/|b| = 0.000163428931, Elapsed Time = 5003.654 s
-- (636): |r| = 0.001923490951, |r|/|b| = 0.000163062874, Elapsed Time = 5011.533 s
-- (637): |r| = 0.001919156485, |r|/|b| = 0.000162695423, Elapsed Time = 5019.413 s
-- (638): |r| = 0.001914811229, |r|/|b| = 0.000162327056, Elapsed Time = 5027.292 s
-- (639): |r| = 0.001910469446, |r|/|b| = 0.000161958984, Elapsed Time = 5035.171 s
-- (640): |r| = 0.001906141945, |r|/|b| = 0.000161592122, Elapsed Time = 5043.052 s
-- (641): |r| = 0.001901841788, |r|/|b| = 0.000161227579, Elapsed Time = 5050.931 s
-- (642): |r| = 0.001897586557, |r|/|b| = 0.000160866844, Elapsed Time = 5058.811 s
-- (643): |r| = 0.001893389369, |r|/|b| = 0.000160511030, Elapsed Time = 5066.690 s
-- (644): |r| = 0.001889249196, |r|/|b| = 0.000160160049, Elapsed Time = 5074.569 s
-- (645): |r| = 0.001885188482, |r|/|b| = 0.000159815804, Elapsed Time = 5082.448 s
-- (646): |r| = 0.001881217622, |r|/|b| = 0.000159479177, Elapsed Time = 5090.329 s
-- (647): |r| = 0.001877335367, |r|/|b| = 0.000159150060, Elapsed Time = 5098.209 s
-- (648): |r| = 0.001873540579, |r|/|b| = 0.000158828359, Elapsed Time = 5106.089 s
-- (649): |r| = 0.001869826032, |r|/|b| = 0.000158513461, Elapsed Time = 5113.969 s
-- (650): |r| = 0.001866187032, |r|/|b| = 0.000158204967, Elapsed Time = 5121.848 s
-- (651): |r| = 0.001862606484, |r|/|b| = 0.000157901428, Elapsed Time = 5129.729 s
-- (652): |r| = 0.001859066838, |r|/|b| = 0.000157601356, Elapsed Time = 5137.608 s
-- (653): |r| = 0.001855560321, |r|/|b| = 0.000157304093, Elapsed Time = 5145.487 s
-- (654): |r| = 0.001852070882, |r|/|b| = 0.000157008278, Elapsed Time = 5153.366 s
-- (655): |r| = 0.001848593790, |r|/|b| = 0.000156713509, Elapsed Time = 5161.246 s
-- (656): |r| = 0.001845096156, |r|/|b| = 0.000156416999, Elapsed Time = 5169.125 s
-- (657): |r| = 0.001841598231, |r|/|b| = 0.000156120465, Elapsed Time = 5177.006 s
-- (658): |r| = 0.001838116813, |r|/|b| = 0.000155825329, Elapsed Time = 5184.885 s
-- (659): |r| = 0.001834632881, |r|/|b| = 0.000155529981, Elapsed Time = 5192.766 s
-- (660): |r| = 0.001831157383, |r|/|b| = 0.000155235348, Elapsed Time = 5200.645 s
-- (661): |r| = 0.001827691281, |r|/|b| = 0.000154941511, Elapsed Time = 5208.526 s
-- (662): |r| = 0.001824246856, |r|/|b| = 0.000154649512, Elapsed Time = 5216.406 s
-- (663): |r| = 0.001820828228, |r|/|b| = 0.000154359699, Elapsed Time = 5224.284 s
-- (664): |r| = 0.001817448583, |r|/|b| = 0.000154073192, Elapsed Time = 5232.164 s
-- (665): |r| = 0.001814104970, |r|/|b| = 0.000153789739, Elapsed Time = 5240.043 s
-- (666): |r| = 0.001810814838, |r|/|b| = 0.000153510820, Elapsed Time = 5247.922 s
-- (667): |r| = 0.001807584419, |r|/|b| = 0.000153236963, Elapsed Time = 5255.801 s
-- (668): |r| = 0.001804411748, |r|/|b| = 0.000152968001, Elapsed Time = 5263.680 s
-- (669): |r| = 0.001801295827, |r|/|b| = 0.000152703851, Elapsed Time = 5271.559 s
-- (670): |r| = 0.001798231913, |r|/|b| = 0.000152444109, Elapsed Time = 5279.439 s
-- (671): |r| = 0.001795215284, |r|/|b| = 0.000152188376, Elapsed Time = 5287.319 s
-- (672): |r| = 0.001792246328, |r|/|b| = 0.000151936685, Elapsed Time = 5295.199 s
-- (673): |r| = 0.001789289405, |r|/|b| = 0.000151686013, Elapsed Time = 5303.078 s
-- (674): |r| = 0.001786358058, |r|/|b| = 0.000151437510, Elapsed Time = 5310.958 s
-- (675): |r| = 0.001783453775, |r|/|b| = 0.000151191301, Elapsed Time = 5318.838 s
-- (676): |r| = 0.001780553091, |r|/|b| = 0.000150945397, Elapsed Time = 5326.717 s
-- (677): |r| = 0.001777630392, |r|/|b| = 0.000150697627, Elapsed Time = 5334.597 s
-- (678): |r| = 0.001774695240, |r|/|b| = 0.000150448801, Elapsed Time = 5342.477 s
-- (679): |r| = 0.001771744935, |r|/|b| = 0.000150198690, Elapsed Time = 5350.357 s
-- (680): |r| = 0.001768765676, |r|/|b| = 0.000149946125, Elapsed Time = 5358.237 s
-- (681): |r| = 0.001765754120, |r|/|b| = 0.000149690822, Elapsed Time = 5366.117 s
-- (682): |r| = 0.001762707000, |r|/|b| = 0.000149432504, Elapsed Time = 5373.995 s
-- (683): |r| = 0.001759623140, |r|/|b| = 0.000149171072, Elapsed Time = 5381.874 s
-- (684): |r| = 0.001756510903, |r|/|b| = 0.000148907234, Elapsed Time = 5389.754 s
-- (685): |r| = 0.001753361845, |r|/|b| = 0.000148640274, Elapsed Time = 5397.632 s
-- (686): |r| = 0.001750192782, |r|/|b| = 0.000148371619, Elapsed Time = 5405.510 s
-- (687): |r| = 0.001747015431, |r|/|b| = 0.000148102260, Elapsed Time = 5413.388 s
-- (688): |r| = 0.001743831111, |r|/|b| = 0.000147832312, Elapsed Time = 5421.267 s
-- (689): |r| = 0.001740654850, |r|/|b| = 0.000147563046, Elapsed Time = 5429.145 s
-- (690): |r| = 0.001737487120, |r|/|b| = 0.000147294503, Elapsed Time = 5437.023 s
-- (691): |r| = 0.001734338702, |r|/|b| = 0.000147027598, Elapsed Time = 5444.902 s
-- (692): |r| = 0.001731221089, |r|/|b| = 0.000146763304, Elapsed Time = 5452.781 s
-- (693): |r| = 0.001728133471, |r|/|b| = 0.000146501553, Elapsed Time = 5460.660 s
-- (694): |r| = 0.001725075072, |r|/|b| = 0.000146242279, Elapsed Time = 5468.539 s
-- (695): |r| = 0.001722044422, |r|/|b| = 0.000145985357, Elapsed Time = 5476.418 s
-- (696): |r| = 0.001719043209, |r|/|b| = 0.000145730931, Elapsed Time = 5484.296 s
-- (697): |r| = 0.001716062911, |r|/|b| = 0.000145478278, Elapsed Time = 5492.175 s
-- (698): |r| = 0.001713100949, |r|/|b| = 0.000145227179, Elapsed Time = 5500.054 s
-- (699): |r| = 0.001710144460, |r|/|b| = 0.000144976544, Elapsed Time = 5507.934 s
-- (700): |r| = 0.001707194440, |r|/|b| = 0.000144726458, Elapsed Time = 5515.814 s
-- (701): |r| = 0.001704246118, |r|/|b| = 0.000144476516, Elapsed Time = 5523.694 s
-- (702): |r| = 0.001701293272, |r|/|b| = 0.000144226190, Elapsed Time = 5531.574 s
-- (703): |r| = 0.001698325756, |r|/|b| = 0.000143974620, Elapsed Time = 5539.454 s
-- (704): |r| = 0.001695348018, |r|/|b| = 0.000143722184, Elapsed Time = 5547.333 s
-- (705): |r| = 0.001692369154, |r|/|b| = 0.000143469653, Elapsed Time = 5555.213 s
-- (706): |r| = 0.001689380693, |r|/|b| = 0.000143216308, Elapsed Time = 5563.092 s
-- (707): |r| = 0.001686393424, |r|/|b| = 0.000142963064, Elapsed Time = 5570.971 s
-- (708): |r| = 0.001683413326, |r|/|b| = 0.000142710427, Elapsed Time = 5578.850 s
-- (709): |r| = 0.001680446289, |r|/|b| = 0.000142458899, Elapsed Time = 5586.729 s
-- (710): |r| = 0.001677500402, |r|/|b| = 0.000142209163, Elapsed Time = 5594.607 s
-- (711): |r| = 0.001674577479, |r|/|b| = 0.000141961373, Elapsed Time = 5602.484 s
-- (712): |r| = 0.001671694215, |r|/|b| = 0.000141716946, Elapsed Time = 5610.363 s
-- (713): |r| = 0.001668823204, |r|/|b| = 0.000141473558, Elapsed Time = 5618.242 s
-- (714): |r| = 0.001666002852, |r|/|b| = 0.000141234464, Elapsed Time = 5626.121 s
-- (715): |r| = 0.001663252286, |r|/|b| = 0.000141001287, Elapsed Time = 5634.000 s
-- (716): |r| = 0.001660551810, |r|/|b| = 0.000140772355, Elapsed Time = 5641.879 s
-- (717): |r| = 0.001657896179, |r|/|b| = 0.000140547226, Elapsed Time = 5649.758 s
-- (718): |r| = 0.001655291263, |r|/|b| = 0.000140326395, Elapsed Time = 5657.637 s
-- (719): |r| = 0.001652699150, |r|/|b| = 0.000140106650, Elapsed Time = 5665.516 s
-- (720): |r| = 0.001650156029, |r|/|b| = 0.000139891059, Elapsed Time = 5673.396 s
-- (721): |r| = 0.001647677580, |r|/|b| = 0.000139680949, Elapsed Time = 5681.277 s
-- (722): |r| = 0.001645234849, |r|/|b| = 0.000139473868, Elapsed Time = 5689.156 s
-- (723): |r| = 0.001642818307, |r|/|b| = 0.000139269007, Elapsed Time = 5697.035 s
-- (724): |r| = 0.001640432387, |r|/|b| = 0.000139066742, Elapsed Time = 5704.913 s
-- (725): |r| = 0.001638068823, |r|/|b| = 0.000138866372, Elapsed Time = 5712.791 s
-- (726): |r| = 0.001635726151, |r|/|b| = 0.000138667774, Elapsed Time = 5720.670 s
-- (727): |r| = 0.001633409005, |r|/|b| = 0.000138471339, Elapsed Time = 5728.548 s
-- (728): |r| = 0.001631112517, |r|/|b| = 0.000138276655, Elapsed Time = 5736.427 s
-- (729): |r| = 0.001628822717, |r|/|b| = 0.000138082539, Elapsed Time = 5744.306 s
-- (730): |r| = 0.001626550874, |r|/|b| = 0.000137889945, Elapsed Time = 5752.185 s
-- (731): |r| = 0.001624315097, |r|/|b| = 0.000137700408, Elapsed Time = 5760.063 s
-- (732): |r| = 0.001622099378, |r|/|b| = 0.000137512572, Elapsed Time = 5767.942 s
-- (733): |r| = 0.001619892621, |r|/|b| = 0.000137325495, Elapsed Time = 5775.822 s
-- (734): |r| = 0.001617708067, |r|/|b| = 0.000137140301, Elapsed Time = 5783.700 s
-- (735): |r| = 0.001615556393, |r|/|b| = 0.000136957894, Elapsed Time = 5791.578 s
-- (736): |r| = 0.001613426142, |r|/|b| = 0.000136777303, Elapsed Time = 5799.457 s
-- (737): |r| = 0.001611304335, |r|/|b| = 0.000136597428, Elapsed Time = 5807.336 s
-- (738): |r| = 0.001609205631, |r|/|b| = 0.000136419511, Elapsed Time = 5815.215 s
-- (739): |r| = 0.001607128711, |r|/|b| = 0.000136243442, Elapsed Time = 5823.093 s
-- (740): |r| = 0.001605067341, |r|/|b| = 0.000136068690, Elapsed Time = 5830.972 s
-- (741): |r| = 0.001603002459, |r|/|b| = 0.000135893641, Elapsed Time = 5838.852 s
-- (742): |r| = 0.001600949834, |r|/|b| = 0.000135719631, Elapsed Time = 5846.727 s
-- (743): |r| = 0.001598897411, |r|/|b| = 0.000135545638, Elapsed Time = 5854.604 s
-- (744): |r| = 0.001596850862, |r|/|b| = 0.000135372143, Elapsed Time = 5862.483 s
-- (745): |r| = 0.001594790448, |r|/|b| = 0.000135197472, Elapsed Time = 5870.362 s
-- (746): |r| = 0.001592730993, |r|/|b| = 0.000135022883, Elapsed Time = 5878.239 s
-- (747): |r| = 0.001590694204, |r|/|b| = 0.000134850215, Elapsed Time = 5886.117 s
-- (748): |r| = 0.001588652786, |r|/|b| = 0.000134677155, Elapsed Time = 5893.994 s
-- (749): |r| = 0.001586596576, |r|/|b| = 0.000134502841, Elapsed Time = 5901.873 s
-- (750): |r| = 0.001584535524, |r|/|b| = 0.000134328117, Elapsed Time = 5909.751 s
-- (751): |r| = 0.001582449936, |r|/|b| = 0.000134151312, Elapsed Time = 5917.628 s
-- (752): |r| = 0.001580359243, |r|/|b| = 0.000133974075, Elapsed Time = 5925.506 s
-- (753): |r| = 0.001578257939, |r|/|b| = 0.000133795938, Elapsed Time = 5933.382 s
-- (754): |r| = 0.001576152745, |r|/|b| = 0.000133617471, Elapsed Time = 5941.260 s
-- (755): |r| = 0.001574051019, |r|/|b| = 0.000133439299, Elapsed Time = 5949.137 s
-- (756): |r| = 0.001571944592, |r|/|b| = 0.000133260728, Elapsed Time = 5957.015 s
-- (757): |r| = 0.001569836246, |r|/|b| = 0.000133081994, Elapsed Time = 5964.891 s
-- (758): |r| = 0.001567727398, |r|/|b| = 0.000132903217, Elapsed Time = 5972.769 s
-- (759): |r| = 0.001565622732, |r|/|b| = 0.000132724795, Elapsed Time = 5980.648 s
-- (760): |r| = 0.001563518103, |r|/|b| = 0.000132546377, Elapsed Time = 5988.526 s
-- (761): |r| = 0.001561416531, |r|/|b| = 0.000132368217, Elapsed Time = 5996.405 s
-- (762): |r| = 0.001559317842, |r|/|b| = 0.000132190302, Elapsed Time = 6004.284 s
-- (763): |r| = 0.001557223669, |r|/|b| = 0.000132012770, Elapsed Time = 6012.161 s
-- (764): |r| = 0.001555131288, |r|/|b| = 0.000131835389, Elapsed Time = 6020.040 s
-- (765): |r| = 0.001553042269, |r|/|b| = 0.000131658294, Elapsed Time = 6027.919 s
-- (766): |r| = 0.001550954595, |r|/|b| = 0.000131481312, Elapsed Time = 6035.797 s
-- (767): |r| = 0.001548868243, |r|/|b| = 0.000131304443, Elapsed Time = 6043.675 s
-- (768): |r| = 0.001546780120, |r|/|b| = 0.000131127424, Elapsed Time = 6051.554 s
-- (769): |r| = 0.001544692768, |r|/|b| = 0.000130950469, Elapsed Time = 6059.433 s
-- (770): |r| = 0.001542601390, |r|/|b| = 0.000130773174, Elapsed Time = 6067.311 s
-- (771): |r| = 0.001540506022, |r|/|b| = 0.000130595540, Elapsed Time = 6075.189 s
-- (772): |r| = 0.001538412648, |r|/|b| = 0.000130418076, Elapsed Time = 6083.067 s
-- (773): |r| = 0.001536319055, |r|/|b| = 0.000130240593, Elapsed Time = 6090.943 s
-- (774): |r| = 0.001534225383, |r|/|b| = 0.000130063103, Elapsed Time = 6098.822 s
-- (775): |r| = 0.001532138368, |r|/|b| = 0.000129886177, Elapsed Time = 6106.698 s
-- (776): |r| = 0.001530052679, |r|/|b| = 0.000129709364, Elapsed Time = 6114.576 s
-- (777): |r| = 0.001527971548, |r|/|b| = 0.000129532937, Elapsed Time = 6122.452 s
-- (778): |r| = 0.001525895669, |r|/|b| = 0.000129356956, Elapsed Time = 6130.331 s
-- (779): |r| = 0.001523824808, |r|/|b| = 0.000129181400, Elapsed Time = 6138.208 s
-- (780): |r| = 0.001521761108, |r|/|b| = 0.000129006451, Elapsed Time = 6146.085 s
-- (781): |r| = 0.001519683045, |r|/|b| = 0.000128830284, Elapsed Time = 6153.962 s
-- (782): |r| = 0.001517612611, |r|/|b| = 0.000128654764, Elapsed Time = 6161.840 s
-- (783): |r| = 0.001515556405, |r|/|b| = 0.000128480450, Elapsed Time = 6169.718 s
-- (784): |r| = 0.001513501787, |r|/|b| = 0.000128306271, Elapsed Time = 6177.597 s
-- (785): |r| = 0.001511452721, |r|/|b| = 0.000128132563, Elapsed Time = 6185.476 s
-- (786): |r| = 0.001509400149, |r|/|b| = 0.000127958557, Elapsed Time = 6193.421 s
-- (787): |r| = 0.001507352091, |r|/|b| = 0.000127784934, Elapsed Time = 6201.301 s
-- (788): |r| = 0.001505303628, |r|/|b| = 0.000127611277, Elapsed Time = 6209.179 s
-- (789): |r| = 0.001503244014, |r|/|b| = 0.000127436674, Elapsed Time = 6217.058 s
-- (790): |r| = 0.001501175848, |r|/|b| = 0.000127261347, Elapsed Time = 6224.937 s
-- (791): |r| = 0.001499075121, |r|/|b| = 0.000127083259, Elapsed Time = 6232.814 s
-- (792): |r| = 0.001496961901, |r|/|b| = 0.000126904112, Elapsed Time = 6240.693 s
-- (793): |r| = 0.001494849347, |r|/|b| = 0.000126725021, Elapsed Time = 6248.572 s
-- (794): |r| = 0.001492720648, |r|/|b| = 0.000126544562, Elapsed Time = 6256.451 s
-- (795): |r| = 0.001490575060, |r|/|b| = 0.000126362671, Elapsed Time = 6264.329 s
-- (796): |r| = 0.001488411567, |r|/|b| = 0.000126179262, Elapsed Time = 6272.207 s
-- (797): |r| = 0.001486229898, |r|/|b| = 0.000125994312, Elapsed Time = 6280.086 s
-- (798): |r| = 0.001484030335, |r|/|b| = 0.000125807845, Elapsed Time = 6287.965 s
-- (799): |r| = 0.001481810907, |r|/|b| = 0.000125619695, Elapsed Time = 6295.844 s
-- (800): |r| = 0.001479569712, |r|/|b| = 0.000125429699, Elapsed Time = 6303.727 s
-- (801): |r| = 0.001477310647, |r|/|b| = 0.000125238188, Elapsed Time = 6311.607 s
-- (802): |r| = 0.001475029153, |r|/|b| = 0.000125044775, Elapsed Time = 6319.486 s
-- (803): |r| = 0.001472725402, |r|/|b| = 0.000124849476, Elapsed Time = 6327.365 s
-- (804): |r| = 0.001470391248, |r|/|b| = 0.000124651599, Elapsed Time = 6335.245 s
-- (805): |r| = 0.001468032141, |r|/|b| = 0.000124451607, Elapsed Time = 6343.124 s
-- (806): |r| = 0.001465641732, |r|/|b| = 0.000124248962, Elapsed Time = 6351.004 s
-- (807): |r| = 0.001463222652, |r|/|b| = 0.000124043886, Elapsed Time = 6358.885 s
-- (808): |r| = 0.001460738241, |r|/|b| = 0.000123833271, Elapsed Time = 6366.764 s
-- (809): |r| = 0.001458227319, |r|/|b| = 0.000123620409, Elapsed Time = 6374.645 s
-- (810): |r| = 0.001455706636, |r|/|b| = 0.000123406720, Elapsed Time = 6382.526 s
-- (811): |r| = 0.001453146507, |r|/|b| = 0.000123189686, Elapsed Time = 6390.405 s
-- (812): |r| = 0.001450546045, |r|/|b| = 0.000122969233, Elapsed Time = 6398.283 s
-- (813): |r| = 0.001447903091, |r|/|b| = 0.000122745178, Elapsed Time = 6406.163 s
-- (814): |r| = 0.001445217959, |r|/|b| = 0.000122517548, Elapsed Time = 6414.042 s
-- (815): |r| = 0.001442491534, |r|/|b| = 0.000122286417, Elapsed Time = 6421.922 s
-- (816): |r| = 0.001439721367, |r|/|b| = 0.000122051577, Elapsed Time = 6429.801 s
-- (817): |r| = 0.001436919982, |r|/|b| = 0.000121814091, Elapsed Time = 6437.681 s
-- (818): |r| = 0.001434095057, |r|/|b| = 0.000121574610, Elapsed Time = 6445.560 s
-- (819): |r| = 0.001431246525, |r|/|b| = 0.000121333127, Elapsed Time = 6453.442 s
-- (820): |r| = 0.001428380967, |r|/|b| = 0.000121090201, Elapsed Time = 6461.321 s
-- (821): |r| = 0.001425499176, |r|/|b| = 0.000120845899, Elapsed Time = 6469.201 s
-- (822): |r| = 0.001422602635, |r|/|b| = 0.000120600346, Elapsed Time = 6477.081 s
-- (823): |r| = 0.001419690815, |r|/|b| = 0.000120353498, Elapsed Time = 6484.962 s
-- (824): |r| = 0.001416757878, |r|/|b| = 0.000120104860, Elapsed Time = 6492.842 s
-- (825): |r| = 0.001413810454, |r|/|b| = 0.000119854994, Elapsed Time = 6500.722 s
-- (826): |r| = 0.001410847548, |r|/|b| = 0.000119603815, Elapsed Time = 6508.601 s
-- (827): |r| = 0.001407867837, |r|/|b| = 0.000119351212, Elapsed Time = 6516.482 s
-- (828): |r| = 0.001404866441, |r|/|b| = 0.000119096770, Elapsed Time = 6524.362 s
-- (829): |r| = 0.001401850654, |r|/|b| = 0.000118841109, Elapsed Time = 6532.242 s
-- (830): |r| = 0.001398823049, |r|/|b| = 0.000118584445, Elapsed Time = 6540.121 s
-- (831): |r| = 0.001395784176, |r|/|b| = 0.000118326826, Elapsed Time = 6548.001 s
-- (832): |r| = 0.001392725697, |r|/|b| = 0.000118067546, Elapsed Time = 6555.879 s
-- (833): |r| = 0.001389660008, |r|/|b| = 0.000117807653, Elapsed Time = 6563.758 s
-- (834): |r| = 0.001386592735, |r|/|b| = 0.000117547627, Elapsed Time = 6571.637 s
-- (835): |r| = 0.001383522915, |r|/|b| = 0.000117287385, Elapsed Time = 6579.516 s
-- (836): |r| = 0.001380458926, |r|/|b| = 0.000117027637, Elapsed Time = 6587.395 s
-- (837): |r| = 0.001377401596, |r|/|b| = 0.000116768453, Elapsed Time = 6595.275 s
-- (838): |r| = 0.001374359582, |r|/|b| = 0.000116510568, Elapsed Time = 6603.153 s
-- (839): |r| = 0.001371336528, |r|/|b| = 0.000116254291, Elapsed Time = 6611.032 s
-- (840): |r| = 0.001368335560, |r|/|b| = 0.000115999885, Elapsed Time = 6618.911 s
-- (841): |r| = 0.001365363494, |r|/|b| = 0.000115747930, Elapsed Time = 6626.791 s
-- (842): |r| = 0.001362423071, |r|/|b| = 0.000115498657, Elapsed Time = 6634.671 s
-- (843): |r| = 0.001359511967, |r|/|b| = 0.000115251870, Elapsed Time = 6642.550 s
-- (844): |r| = 0.001356630112, |r|/|b| = 0.000115007562, Elapsed Time = 6650.429 s
-- (845): |r| = 0.001353774340, |r|/|b| = 0.000114765466, Elapsed Time = 6658.309 s
-- (846): |r| = 0.001350942531, |r|/|b| = 0.000114525401, Elapsed Time = 6666.186 s
-- (847): |r| = 0.001348133643, |r|/|b| = 0.000114287279, Elapsed Time = 6674.065 s
-- (848): |r| = 0.001345345372, |r|/|b| = 0.000114050905, Elapsed Time = 6681.945 s
-- (849): |r| = 0.001342577157, |r|/|b| = 0.000113816231, Elapsed Time = 6689.824 s
-- (850): |r| = 0.001339827474, |r|/|b| = 0.000113583128, Elapsed Time = 6697.702 s
-- (851): |r| = 0.001337102536, |r|/|b| = 0.000113352123, Elapsed Time = 6705.581 s
-- (852): |r| = 0.001334406405, |r|/|b| = 0.000113123560, Elapsed Time = 6713.460 s
-- (853): |r| = 0.001331739158, |r|/|b| = 0.000112897446, Elapsed Time = 6721.340 s
-- (854): |r| = 0.001329104663, |r|/|b| = 0.000112674108, Elapsed Time = 6729.219 s
-- (855): |r| = 0.001326503582, |r|/|b| = 0.000112453603, Elapsed Time = 6737.101 s
-- (856): |r| = 0.001323939547, |r|/|b| = 0.000112236238, Elapsed Time = 6744.982 s
-- (857): |r| = 0.001321412656, |r|/|b| = 0.000112022022, Elapsed Time = 6752.863 s
-- (858): |r| = 0.001318925823, |r|/|b| = 0.000111811202, Elapsed Time = 6760.743 s
-- (859): |r| = 0.001316472670, |r|/|b| = 0.000111603238, Elapsed Time = 6768.625 s
-- (860): |r| = 0.001314061403, |r|/|b| = 0.000111398824, Elapsed Time = 6776.506 s
-- (861): |r| = 0.001311664799, |r|/|b| = 0.000111195653, Elapsed Time = 6784.388 s
-- (862): |r| = 0.001309311093, |r|/|b| = 0.000110996119, Elapsed Time = 6792.267 s
-- (863): |r| = 0.001307015496, |r|/|b| = 0.000110801511, Elapsed Time = 6800.147 s
-- (864): |r| = 0.001304760523, |r|/|b| = 0.000110610347, Elapsed Time = 6808.026 s
-- (865): |r| = 0.001302553432, |r|/|b| = 0.000110423242, Elapsed Time = 6815.907 s
-- (866): |r| = 0.001300382955, |r|/|b| = 0.000110239241, Elapsed Time = 6823.788 s
-- (867): |r| = 0.001298248570, |r|/|b| = 0.000110058300, Elapsed Time = 6831.669 s
-- (868): |r| = 0.001296147828, |r|/|b| = 0.000109880210, Elapsed Time = 6839.549 s
-- (869): |r| = 0.001294071239, |r|/|b| = 0.000109704169, Elapsed Time = 6847.429 s
-- (870): |r| = 0.001292027619, |r|/|b| = 0.000109530922, Elapsed Time = 6855.309 s
-- (871): |r| = 0.001290017283, |r|/|b| = 0.000109360497, Elapsed Time = 6863.189 s
-- (872): |r| = 0.001288035553, |r|/|b| = 0.000109192497, Elapsed Time = 6871.069 s
-- (873): |r| = 0.001286086963, |r|/|b| = 0.000109027306, Elapsed Time = 6878.949 s
-- (874): |r| = 0.001284164814, |r|/|b| = 0.000108864357, Elapsed Time = 6886.828 s
-- (875): |r| = 0.001282266541, |r|/|b| = 0.000108703432, Elapsed Time = 6894.706 s
-- (876): |r| = 0.001280392448, |r|/|b| = 0.000108544557, Elapsed Time = 6902.586 s
-- (877): |r| = 0.001278537048, |r|/|b| = 0.000108387266, Elapsed Time = 6910.467 s
-- (878): |r| = 0.001276704308, |r|/|b| = 0.000108231897, Elapsed Time = 6918.348 s
-- (879): |r| = 0.001274892800, |r|/|b| = 0.000108078327, Elapsed Time = 6926.228 s
-- (880): |r| = 0.001273100226, |r|/|b| = 0.000107926363, Elapsed Time = 6934.108 s
-- (881): |r| = 0.001271329375, |r|/|b| = 0.000107776240, Elapsed Time = 6941.988 s
-- (882): |r| = 0.001269577170, |r|/|b| = 0.000107627698, Elapsed Time = 6949.866 s
-- (883): |r| = 0.001267837944, |r|/|b| = 0.000107480256, Elapsed Time = 6957.745 s
-- (884): |r| = 0.001266115019, |r|/|b| = 0.000107334196, Elapsed Time = 6965.624 s
-- (885): |r| = 0.001264407474, |r|/|b| = 0.000107189440, Elapsed Time = 6973.502 s
-- (886): |r| = 0.001262710486, |r|/|b| = 0.000107045578, Elapsed Time = 6981.382 s
-- (887): |r| = 0.001261027251, |r|/|b| = 0.000106902883, Elapsed Time = 6989.260 s
-- (888): |r| = 0.001259353111, |r|/|b| = 0.000106760959, Elapsed Time = 6997.138 s
-- (889): |r| = 0.001257681392, |r|/|b| = 0.000106619240, Elapsed Time = 7005.018 s
-- (890): |r| = 0.001256014641, |r|/|b| = 0.000106477942, Elapsed Time = 7012.896 s
-- (891): |r| = 0.001254350096, |r|/|b| = 0.000106336831, Elapsed Time = 7020.775 s
-- (892): |r| = 0.001252684229, |r|/|b| = 0.000106195608, Elapsed Time = 7028.652 s
-- (893): |r| = 0.001251018627, |r|/|b| = 0.000106054408, Elapsed Time = 7036.532 s
-- (894): |r| = 0.001249348308, |r|/|b| = 0.000105912807, Elapsed Time = 7044.411 s
-- (895): |r| = 0.001247669946, |r|/|b| = 0.000105770525, Elapsed Time = 7052.290 s
-- (896): |r| = 0.001245983676, |r|/|b| = 0.000105627572, Elapsed Time = 7060.167 s
-- (897): |r| = 0.001244288236, |r|/|b| = 0.000105483842, Elapsed Time = 7068.047 s
-- (898): |r| = 0.001242584971, |r|/|b| = 0.000105339449, Elapsed Time = 7075.927 s
-- (899): |r| = 0.001240877676, |r|/|b| = 0.000105194714, Elapsed Time = 7083.807 s
-- (900): |r| = 0.001239161175, |r|/|b| = 0.000105049199, Elapsed Time = 7091.687 s
-- (901): |r| = 0.001237436884, |r|/|b| = 0.000104903023, Elapsed Time = 7099.567 s
-- (902): |r| = 0.001235706038, |r|/|b| = 0.000104756291, Elapsed Time = 7107.447 s
-- (903): |r| = 0.001233962881, |r|/|b| = 0.000104608516, Elapsed Time = 7115.326 s
-- (904): |r| = 0.001232214139, |r|/|b| = 0.000104460268, Elapsed Time = 7123.205 s
-- (905): |r| = 0.001230449436, |r|/|b| = 0.000104310666, Elapsed Time = 7131.085 s
-- (906): |r| = 0.001228676848, |r|/|b| = 0.000104160396, Elapsed Time = 7138.965 s
-- (907): |r| = 0.001226894807, |r|/|b| = 0.000104009324, Elapsed Time = 7146.845 s
-- (908): |r| = 0.001225103159, |r|/|b| = 0.000103857438, Elapsed Time = 7154.724 s
-- (909): |r| = 0.001223292167, |r|/|b| = 0.000103703912, Elapsed Time = 7162.603 s
-- (910): |r| = 0.001221467473, |r|/|b| = 0.000103549225, Elapsed Time = 7170.482 s
-- (911): |r| = 0.001219634391, |r|/|b| = 0.000103393826, Elapsed Time = 7178.360 s
-- (912): |r| = 0.001217779928, |r|/|b| = 0.000103236615, Elapsed Time = 7186.236 s
-- (913): |r| = 0.001215902133, |r|/|b| = 0.000103077426, Elapsed Time = 7194.114 s
-- (914): |r| = 0.001213995021, |r|/|b| = 0.000102915752, Elapsed Time = 7201.993 s
-- (915): |r| = 0.001212054759, |r|/|b| = 0.000102751267, Elapsed Time = 7209.871 s
-- (916): |r| = 0.001210077763, |r|/|b| = 0.000102583669, Elapsed Time = 7217.749 s
-- (917): |r| = 0.001207982843, |r|/|b| = 0.000102406073, Elapsed Time = 7225.627 s
-- (918): |r| = 0.001205857181, |r|/|b| = 0.000102225871, Elapsed Time = 7233.506 s
-- (919): |r| = 0.001203751687, |r|/|b| = 0.000102047379, Elapsed Time = 7241.385 s
-- (920): |r| = 0.001201606684, |r|/|b| = 0.000101865538, Elapsed Time = 7249.264 s
-- (921): |r| = 0.001199427263, |r|/|b| = 0.000101680778, Elapsed Time = 7257.145 s
-- (922): |r| = 0.001197211298, |r|/|b| = 0.000101492921, Elapsed Time = 7265.024 s
-- (923): |r| = 0.001194956246, |r|/|b| = 0.000101301750, Elapsed Time = 7272.903 s
-- (924): |r| = 0.001192672055, |r|/|b| = 0.000101108109, Elapsed Time = 7280.783 s
-- (925): |r| = 0.001190362297, |r|/|b| = 0.000100912301, Elapsed Time = 7288.663 s
-- (926): |r| = 0.001188030421, |r|/|b| = 0.000100714618, Elapsed Time = 7296.543 s
-- (927): |r| = 0.001185679742, |r|/|b| = 0.000100515340, Elapsed Time = 7304.424 s
-- (928): |r| = 0.001183313052, |r|/|b| = 0.000100314705, Elapsed Time = 7312.302 s
-- (929): |r| = 0.001180930781, |r|/|b| = 0.000100112749, Elapsed Time = 7320.183 s
-- (930): |r| = 0.001178533707, |r|/|b| = 0.000099909539, Elapsed Time = 7328.062 s
-- (931): |r| = 0.001176121504, |r|/|b| = 0.000099705046, Elapsed Time = 7335.943 s
-- (932): |r| = 0.001173694661, |r|/|b| = 0.000099499311, Elapsed Time = 7343.822 s
-- (933): |r| = 0.001171250255, |r|/|b| = 0.000099292088, Elapsed Time = 7351.703 s
-- (934): |r| = 0.001168789216, |r|/|b| = 0.000099083455, Elapsed Time = 7359.582 s
-- (935): |r| = 0.001166311434, |r|/|b| = 0.000098873402, Elapsed Time = 7367.461 s
-- (936): |r| = 0.001163816684, |r|/|b| = 0.000098661911, Elapsed Time = 7375.342 s
-- (937): |r| = 0.001161304987, |r|/|b| = 0.000098448984, Elapsed Time = 7383.222 s
-- (938): |r| = 0.001158778604, |r|/|b| = 0.000098234811, Elapsed Time = 7391.101 s
-- (939): |r| = 0.001156238972, |r|/|b| = 0.000098019515, Elapsed Time = 7398.980 s
-- (940): |r| = 0.001153690111, |r|/|b| = 0.000097803437, Elapsed Time = 7406.859 s
-- (941): |r| = 0.001151136221, |r|/|b| = 0.000097586932, Elapsed Time = 7414.739 s
-- (942): |r| = 0.001148582492, |r|/|b| = 0.000097370441, Elapsed Time = 7422.619 s
-- (943): |r| = 0.001146033700, |r|/|b| = 0.000097154369, Elapsed Time = 7430.499 s
-- (944): |r| = 0.001143495352, |r|/|b| = 0.000096939182, Elapsed Time = 7438.379 s
-- (945): |r| = 0.001140971114, |r|/|b| = 0.000096725191, Elapsed Time = 7446.259 s
-- (946): |r| = 0.001138463718, |r|/|b| = 0.000096512628, Elapsed Time = 7454.139 s
-- (947): |r| = 0.001135974123, |r|/|b| = 0.000096301574, Elapsed Time = 7462.019 s
-- (948): |r| = 0.001133506988, |r|/|b| = 0.000096092424, Elapsed Time = 7469.900 s
-- (949): |r| = 0.001131060889, |r|/|b| = 0.000095885057, Elapsed Time = 7477.781 s
-- (950): |r| = 0.001128637980, |r|/|b| = 0.000095679656, Elapsed Time = 7485.662 s
-- (951): |r| = 0.001126238628, |r|/|b| = 0.000095476253, Elapsed Time = 7493.542 s
-- (952): |r| = 0.001123860691, |r|/|b| = 0.000095274664, Elapsed Time = 7501.423 s
-- (953): |r| = 0.001121491632, |r|/|b| = 0.000095073829, Elapsed Time = 7509.303 s
-- (954): |r| = 0.001119142449, |r|/|b| = 0.000094874678, Elapsed Time = 7517.183 s
-- (955): |r| = 0.001116820305, |r|/|b| = 0.000094677820, Elapsed Time = 7525.063 s
-- (956): |r| = 0.001114513952, |r|/|b| = 0.000094482300, Elapsed Time = 7532.944 s
-- (957): |r| = 0.001112224408, |r|/|b| = 0.000094288205, Elapsed Time = 7540.823 s
-- (958): |r| = 0.001109949763, |r|/|b| = 0.000094095373, Elapsed Time = 7548.703 s
-- (959): |r| = 0.001107682525, |r|/|b| = 0.000093903169, Elapsed Time = 7556.582 s
-- (960): |r| = 0.001105431750, |r|/|b| = 0.000093712361, Elapsed Time = 7564.462 s
-- (961): |r| = 0.001103201845, |r|/|b| = 0.000093523322, Elapsed Time = 7572.342 s
-- (962): |r| = 0.001100989736, |r|/|b| = 0.000093335792, Elapsed Time = 7580.221 s
-- (963): |r| = 0.001098798191, |r|/|b| = 0.000093150005, Elapsed Time = 7588.101 s
-- (964): |r| = 0.001096626608, |r|/|b| = 0.000092965910, Elapsed Time = 7595.981 s
-- (965): |r| = 0.001094476256, |r|/|b| = 0.000092783615, Elapsed Time = 7603.860 s
-- (966): |r| = 0.001092347773, |r|/|b| = 0.000092603174, Elapsed Time = 7611.739 s
-- (967): |r| = 0.001090241368, |r|/|b| = 0.000092424605, Elapsed Time = 7619.618 s
-- (968): |r| = 0.001088158029, |r|/|b| = 0.000092247991, Elapsed Time = 7627.497 s
-- (969): |r| = 0.001086097060, |r|/|b| = 0.000092073274, Elapsed Time = 7635.377 s
-- (970): |r| = 0.001084057852, |r|/|b| = 0.000091900401, Elapsed Time = 7643.256 s
-- (971): |r| = 0.001082042977, |r|/|b| = 0.000091729591, Elapsed Time = 7651.134 s
-- (972): |r| = 0.001080049227, |r|/|b| = 0.000091560572, Elapsed Time = 7659.013 s
-- (973): |r| = 0.001078075433, |r|/|b| = 0.000091393245, Elapsed Time = 7666.892 s
-- (974): |r| = 0.001076118113, |r|/|b| = 0.000091227314, Elapsed Time = 7674.771 s
-- (975): |r| = 0.001074178870, |r|/|b| = 0.000091062916, Elapsed Time = 7682.652 s
-- (976): |r| = 0.001072260786, |r|/|b| = 0.000090900311, Elapsed Time = 7690.530 s
-- (977): |r| = 0.001070356317, |r|/|b| = 0.000090738861, Elapsed Time = 7698.408 s
-- (978): |r| = 0.001068466484, |r|/|b| = 0.000090578651, Elapsed Time = 7706.288 s
-- (979): |r| = 0.001066590149, |r|/|b| = 0.000090419586, Elapsed Time = 7714.167 s
-- (980): |r| = 0.001064725905, |r|/|b| = 0.000090261546, Elapsed Time = 7722.044 s
-- (981): |r| = 0.001062872943, |r|/|b| = 0.000090104462, Elapsed Time = 7729.922 s
-- (982): |r| = 0.001061030690, |r|/|b| = 0.000089948286, Elapsed Time = 7737.800 s
-- (983): |r| = 0.001059199424, |r|/|b| = 0.000089793041, Elapsed Time = 7745.677 s
-- (984): |r| = 0.001057375270, |r|/|b| = 0.000089638400, Elapsed Time = 7753.556 s
-- (985): |r| = 0.001055564648, |r|/|b| = 0.000089484905, Elapsed Time = 7761.435 s
-- (986): |r| = 0.001053761236, |r|/|b| = 0.000089332022, Elapsed Time = 7769.313 s
-- (987): |r| = 0.001051970459, |r|/|b| = 0.000089180210, Elapsed Time = 7777.192 s
-- (988): |r| = 0.001050198091, |r|/|b| = 0.000089029958, Elapsed Time = 7785.068 s
-- (989): |r| = 0.001048438597, |r|/|b| = 0.000088880798, Elapsed Time = 7792.947 s
-- (990): |r| = 0.001046682431, |r|/|b| = 0.000088731920, Elapsed Time = 7800.825 s
-- (991): |r| = 0.001044943016, |r|/|b| = 0.000088584462, Elapsed Time = 7808.706 s
-- (992): |r| = 0.001043223662, |r|/|b| = 0.000088438705, Elapsed Time = 7816.585 s
-- (993): |r| = 0.001041517188, |r|/|b| = 0.000088294040, Elapsed Time = 7824.463 s
-- (994): |r| = 0.001039824994, |r|/|b| = 0.000088150585, Elapsed Time = 7832.344 s
-- (995): |r| = 0.001038148697, |r|/|b| = 0.000088008478, Elapsed Time = 7840.223 s
-- (996): |r| = 0.001036475424, |r|/|b| = 0.000087866627, Elapsed Time = 7848.103 s
-- (997): |r| = 0.001034817495, |r|/|b| = 0.000087726077, Elapsed Time = 7855.982 s
-- (998): |r| = 0.001033180615, |r|/|b| = 0.000087587311, Elapsed Time = 7863.861 s
-- (999): |r| = 0.001031554820, |r|/|b| = 0.000087449485, Elapsed Time = 7871.739 s
-- (1000): |r| = 0.001029946260, |r|/|b| = 0.000087313121, Elapsed Time = 7879.619 s
-- Failed to Converge!
Mixed
Total Compression: 3264869.521349183
Running batched GMRES on GPU 0
-- (1): |r| = 6.298951791970, |r|/|b| = 0.533990131137, Elapsed Time = 25.362 s
-- (2): |r| = 4.376286378271, |r|/|b| = 0.370997241161, Elapsed Time = 50.591 s
-- (3): |r| = 2.951553289302, |r|/|b| = 0.250216286783, Elapsed Time = 75.819 s
-- (4): |r| = 2.207748236309, |r|/|b| = 0.187160627539, Elapsed Time = 101.047 s
-- (5): |r| = 1.766226842509, |r|/|b| = 0.149730897203, Elapsed Time = 126.276 s
-- (6): |r| = 1.476059280811, |r|/|b| = 0.125132103715, Elapsed Time = 151.508 s
-- (7): |r| = 1.264840973792, |r|/|b| = 0.107226189336, Elapsed Time = 176.740 s
-- (8): |r| = 1.102258766661, |r|/|b| = 0.093443373246, Elapsed Time = 201.972 s
-- (9): |r| = 0.974496047610, |r|/|b| = 0.082612359872, Elapsed Time = 227.207 s
-- (10): |r| = 0.871773626971, |r|/|b| = 0.073904123855, Elapsed Time = 252.439 s
-- (11): |r| = 0.785649938465, |r|/|b| = 0.066603036112, Elapsed Time = 277.670 s
-- (12): |r| = 0.714152110232, |r|/|b| = 0.060541847531, Elapsed Time = 302.901 s
-- (13): |r| = 0.655541937703, |r|/|b| = 0.055573202787, Elapsed Time = 328.129 s
-- (14): |r| = 0.606525494144, |r|/|b| = 0.051417861075, Elapsed Time = 353.357 s
-- (15): |r| = 0.565044219545, |r|/|b| = 0.047901309116, Elapsed Time = 378.587 s
-- (16): |r| = 0.529744761483, |r|/|b| = 0.044908817212, Elapsed Time = 403.819 s
-- (17): |r| = 0.497964481634, |r|/|b| = 0.042214661682, Elapsed Time = 429.052 s
-- (18): |r| = 0.468872850800, |r|/|b| = 0.039748434875, Elapsed Time = 454.285 s
-- (19): |r| = 0.442043179994, |r|/|b| = 0.037473964470, Elapsed Time = 479.517 s
-- (20): |r| = 0.417578971448, |r|/|b| = 0.035400024812, Elapsed Time = 504.748 s
-- (21): |r| = 0.395441239304, |r|/|b| = 0.033523310895, Elapsed Time = 529.979 s
-- (22): |r| = 0.375507019578, |r|/|b| = 0.031833398516, Elapsed Time = 555.208 s
-- (23): |r| = 0.357658808107, |r|/|b| = 0.030320326326, Elapsed Time = 580.438 s
-- (24): |r| = 0.341387883253, |r|/|b| = 0.028940967730, Elapsed Time = 605.671 s
-- (25): |r| = 0.326192472299, |r|/|b| = 0.027652785227, Elapsed Time = 630.900 s
-- (26): |r| = 0.311985224575, |r|/|b| = 0.026448373711, Elapsed Time = 656.131 s
-- (27): |r| = 0.298593166534, |r|/|b| = 0.025313069447, Elapsed Time = 681.360 s
-- (28): |r| = 0.285997827676, |r|/|b| = 0.024245306608, Elapsed Time = 706.587 s
-- (29): |r| = 0.274294217423, |r|/|b| = 0.023253139565, Elapsed Time = 731.817 s
-- (30): |r| = 0.263390844663, |r|/|b| = 0.022328812210, Elapsed Time = 757.044 s
-- (31): |r| = 0.253104290364, |r|/|b| = 0.021456775296, Elapsed Time = 782.274 s
-- (32): |r| = 0.243443495305, |r|/|b| = 0.020637786774, Elapsed Time = 807.504 s
-- (33): |r| = 0.234316273268, |r|/|b| = 0.019864031608, Elapsed Time = 832.733 s
-- (34): |r| = 0.225614150956, |r|/|b| = 0.019126314034, Elapsed Time = 857.961 s
-- (35): |r| = 0.217359738976, |r|/|b| = 0.018426550854, Elapsed Time = 883.188 s
-- (36): |r| = 0.209566855745, |r|/|b| = 0.017765913517, Elapsed Time = 908.415 s
-- (37): |r| = 0.202268444772, |r|/|b| = 0.017147194790, Elapsed Time = 933.644 s
-- (38): |r| = 0.195420000922, |r|/|b| = 0.016566621775, Elapsed Time = 958.873 s
-- (39): |r| = 0.188922858438, |r|/|b| = 0.016015830139, Elapsed Time = 984.100 s
-- (40): |r| = 0.182687019190, |r|/|b| = 0.015487190338, Elapsed Time = 1009.328 s
-- (41): |r| = 0.176641282862, |r|/|b| = 0.014974666407, Elapsed Time = 1034.557 s
-- (42): |r| = 0.170761755153, |r|/|b| = 0.014476232719, Elapsed Time = 1059.785 s
-- (43): |r| = 0.165085209567, |r|/|b| = 0.013995006728, Elapsed Time = 1085.011 s
-- (44): |r| = 0.159673634205, |r|/|b| = 0.013536243439, Elapsed Time = 1110.237 s
-- (45): |r| = 0.154486694551, |r|/|b| = 0.013096523518, Elapsed Time = 1135.463 s
-- (46): |r| = 0.149469376664, |r|/|b| = 0.012671183188, Elapsed Time = 1160.689 s
-- (47): |r| = 0.144639965080, |r|/|b| = 0.012261772509, Elapsed Time = 1185.916 s
-- (48): |r| = 0.140036348922, |r|/|b| = 0.011871503513, Elapsed Time = 1211.139 s
-- (49): |r| = 0.135680218079, |r|/|b| = 0.011502214946, Elapsed Time = 1236.364 s
-- (50): |r| = 0.131545969752, |r|/|b| = 0.011151736346, Elapsed Time = 1261.587 s
-- (51): |r| = 0.127607820207, |r|/|b| = 0.010817881911, Elapsed Time = 1286.815 s
-- (52): |r| = 0.123861374822, |r|/|b| = 0.010500279089, Elapsed Time = 1312.045 s
-- (53): |r| = 0.120294090262, |r|/|b| = 0.010197864527, Elapsed Time = 1337.276 s
-- (54): |r| = 0.116887595609, |r|/|b| = 0.009909080839, Elapsed Time = 1362.506 s
-- (55): |r| = 0.113621447989, |r|/|b| = 0.009632194993, Elapsed Time = 1387.735 s
-- (56): |r| = 0.110497998883, |r|/|b| = 0.009367406334, Elapsed Time = 1412.966 s
-- (57): |r| = 0.107496756116, |r|/|b| = 0.009112977649, Elapsed Time = 1438.198 s
-- (58): |r| = 0.104596750625, |r|/|b| = 0.008867131299, Elapsed Time = 1463.429 s
-- (59): |r| = 0.101804666503, |r|/|b| = 0.008630433922, Elapsed Time = 1488.659 s
-- (60): |r| = 0.099139549714, |r|/|b| = 0.008404500130, Elapsed Time = 1513.888 s
-- (61): |r| = 0.096613190965, |r|/|b| = 0.008190329473, Elapsed Time = 1539.119 s
-- (62): |r| = 0.094197584254, |r|/|b| = 0.007985547759, Elapsed Time = 1564.349 s
-- (63): |r| = 0.091855995227, |r|/|b| = 0.007787040853, Elapsed Time = 1589.579 s
-- (64): |r| = 0.089560145817, |r|/|b| = 0.007592411498, Elapsed Time = 1614.807 s
-- (65): |r| = 0.087316742329, |r|/|b| = 0.007402228216, Elapsed Time = 1640.032 s
-- (66): |r| = 0.085153266643, |r|/|b| = 0.007218820769, Elapsed Time = 1665.259 s
-- (67): |r| = 0.083088822225, |r|/|b| = 0.007043808643, Elapsed Time = 1690.487 s
-- (68): |r| = 0.081130582657, |r|/|b| = 0.006877799974, Elapsed Time = 1715.711 s
-- (69): |r| = 0.079290340016, |r|/|b| = 0.006721794429, Elapsed Time = 1740.937 s
-- (70): |r| = 0.077571459030, |r|/|b| = 0.006576077250, Elapsed Time = 1766.163 s
-- (71): |r| = 0.075956426769, |r|/|b| = 0.006439163790, Elapsed Time = 1791.388 s
-- (72): |r| = 0.074419576743, |r|/|b| = 0.006308878184, Elapsed Time = 1816.616 s
-- (73): |r| = 0.072933551677, |r|/|b| = 0.006182901237, Elapsed Time = 1841.843 s
-- (74): |r| = 0.071480927014, |r|/|b| = 0.006059755790, Elapsed Time = 1867.070 s
-- (75): |r| = 0.070049618277, |r|/|b| = 0.005938417388, Elapsed Time = 1892.299 s
-- (76): |r| = 0.068624276827, |r|/|b| = 0.005817584861, Elapsed Time = 1917.524 s
-- (77): |r| = 0.067196537498, |r|/|b| = 0.005696549054, Elapsed Time = 1942.749 s
-- (78): |r| = 0.065762361691, |r|/|b| = 0.005574967598, Elapsed Time = 1967.974 s
-- (79): |r| = 0.064330825695, |r|/|b| = 0.005453609931, Elapsed Time = 1993.199 s
-- (80): |r| = 0.062932786554, |r|/|b| = 0.005335091941, Elapsed Time = 2018.425 s
-- (81): |r| = 0.061599149088, |r|/|b| = 0.005222033568, Elapsed Time = 2043.652 s
-- (82): |r| = 0.060357152120, |r|/|b| = 0.005116743966, Elapsed Time = 2068.880 s
-- (83): |r| = 0.059219351575, |r|/|b| = 0.005020287559, Elapsed Time = 2094.105 s
-- (84): |r| = 0.058178489065, |r|/|b| = 0.004932049019, Elapsed Time = 2119.331 s
-- (85): |r| = 0.057206934540, |r|/|b| = 0.004849686025, Elapsed Time = 2144.560 s
-- (86): |r| = 0.056281351320, |r|/|b| = 0.004771220223, Elapsed Time = 2169.791 s
-- (87): |r| = 0.055383065498, |r|/|b| = 0.004695068542, Elapsed Time = 2195.021 s
-- (88): |r| = 0.054498881748, |r|/|b| = 0.004620112357, Elapsed Time = 2220.251 s
-- (89): |r| = 0.053624733146, |r|/|b| = 0.004546006896, Elapsed Time = 2245.482 s
-- (90): |r| = 0.052756599560, |r|/|b| = 0.004472411355, Elapsed Time = 2270.714 s
-- (91): |r| = 0.051893534450, |r|/|b| = 0.004399245491, Elapsed Time = 2295.946 s
-- (92): |r| = 0.051036655823, |r|/|b| = 0.004326604082, Elapsed Time = 2321.175 s
-- (93): |r| = 0.050192855994, |r|/|b| = 0.004255071421, Elapsed Time = 2346.403 s
-- (94): |r| = 0.049370291302, |r|/|b| = 0.004185338958, Elapsed Time = 2371.630 s
-- (95): |r| = 0.048574478502, |r|/|b| = 0.004117874371, Elapsed Time = 2396.860 s
-- (96): |r| = 0.047804325584, |r|/|b| = 0.004052585086, Elapsed Time = 2422.090 s
-- (97): |r| = 0.047056546622, |r|/|b| = 0.003989192540, Elapsed Time = 2447.319 s
-- (98): |r| = 0.046328961765, |r|/|b| = 0.003927511939, Elapsed Time = 2472.548 s
-- (99): |r| = 0.045621131912, |r|/|b| = 0.003867506058, Elapsed Time = 2497.774 s
-- (100): |r| = 0.044932522646, |r|/|b| = 0.003809129591, Elapsed Time = 2523.002 s
-- (101): |r| = 0.044262734156, |r|/|b| = 0.003752348644, Elapsed Time = 2548.232 s
-- (102): |r| = 0.043610284016, |r|/|b| = 0.003697037547, Elapsed Time = 2573.459 s
-- (103): |r| = 0.042971139737, |r|/|b| = 0.003642854446, Elapsed Time = 2598.686 s
-- (104): |r| = 0.042342860882, |r|/|b| = 0.003589592456, Elapsed Time = 2623.913 s
-- (105): |r| = 0.041722339279, |r|/|b| = 0.003536988083, Elapsed Time = 2649.141 s
-- (106): |r| = 0.041109357701, |r|/|b| = 0.003485022911, Elapsed Time = 2674.369 s
-- (107): |r| = 0.040500819338, |r|/|b| = 0.003433434410, Elapsed Time = 2699.597 s
-- (108): |r| = 0.039897851212, |r|/|b| = 0.003382318123, Elapsed Time = 2724.822 s
-- (109): |r| = 0.039296329215, |r|/|b| = 0.003331324430, Elapsed Time = 2750.047 s
-- (110): |r| = 0.038700154382, |r|/|b| = 0.003280784041, Elapsed Time = 2775.272 s
-- (111): |r| = 0.038119933083, |r|/|b| = 0.003231596103, Elapsed Time = 2800.497 s
-- (112): |r| = 0.037556331988, |r|/|b| = 0.003183817134, Elapsed Time = 2825.722 s
-- (113): |r| = 0.037011678920, |r|/|b| = 0.003137644474, Elapsed Time = 2850.950 s
-- (114): |r| = 0.036485668689, |r|/|b| = 0.003093052249, Elapsed Time = 2876.177 s
-- (115): |r| = 0.035974883611, |r|/|b| = 0.003049750729, Elapsed Time = 2901.403 s
-- (116): |r| = 0.035478887648, |r|/|b| = 0.003007702947, Elapsed Time = 2926.631 s
-- (117): |r| = 0.034998376326, |r|/|b| = 0.002966967867, Elapsed Time = 2951.857 s
-- (118): |r| = 0.034533279844, |r|/|b| = 0.002927539572, Elapsed Time = 2977.080 s
-- (119): |r| = 0.034083361999, |r|/|b| = 0.002889398037, Elapsed Time = 3002.304 s
-- (120): |r| = 0.033645902871, |r|/|b| = 0.002852312683, Elapsed Time = 3027.525 s
-- (121): |r| = 0.033217761757, |r|/|b| = 0.002816017258, Elapsed Time = 3052.748 s
-- (122): |r| = 0.032796949623, |r|/|b| = 0.002780343144, Elapsed Time = 3077.970 s
-- (123): |r| = 0.032382143926, |r|/|b| = 0.002745178222, Elapsed Time = 3103.194 s
-- (124): |r| = 0.031972079057, |r|/|b| = 0.002710415201, Elapsed Time = 3128.418 s
-- (125): |r| = 0.031565463998, |r|/|b| = 0.002675944636, Elapsed Time = 3153.642 s
-- (126): |r| = 0.031160529253, |r|/|b| = 0.002641616518, Elapsed Time = 3178.869 s
-- (127): |r| = 0.030756663323, |r|/|b| = 0.002607379009, Elapsed Time = 3204.096 s
-- (128): |r| = 0.030356573659, |r|/|b| = 0.002573461630, Elapsed Time = 3229.320 s
-- (129): |r| = 0.029965775343, |r|/|b| = 0.002540331921, Elapsed Time = 3254.545 s
-- (130): |r| = 0.029586695616, |r|/|b| = 0.002508195648, Elapsed Time = 3279.768 s
-- (131): |r| = 0.029216434675, |r|/|b| = 0.002476806983, Elapsed Time = 3304.996 s
-- (132): |r| = 0.028852222961, |r|/|b| = 0.002445931138, Elapsed Time = 3330.225 s
-- (133): |r| = 0.028495643016, |r|/|b| = 0.002415702271, Elapsed Time = 3355.454 s
-- (134): |r| = 0.028149506668, |r|/|b| = 0.002386358755, Elapsed Time = 3380.680 s
-- (135): |r| = 0.027813091227, |r|/|b| = 0.002357839323, Elapsed Time = 3405.908 s
-- (136): |r| = 0.027482871425, |r|/|b| = 0.002329845124, Elapsed Time = 3431.136 s
-- (137): |r| = 0.027157131522, |r|/|b| = 0.002302230705, Elapsed Time = 3456.364 s
-- (138): |r| = 0.026836644200, |r|/|b| = 0.002275061570, Elapsed Time = 3481.594 s
-- (139): |r| = 0.026522729139, |r|/|b| = 0.002248449596, Elapsed Time = 3506.823 s
-- (140): |r| = 0.026216456291, |r|/|b| = 0.002222485486, Elapsed Time = 3532.051 s
-- (141): |r| = 0.025918385007, |r|/|b| = 0.002197216659, Elapsed Time = 3557.278 s
-- (142): |r| = 0.025628339990, |r|/|b| = 0.002172628254, Elapsed Time = 3582.504 s
-- (143): |r| = 0.025345437276, |r|/|b| = 0.002148645334, Elapsed Time = 3607.732 s
-- (144): |r| = 0.025068945455, |r|/|b| = 0.002125205893, Elapsed Time = 3632.958 s
-- (145): |r| = 0.024797797449, |r|/|b| = 0.002102219472, Elapsed Time = 3658.189 s
-- (146): |r| = 0.024531154491, |r|/|b| = 0.002079614964, Elapsed Time = 3683.417 s
-- (147): |r| = 0.024269433180, |r|/|b| = 0.002057427685, Elapsed Time = 3708.646 s
-- (148): |r| = 0.024014659994, |r|/|b| = 0.002035829430, Elapsed Time = 3733.878 s
-- (149): |r| = 0.023768196661, |r|/|b| = 0.002014935639, Elapsed Time = 3759.110 s
-- (150): |r| = 0.023528987882, |r|/|b| = 0.001994656848, Elapsed Time = 3784.340 s
-- (151): |r| = 0.023294095423, |r|/|b| = 0.001974743970, Elapsed Time = 3809.567 s
-- (152): |r| = 0.023062275829, |r|/|b| = 0.001955091593, Elapsed Time = 3834.795 s
-- (153): |r| = 0.022832195573, |r|/|b| = 0.001935586668, Elapsed Time = 3860.024 s
-- (154): |r| = 0.022604466623, |r|/|b| = 0.001916281073, Elapsed Time = 3885.249 s
-- (155): |r| = 0.022379108735, |r|/|b| = 0.001897176483, Elapsed Time = 3910.479 s
-- (156): |r| = 0.022156693191, |r|/|b| = 0.001878321329, Elapsed Time = 3935.706 s
-- (157): |r| = 0.021934879059, |r|/|b| = 0.001859517160, Elapsed Time = 3960.929 s
-- (158): |r| = 0.021715572202, |r|/|b| = 0.001840925543, Elapsed Time = 3986.155 s
-- (159): |r| = 0.021499618317, |r|/|b| = 0.001822618173, Elapsed Time = 4011.384 s
-- (160): |r| = 0.021284599530, |r|/|b| = 0.001804390075, Elapsed Time = 4036.612 s
-- (161): |r| = 0.021070926963, |r|/|b| = 0.001786276102, Elapsed Time = 4061.839 s
-- (162): |r| = 0.020858551966, |r|/|b| = 0.001768272130, Elapsed Time = 4087.067 s
-- (163): |r| = 0.020647354197, |r|/|b| = 0.001750367956, Elapsed Time = 4112.294 s
-- (164): |r| = 0.020437347590, |r|/|b| = 0.001732564763, Elapsed Time = 4137.523 s
-- (165): |r| = 0.020229143887, |r|/|b| = 0.001714914410, Elapsed Time = 4162.751 s
-- (166): |r| = 0.020022735339, |r|/|b| = 0.001697416240, Elapsed Time = 4187.981 s
-- (167): |r| = 0.019818326975, |r|/|b| = 0.001680087635, Elapsed Time = 4213.210 s
-- (168): |r| = 0.019616866273, |r|/|b| = 0.001663008916, Elapsed Time = 4238.439 s
-- (169): |r| = 0.019419848715, |r|/|b| = 0.001646306863, Elapsed Time = 4263.669 s
-- (170): |r| = 0.019228111836, |r|/|b| = 0.001630052475, Elapsed Time = 4288.900 s
-- (171): |r| = 0.019041131895, |r|/|b| = 0.001614201355, Elapsed Time = 4314.127 s
-- (172): |r| = 0.018857913340, |r|/|b| = 0.001598669104, Elapsed Time = 4339.357 s
-- (173): |r| = 0.018678150718, |r|/|b| = 0.001583429828, Elapsed Time = 4364.587 s
-- (174): |r| = 0.018501158318, |r|/|b| = 0.001568425396, Elapsed Time = 4389.818 s
-- (175): |r| = 0.018326067995, |r|/|b| = 0.001553582211, Elapsed Time = 4415.046 s
-- (176): |r| = 0.018153089560, |r|/|b| = 0.001538918061, Elapsed Time = 4440.279 s
-- (177): |r| = 0.017983412193, |r|/|b| = 0.001524533756, Elapsed Time = 4465.509 s
-- (178): |r| = 0.017817659897, |r|/|b| = 0.001510482198, Elapsed Time = 4490.740 s
-- (179): |r| = 0.017655241275, |r|/|b| = 0.001496713249, Elapsed Time = 4515.971 s
-- (180): |r| = 0.017495182764, |r|/|b| = 0.001483144378, Elapsed Time = 4541.199 s
-- (181): |r| = 0.017337236668, |r|/|b| = 0.001469754586, Elapsed Time = 4566.427 s
-- (182): |r| = 0.017181706665, |r|/|b| = 0.001456569616, Elapsed Time = 4591.657 s
-- (183): |r| = 0.017028189141, |r|/|b| = 0.001443555254, Elapsed Time = 4616.887 s
-- (184): |r| = 0.016876252623, |r|/|b| = 0.001430674920, Elapsed Time = 4642.116 s
-- (185): |r| = 0.016726121439, |r|/|b| = 0.001417947632, Elapsed Time = 4667.346 s
-- (186): |r| = 0.016578447654, |r|/|b| = 0.001405428670, Elapsed Time = 4692.576 s
-- (187): |r| = 0.016433102060, |r|/|b| = 0.001393107078, Elapsed Time = 4717.804 s
-- (188): |r| = 0.016289449793, |r|/|b| = 0.001380929037, Elapsed Time = 4743.035 s
-- (189): |r| = 0.016147122693, |r|/|b| = 0.001368863336, Elapsed Time = 4768.267 s
-- (190): |r| = 0.016006051184, |r|/|b| = 0.001356904078, Elapsed Time = 4793.499 s
-- (191): |r| = 0.015865887567, |r|/|b| = 0.001345021785, Elapsed Time = 4818.727 s
-- (192): |r| = 0.015726300134, |r|/|b| = 0.001333188338, Elapsed Time = 4843.953 s
-- (193): |r| = 0.015587533954, |r|/|b| = 0.001321424512, Elapsed Time = 4869.183 s
-- (194): |r| = 0.015450102563, |r|/|b| = 0.001309773843, Elapsed Time = 4894.411 s
-- (195): |r| = 0.015314378874, |r|/|b| = 0.001298267943, Elapsed Time = 4919.642 s
-- (196): |r| = 0.015179999816, |r|/|b| = 0.001286876033, Elapsed Time = 4944.869 s
-- (197): |r| = 0.015046733636, |r|/|b| = 0.001275578467, Elapsed Time = 4970.097 s
-- (198): |r| = 0.014914672635, |r|/|b| = 0.001264383069, Elapsed Time = 4995.327 s
-- (199): |r| = 0.014783764014, |r|/|b| = 0.001253285363, Elapsed Time = 5020.561 s
-- (200): |r| = 0.014653769403, |r|/|b| = 0.001242265142, Elapsed Time = 5045.796 s
-- (201): |r| = 0.014524803813, |r|/|b| = 0.001231332156, Elapsed Time = 5071.028 s
-- (202): |r| = 0.014397483521, |r|/|b| = 0.001220538650, Elapsed Time = 5096.257 s
-- (203): |r| = 0.014272478053, |r|/|b| = 0.001209941381, Elapsed Time = 5121.483 s
-- (204): |r| = 0.014149846780, |r|/|b| = 0.001199545383, Elapsed Time = 5146.711 s
-- (205): |r| = 0.014029697492, |r|/|b| = 0.001189359794, Elapsed Time = 5171.935 s
-- (206): |r| = 0.013912218780, |r|/|b| = 0.001179400601, Elapsed Time = 5197.160 s
-- (207): |r| = 0.013797428419, |r|/|b| = 0.001169669312, Elapsed Time = 5222.384 s
-- (208): |r| = 0.013685113558, |r|/|b| = 0.001160147882, Elapsed Time = 5247.610 s
-- (209): |r| = 0.013575391684, |r|/|b| = 0.001150846272, Elapsed Time = 5272.838 s
-- (210): |r| = 0.013468445459, |r|/|b| = 0.001141779965, Elapsed Time = 5298.067 s
-- (211): |r| = 0.013364690230, |r|/|b| = 0.001132984173, Elapsed Time = 5323.293 s
-- (212): |r| = 0.013264247953, |r|/|b| = 0.001124469235, Elapsed Time = 5348.520 s
-- (213): |r| = 0.013166625881, |r|/|b| = 0.001116193378, Elapsed Time = 5373.746 s
-- (214): |r| = 0.013071386337, |r|/|b| = 0.001108119499, Elapsed Time = 5398.975 s
-- (215): |r| = 0.012978191261, |r|/|b| = 0.001100218938, Elapsed Time = 5424.204 s
-- (216): |r| = 0.012886468156, |r|/|b| = 0.001092443163, Elapsed Time = 5449.434 s
-- (217): |r| = 0.012795712348, |r|/|b| = 0.001084749390, Elapsed Time = 5474.661 s
-- (218): |r| = 0.012705770870, |r|/|b| = 0.001077124651, Elapsed Time = 5499.887 s
-- (219): |r| = 0.012616610683, |r|/|b| = 0.001069566146, Elapsed Time = 5525.111 s
-- (220): |r| = 0.012527843544, |r|/|b| = 0.001062040961, Elapsed Time = 5550.337 s
-- (221): |r| = 0.012439061944, |r|/|b| = 0.001054514551, Elapsed Time = 5575.559 s
-- (222): |r| = 0.012350113036, |r|/|b| = 0.001046973957, Elapsed Time = 5600.779 s
-- (223): |r| = 0.012260880115, |r|/|b| = 0.001039409285, Elapsed Time = 5626.002 s
-- (224): |r| = 0.012171163864, |r|/|b| = 0.001031803640, Elapsed Time = 5651.230 s
-- (225): |r| = 0.012080911665, |r|/|b| = 0.001024152560, Elapsed Time = 5676.458 s
-- (226): |r| = 0.011990668968, |r|/|b| = 0.001016502286, Elapsed Time = 5701.683 s
-- (227): |r| = 0.011901424021, |r|/|b| = 0.001008936595, Elapsed Time = 5726.906 s
-- (228): |r| = 0.011813623442, |r|/|b| = 0.001001493350, Elapsed Time = 5752.129 s
-- (229): |r| = 0.011727324464, |r|/|b| = 0.000994177402, Elapsed Time = 5777.353 s
-- (230): |r| = 0.011642532875, |r|/|b| = 0.000986989242, Elapsed Time = 5802.579 s
-- (231): |r| = 0.011559357962, |r|/|b| = 0.000979938135, Elapsed Time = 5827.803 s
-- (232): |r| = 0.011477724996, |r|/|b| = 0.000973017746, Elapsed Time = 5853.028 s
-- (233): |r| = 0.011397505828, |r|/|b| = 0.000966217211, Elapsed Time = 5878.253 s
-- (234): |r| = 0.011318696540, |r|/|b| = 0.000959536197, Elapsed Time = 5903.481 s
-- (235): |r| = 0.011241540056, |r|/|b| = 0.000952995299, Elapsed Time = 5928.708 s
-- (236): |r| = 0.011166051644, |r|/|b| = 0.000946595811, Elapsed Time = 5953.932 s
-- (237): |r| = 0.011091996549, |r|/|b| = 0.000940317832, Elapsed Time = 5979.156 s
-- (238): |r| = 0.011018903322, |r|/|b| = 0.000934121394, Elapsed Time = 6004.379 s
-- (239): |r| = 0.010946457133, |r|/|b| = 0.000927979809, Elapsed Time = 6029.603 s
-- (240): |r| = 0.010874493083, |r|/|b| = 0.000921879097, Elapsed Time = 6054.826 s
-- (241): |r| = 0.010802865783, |r|/|b| = 0.000915806932, Elapsed Time = 6080.047 s
-- (242): |r| = 0.010731534521, |r|/|b| = 0.000909759864, Elapsed Time = 6105.271 s
-- (243): |r| = 0.010660888953, |r|/|b| = 0.000903770925, Elapsed Time = 6130.494 s
-- (244): |r| = 0.010591406740, |r|/|b| = 0.000897880609, Elapsed Time = 6155.717 s
-- (245): |r| = 0.010523057297, |r|/|b| = 0.000892086323, Elapsed Time = 6180.940 s
-- (246): |r| = 0.010455670793, |r|/|b| = 0.000886373670, Elapsed Time = 6206.163 s
-- (247): |r| = 0.010389190637, |r|/|b| = 0.000880737852, Elapsed Time = 6231.385 s
-- (248): |r| = 0.010323593193, |r|/|b| = 0.000875176865, Elapsed Time = 6256.610 s
-- (249): |r| = 0.010258817195, |r|/|b| = 0.000869685516, Elapsed Time = 6281.835 s
-- (250): |r| = 0.010194687879, |r|/|b| = 0.000864248989, Elapsed Time = 6307.060 s
-- (251): |r| = 0.010131124663, |r|/|b| = 0.000858860453, Elapsed Time = 6332.284 s
-- (252): |r| = 0.010068280398, |r|/|b| = 0.000853532865, Elapsed Time = 6357.512 s
-- (253): |r| = 0.010006145859, |r|/|b| = 0.000848265444, Elapsed Time = 6382.738 s
-- (254): |r| = 0.009944580937, |r|/|b| = 0.000843046312, Elapsed Time = 6407.966 s
-- (255): |r| = 0.009883372610, |r|/|b| = 0.000837857410, Elapsed Time = 6433.196 s
-- (256): |r| = 0.009822523098, |r|/|b| = 0.000832698927, Elapsed Time = 6458.444 s
-- (257): |r| = 0.009762058348, |r|/|b| = 0.000827573061, Elapsed Time = 6483.675 s
-- (258): |r| = 0.009701901060, |r|/|b| = 0.000822473261, Elapsed Time = 6508.908 s
-- (259): |r| = 0.009641958843, |r|/|b| = 0.000817391693, Elapsed Time = 6534.137 s
-- (260): |r| = 0.009582313337, |r|/|b| = 0.000812335278, Elapsed Time = 6559.366 s
-- (261): |r| = 0.009523149768, |r|/|b| = 0.000807319719, Elapsed Time = 6584.594 s
-- (262): |r| = 0.009464534225, |r|/|b| = 0.000802350619, Elapsed Time = 6609.821 s
-- (263): |r| = 0.009406491181, |r|/|b| = 0.000797430053, Elapsed Time = 6635.051 s
-- (264): |r| = 0.009349176639, |r|/|b| = 0.000792571244, Elapsed Time = 6660.281 s
-- (265): |r| = 0.009292769035, |r|/|b| = 0.000787789321, Elapsed Time = 6685.512 s
-- (266): |r| = 0.009237039992, |r|/|b| = 0.000783064923, Elapsed Time = 6710.741 s
-- (267): |r| = 0.009182095118, |r|/|b| = 0.000778407001, Elapsed Time = 6735.969 s
-- (268): |r| = 0.009128111418, |r|/|b| = 0.000773830563, Elapsed Time = 6761.199 s
-- (269): |r| = 0.009074924923, |r|/|b| = 0.000769321708, Elapsed Time = 6786.426 s
-- (270): |r| = 0.009022444169, |r|/|b| = 0.000764872681, Elapsed Time = 6811.655 s
-- (271): |r| = 0.008970525867, |r|/|b| = 0.000760471336, Elapsed Time = 6836.884 s
-- (272): |r| = 0.008918881835, |r|/|b| = 0.000756093242, Elapsed Time = 6862.113 s
-- (273): |r| = 0.008867418854, |r|/|b| = 0.000751730496, Elapsed Time = 6887.341 s
-- (274): |r| = 0.008815908814, |r|/|b| = 0.000747363761, Elapsed Time = 6912.566 s
-- (275): |r| = 0.008764304307, |r|/|b| = 0.000742989018, Elapsed Time = 6937.794 s
-- (276): |r| = 0.008712647752, |r|/|b| = 0.000738609862, Elapsed Time = 6963.024 s
-- (277): |r| = 0.008661043810, |r|/|b| = 0.000734235167, Elapsed Time = 6988.253 s
-- (278): |r| = 0.008609528410, |r|/|b| = 0.000729867977, Elapsed Time = 7013.484 s
-- (279): |r| = 0.008558142397, |r|/|b| = 0.000725511757, Elapsed Time = 7038.714 s
-- (280): |r| = 0.008506867076, |r|/|b| = 0.000721164920, Elapsed Time = 7063.939 s
-- (281): |r| = 0.008455746256, |r|/|b| = 0.000716831181, Elapsed Time = 7089.164 s
-- (282): |r| = 0.008404744836, |r|/|b| = 0.000712507564, Elapsed Time = 7114.389 s
-- (283): |r| = 0.008353801386, |r|/|b| = 0.000708188861, Elapsed Time = 7139.613 s
-- (284): |r| = 0.008302948331, |r|/|b| = 0.000703877822, Elapsed Time = 7164.840 s
-- (285): |r| = 0.008252204829, |r|/|b| = 0.000699576070, Elapsed Time = 7190.070 s
-- (286): |r| = 0.008201542280, |r|/|b| = 0.000695281181, Elapsed Time = 7215.301 s
-- (287): |r| = 0.008150914055, |r|/|b| = 0.000690989201, Elapsed Time = 7240.530 s
-- (288): |r| = 0.008100169701, |r|/|b| = 0.000686687377, Elapsed Time = 7265.759 s
-- (289): |r| = 0.008049357616, |r|/|b| = 0.000682379810, Elapsed Time = 7290.985 s
-- (290): |r| = 0.007998573392, |r|/|b| = 0.000678074606, Elapsed Time = 7316.212 s
-- (291): |r| = 0.007947860750, |r|/|b| = 0.000673775470, Elapsed Time = 7341.436 s
-- (292): |r| = 0.007897332045, |r|/|b| = 0.000669491927, Elapsed Time = 7366.660 s
-- (293): |r| = 0.007847108156, |r|/|b| = 0.000665234225, Elapsed Time = 7391.885 s
-- (294): |r| = 0.007797213691, |r|/|b| = 0.000661004449, Elapsed Time = 7417.113 s
-- (295): |r| = 0.007747589681, |r|/|b| = 0.000656797602, Elapsed Time = 7442.342 s
-- (296): |r| = 0.007698173521, |r|/|b| = 0.000652608374, Elapsed Time = 7467.571 s
-- (297): |r| = 0.007648956516, |r|/|b| = 0.000648436030, Elapsed Time = 7492.798 s
-- (298): |r| = 0.007599977924, |r|/|b| = 0.000644283897, Elapsed Time = 7518.027 s
-- (299): |r| = 0.007551228659, |r|/|b| = 0.000640151205, Elapsed Time = 7543.254 s
-- (300): |r| = 0.007502554748, |r|/|b| = 0.000636024902, Elapsed Time = 7568.481 s
-- (301): |r| = 0.007453938491, |r|/|b| = 0.000631903485, Elapsed Time = 7593.707 s
-- (302): |r| = 0.007405313571, |r|/|b| = 0.000627781335, Elapsed Time = 7618.935 s
-- (303): |r| = 0.007356417585, |r|/|b| = 0.000623636205, Elapsed Time = 7644.159 s
-- (304): |r| = 0.007307117983, |r|/|b| = 0.000619456859, Elapsed Time = 7669.383 s
-- (305): |r| = 0.007257546838, |r|/|b| = 0.000615254492, Elapsed Time = 7694.610 s
-- (306): |r| = 0.007207866765, |r|/|b| = 0.000611042892, Elapsed Time = 7719.835 s
-- (307): |r| = 0.007158388044, |r|/|b| = 0.000606848361, Elapsed Time = 7745.063 s
-- (308): |r| = 0.007109320629, |r|/|b| = 0.000602688698, Elapsed Time = 7770.293 s
-- (309): |r| = 0.007060770028, |r|/|b| = 0.000598572848, Elapsed Time = 7795.521 s
-- (310): |r| = 0.007012899373, |r|/|b| = 0.000594514640, Elapsed Time = 7820.751 s
-- (311): |r| = 0.006965690643, |r|/|b| = 0.000590512546, Elapsed Time = 7845.981 s
-- (312): |r| = 0.006919025977, |r|/|b| = 0.000586556575, Elapsed Time = 7871.211 s
-- (313): |r| = 0.006872912262, |r|/|b| = 0.000582647310, Elapsed Time = 7896.436 s
-- (314): |r| = 0.006827426079, |r|/|b| = 0.000578791245, Elapsed Time = 7921.664 s
-- (315): |r| = 0.006782642555, |r|/|b| = 0.000574994746, Elapsed Time = 7946.893 s
-- (316): |r| = 0.006738468889, |r|/|b| = 0.000571249948, Elapsed Time = 7972.123 s
-- (317): |r| = 0.006694889245, |r|/|b| = 0.000567555508, Elapsed Time = 7997.353 s
-- (318): |r| = 0.006652001531, |r|/|b| = 0.000563919726, Elapsed Time = 8022.582 s
-- (319): |r| = 0.006609748379, |r|/|b| = 0.000560337739, Elapsed Time = 8047.810 s
-- (320): |r| = 0.006568051787, |r|/|b| = 0.000556802933, Elapsed Time = 8073.037 s
-- (321): |r| = 0.006526911246, |r|/|b| = 0.000553315267, Elapsed Time = 8098.264 s
-- (322): |r| = 0.006486255673, |r|/|b| = 0.000549868713, Elapsed Time = 8123.491 s
-- (323): |r| = 0.006446019169, |r|/|b| = 0.000546457686, Elapsed Time = 8148.718 s
-- (324): |r| = 0.006406088734, |r|/|b| = 0.000543072606, Elapsed Time = 8173.945 s
-- (325): |r| = 0.006366351725, |r|/|b| = 0.000539703923, Elapsed Time = 8199.173 s
-- (326): |r| = 0.006326728791, |r|/|b| = 0.000536344911, Elapsed Time = 8224.405 s
-- (327): |r| = 0.006287214494, |r|/|b| = 0.000532995108, Elapsed Time = 8249.637 s
-- (328): |r| = 0.006247769944, |r|/|b| = 0.000529651218, Elapsed Time = 8274.868 s
-- (329): |r| = 0.006208377817, |r|/|b| = 0.000526311773, Elapsed Time = 8300.097 s
-- (330): |r| = 0.006169095213, |r|/|b| = 0.000522981612, Elapsed Time = 8325.324 s
-- (331): |r| = 0.006130008974, |r|/|b| = 0.000519668098, Elapsed Time = 8350.551 s
-- (332): |r| = 0.006091102597, |r|/|b| = 0.000516369831, Elapsed Time = 8375.780 s
-- (333): |r| = 0.006052381579, |r|/|b| = 0.000513087279, Elapsed Time = 8401.006 s
-- (334): |r| = 0.006013875869, |r|/|b| = 0.000509822978, Elapsed Time = 8426.238 s
-- (335): |r| = 0.005975761989, |r|/|b| = 0.000506591896, Elapsed Time = 8451.466 s
-- (336): |r| = 0.005938165275, |r|/|b| = 0.000503404655, Elapsed Time = 8476.695 s
-- (337): |r| = 0.005901169608, |r|/|b| = 0.000500268368, Elapsed Time = 8501.925 s
-- (338): |r| = 0.005864846496, |r|/|b| = 0.000497189096, Elapsed Time = 8527.154 s
-- (339): |r| = 0.005829326977, |r|/|b| = 0.000494177949, Elapsed Time = 8552.385 s
-- (340): |r| = 0.005794554080, |r|/|b| = 0.000491230096, Elapsed Time = 8577.616 s
-- (341): |r| = 0.005760418735, |r|/|b| = 0.000488336291, Elapsed Time = 8602.846 s
-- (342): |r| = 0.005726839024, |r|/|b| = 0.000485489590, Elapsed Time = 8628.075 s
-- (343): |r| = 0.005693790624, |r|/|b| = 0.000482687930, Elapsed Time = 8653.308 s
-- (344): |r| = 0.005661278468, |r|/|b| = 0.000479931730, Elapsed Time = 8678.538 s
-- (345): |r| = 0.005629301116, |r|/|b| = 0.000477220868, Elapsed Time = 8703.766 s
-- (346): |r| = 0.005597911227, |r|/|b| = 0.000474559808, Elapsed Time = 8728.999 s
-- (347): |r| = 0.005567103959, |r|/|b| = 0.000471948139, Elapsed Time = 8754.229 s
-- (348): |r| = 0.005536884248, |r|/|b| = 0.000469386279, Elapsed Time = 8779.458 s
-- (349): |r| = 0.005507257422, |r|/|b| = 0.000466874682, Elapsed Time = 8804.686 s
-- (350): |r| = 0.005478108079, |r|/|b| = 0.000464403562, Elapsed Time = 8829.914 s
-- (351): |r| = 0.005449272707, |r|/|b| = 0.000461959060, Elapsed Time = 8855.141 s
-- (352): |r| = 0.005420669882, |r|/|b| = 0.000459534271, Elapsed Time = 8880.372 s
-- (353): |r| = 0.005392183508, |r|/|b| = 0.000457119355, Elapsed Time = 8905.600 s
-- (354): |r| = 0.005363685863, |r|/|b| = 0.000454703483, Elapsed Time = 8930.828 s
-- (355): |r| = 0.005335128826, |r|/|b| = 0.000452282576, Elapsed Time = 8956.058 s
-- (356): |r| = 0.005306478452, |r|/|b| = 0.000449853756, Elapsed Time = 8981.289 s
-- (357): |r| = 0.005277652348, |r|/|b| = 0.000447410039, Elapsed Time = 9006.519 s
-- (358): |r| = 0.005248562172, |r|/|b| = 0.000444943936, Elapsed Time = 9031.749 s
-- (359): |r| = 0.005219251269, |r|/|b| = 0.000442459120, Elapsed Time = 9056.980 s
-- (360): |r| = 0.005189765569, |r|/|b| = 0.000439959487, Elapsed Time = 9082.209 s
-- (361): |r| = 0.005160179729, |r|/|b| = 0.000437451364, Elapsed Time = 9107.437 s
-- (362): |r| = 0.005130605815, |r|/|b| = 0.000434944251, Elapsed Time = 9132.663 s
-- (363): |r| = 0.005101114810, |r|/|b| = 0.000432444168, Elapsed Time = 9157.891 s
-- (364): |r| = 0.005071833874, |r|/|b| = 0.000429961893, Elapsed Time = 9183.123 s
-- (365): |r| = 0.005042813540, |r|/|b| = 0.000427501710, Elapsed Time = 9208.352 s
-- (366): |r| = 0.005014125419, |r|/|b| = 0.000425069691, Elapsed Time = 9233.584 s
-- (367): |r| = 0.004985820131, |r|/|b| = 0.000422670126, Elapsed Time = 9258.814 s
-- (368): |r| = 0.004957998432, |r|/|b| = 0.000420311557, Elapsed Time = 9284.043 s
-- (369): |r| = 0.004930706901, |r|/|b| = 0.000417997932, Elapsed Time = 9309.273 s
-- (370): |r| = 0.004903913884, |r|/|b| = 0.000415726569, Elapsed Time = 9334.500 s
-- (371): |r| = 0.004877625176, |r|/|b| = 0.000413497959, Elapsed Time = 9359.729 s
-- (372): |r| = 0.004851738254, |r|/|b| = 0.000411303409, Elapsed Time = 9384.955 s
-- (373): |r| = 0.004826305481, |r|/|b| = 0.000409147360, Elapsed Time = 9410.185 s
-- (374): |r| = 0.004801318538, |r|/|b| = 0.000407029106, Elapsed Time = 9435.414 s
-- (375): |r| = 0.004776710019, |r|/|b| = 0.000404942932, Elapsed Time = 9460.642 s
-- (376): |r| = 0.004752530559, |r|/|b| = 0.000402893132, Elapsed Time = 9485.871 s
-- (377): |r| = 0.004728794079, |r|/|b| = 0.000400880885, Elapsed Time = 9511.098 s
-- (378): |r| = 0.004705422229, |r|/|b| = 0.000398899550, Elapsed Time = 9536.327 s
-- (379): |r| = 0.004682354821, |r|/|b| = 0.000396944023, Elapsed Time = 9561.557 s
-- (380): |r| = 0.004659547955, |r|/|b| = 0.000395010584, Elapsed Time = 9586.784 s
-- (381): |r| = 0.004636949444, |r|/|b| = 0.000393094807, Elapsed Time = 9612.009 s
-- (382): |r| = 0.004614508133, |r|/|b| = 0.000391192358, Elapsed Time = 9637.234 s
-- (383): |r| = 0.004592152661, |r|/|b| = 0.000389297185, Elapsed Time = 9662.459 s
-- (384): |r| = 0.004569835886, |r|/|b| = 0.000387405293, Elapsed Time = 9687.686 s
-- (385): |r| = 0.004547492271, |r|/|b| = 0.000385511125, Elapsed Time = 9712.912 s
-- (386): |r| = 0.004525063329, |r|/|b| = 0.000383609724, Elapsed Time = 9738.141 s
-- (387): |r| = 0.004502487067, |r|/|b| = 0.000381695834, Elapsed Time = 9763.370 s
-- (388): |r| = 0.004479753981, |r|/|b| = 0.000379768650, Elapsed Time = 9788.599 s
-- (389): |r| = 0.004456903221, |r|/|b| = 0.000377831489, Elapsed Time = 9813.827 s
-- (390): |r| = 0.004434004334, |r|/|b| = 0.000375890249, Elapsed Time = 9839.055 s
-- (391): |r| = 0.004411140088, |r|/|b| = 0.000373951945, Elapsed Time = 9864.283 s
-- (392): |r| = 0.004388333903, |r|/|b| = 0.000372018563, Elapsed Time = 9889.512 s
-- (393): |r| = 0.004365647519, |r|/|b| = 0.000370095338, Elapsed Time = 9914.739 s
-- (394): |r| = 0.004343100270, |r|/|b| = 0.000368183907, Elapsed Time = 9939.970 s
-- (395): |r| = 0.004320709391, |r|/|b| = 0.000366285733, Elapsed Time = 9965.202 s
-- (396): |r| = 0.004298492735, |r|/|b| = 0.000364402328, Elapsed Time = 9990.432 s
-- (397): |r| = 0.004276507651, |r|/|b| = 0.000362538555, Elapsed Time = 10015.665 s
-- (398): |r| = 0.004254782295, |r|/|b| = 0.000360696800, Elapsed Time = 10040.896 s
-- (399): |r| = 0.004233303854, |r|/|b| = 0.000358875977, Elapsed Time = 10066.126 s
-- (400): |r| = 0.004212024029, |r|/|b| = 0.000357071992, Elapsed Time = 10091.360 s
-- (401): |r| = 0.004190971175, |r|/|b| = 0.000355287248, Elapsed Time = 10116.593 s
-- (402): |r| = 0.004170177239, |r|/|b| = 0.000353524454, Elapsed Time = 10141.825 s
-- (403): |r| = 0.004149613496, |r|/|b| = 0.000351781174, Elapsed Time = 10167.056 s
-- (404): |r| = 0.004129282621, |r|/|b| = 0.000350057635, Elapsed Time = 10192.287 s
-- (405): |r| = 0.004109210188, |r|/|b| = 0.000348356006, Elapsed Time = 10217.515 s
-- (406): |r| = 0.004089369787, |r|/|b| = 0.000346674047, Elapsed Time = 10242.745 s
-- (407): |r| = 0.004069748517, |r|/|b| = 0.000345010665, Elapsed Time = 10267.979 s
-- (408): |r| = 0.004050312346, |r|/|b| = 0.000343362974, Elapsed Time = 10293.208 s
-- (409): |r| = 0.004031012929, |r|/|b| = 0.000341726877, Elapsed Time = 10318.439 s
-- (410): |r| = 0.004011782244, |r|/|b| = 0.000340096606, Elapsed Time = 10343.669 s
-- (411): |r| = 0.003992635086, |r|/|b| = 0.000338473416, Elapsed Time = 10368.899 s
-- (412): |r| = 0.003973540131, |r|/|b| = 0.000336854652, Elapsed Time = 10394.129 s
-- (413): |r| = 0.003954461412, |r|/|b| = 0.000335237265, Elapsed Time = 10419.359 s
-- (414): |r| = 0.003935401629, |r|/|b| = 0.000333621482, Elapsed Time = 10444.590 s
-- (415): |r| = 0.003916390581, |r|/|b| = 0.000332009831, Elapsed Time = 10469.817 s
-- (416): |r| = 0.003897457339, |r|/|b| = 0.000330404776, Elapsed Time = 10495.046 s
-- (417): |r| = 0.003878651577, |r|/|b| = 0.000328810528, Elapsed Time = 10520.277 s
-- (418): |r| = 0.003860041206, |r|/|b| = 0.000327232844, Elapsed Time = 10545.508 s
-- (419): |r| = 0.003841660854, |r|/|b| = 0.000325674660, Elapsed Time = 10570.739 s
-- (420): |r| = 0.003823501201, |r|/|b| = 0.000324135186, Elapsed Time = 10595.971 s
-- (421): |r| = 0.003805590117, |r|/|b| = 0.000322616783, Elapsed Time = 10621.202 s
-- (422): |r| = 0.003787925428, |r|/|b| = 0.000321119269, Elapsed Time = 10646.433 s
-- (423): |r| = 0.003770517505, |r|/|b| = 0.000319643522, Elapsed Time = 10671.665 s
-- (424): |r| = 0.003752781452, |r|/|b| = 0.000318139958, Elapsed Time = 10696.898 s
-- (425): |r| = 0.003735329652, |r|/|b| = 0.000316660492, Elapsed Time = 10722.130 s
-- (426): |r| = 0.003718281046, |r|/|b| = 0.000315215205, Elapsed Time = 10747.361 s
-- (427): |r| = 0.003701430597, |r|/|b| = 0.000313786718, Elapsed Time = 10772.590 s
-- (428): |r| = 0.003684905225, |r|/|b| = 0.000312385789, Elapsed Time = 10797.821 s
-- (429): |r| = 0.003668562125, |r|/|b| = 0.000311000312, Elapsed Time = 10823.052 s
-- (430): |r| = 0.003652485564, |r|/|b| = 0.000309637430, Elapsed Time = 10848.284 s
-- (431): |r| = 0.003636593335, |r|/|b| = 0.000308290175, Elapsed Time = 10873.512 s
-- (432): |r| = 0.003620897391, |r|/|b| = 0.000306959560, Elapsed Time = 10898.739 s
-- (433): |r| = 0.003605371628, |r|/|b| = 0.000305643372, Elapsed Time = 10923.968 s
-- (434): |r| = 0.003590012454, |r|/|b| = 0.000304341307, Elapsed Time = 10949.196 s
-- (435): |r| = 0.003574801096, |r|/|b| = 0.000303051773, Elapsed Time = 10974.424 s
-- (436): |r| = 0.003559687561, |r|/|b| = 0.000301770531, Elapsed Time = 10999.653 s
-- (437): |r| = 0.003544618366, |r|/|b| = 0.000300493048, Elapsed Time = 11024.880 s
-- (438): |r| = 0.003529555198, |r|/|b| = 0.000299216077, Elapsed Time = 11050.104 s
-- (439): |r| = 0.003514454613, |r|/|b| = 0.000297935933, Elapsed Time = 11075.330 s
-- (440): |r| = 0.003499284993, |r|/|b| = 0.000296649937, Elapsed Time = 11100.557 s
-- (441): |r| = 0.003484035976, |r|/|b| = 0.000295357210, Elapsed Time = 11125.783 s
-- (442): |r| = 0.003468700122, |r|/|b| = 0.000294057122, Elapsed Time = 11151.010 s
-- (443): |r| = 0.003453308918, |r|/|b| = 0.000292752341, Elapsed Time = 11176.237 s
-- (444): |r| = 0.003437916322, |r|/|b| = 0.000291447442, Elapsed Time = 11201.466 s
-- (445): |r| = 0.003422535738, |r|/|b| = 0.000290143562, Elapsed Time = 11226.694 s
-- (446): |r| = 0.003407207298, |r|/|b| = 0.000288844102, Elapsed Time = 11251.922 s
-- (447): |r| = 0.003391968488, |r|/|b| = 0.000287552240, Elapsed Time = 11277.151 s
-- (448): |r| = 0.003376857683, |r|/|b| = 0.000286271230, Elapsed Time = 11302.378 s
-- (449): |r| = 0.003361920196, |r|/|b| = 0.000285004913, Elapsed Time = 11327.602 s
-- (450): |r| = 0.003347199442, |r|/|b| = 0.000283756969, Elapsed Time = 11352.828 s
-- (451): |r| = 0.003332708004, |r|/|b| = 0.000282528465, Elapsed Time = 11378.054 s
-- (452): |r| = 0.003318492592, |r|/|b| = 0.000281323362, Elapsed Time = 11403.280 s
-- (453): |r| = 0.003304579916, |r|/|b| = 0.000280143922, Elapsed Time = 11428.508 s
-- (454): |r| = 0.003290973227, |r|/|b| = 0.000278990423, Elapsed Time = 11453.733 s
-- (455): |r| = 0.003277671863, |r|/|b| = 0.000277862807, Elapsed Time = 11478.962 s
-- (456): |r| = 0.003264683517, |r|/|b| = 0.000276761727, Elapsed Time = 11504.189 s
-- (457): |r| = 0.003251990396, |r|/|b| = 0.000275685675, Elapsed Time = 11529.415 s
-- (458): |r| = 0.003239562865, |r|/|b| = 0.000274632138, Elapsed Time = 11554.642 s
-- (459): |r| = 0.003227394023, |r|/|b| = 0.000273600531, Elapsed Time = 11579.875 s
-- (460): |r| = 0.003215441302, |r|/|b| = 0.000272587246, Elapsed Time = 11605.109 s
-- (461): |r| = 0.003203682509, |r|/|b| = 0.000271590401, Elapsed Time = 11630.342 s
-- (462): |r| = 0.003192014094, |r|/|b| = 0.000270601218, Elapsed Time = 11655.571 s
-- (463): |r| = 0.003180461408, |r|/|b| = 0.000269621845, Elapsed Time = 11680.801 s
-- (464): |r| = 0.003169024384, |r|/|b| = 0.000268652278, Elapsed Time = 11706.031 s
-- (465): |r| = 0.003157617994, |r|/|b| = 0.000267685307, Elapsed Time = 11731.259 s
-- (466): |r| = 0.003146209514, |r|/|b| = 0.000266718160, Elapsed Time = 11756.489 s
-- (467): |r| = 0.003134781423, |r|/|b| = 0.000265749350, Elapsed Time = 11781.719 s
-- (468): |r| = 0.003123325008, |r|/|b| = 0.000264778139, Elapsed Time = 11806.950 s
-- (469): |r| = 0.003111821371, |r|/|b| = 0.000263802924, Elapsed Time = 11832.179 s
-- (470): |r| = 0.003100272784, |r|/|b| = 0.000262823899, Elapsed Time = 11857.409 s
-- (471): |r| = 0.003088684647, |r|/|b| = 0.000261841521, Elapsed Time = 11882.637 s
-- (472): |r| = 0.003077063592, |r|/|b| = 0.000260856353, Elapsed Time = 11907.865 s
-- (473): |r| = 0.003065437732, |r|/|b| = 0.000259870777, Elapsed Time = 11933.099 s
-- (474): |r| = 0.003053847954, |r|/|b| = 0.000258888260, Elapsed Time = 11958.330 s
-- (475): |r| = 0.003042315687, |r|/|b| = 0.000257910619, Elapsed Time = 11983.562 s
-- (476): |r| = 0.003030879533, |r|/|b| = 0.000256941125, Elapsed Time = 12008.793 s
-- (477): |r| = 0.003019565944, |r|/|b| = 0.000255982022, Elapsed Time = 12034.025 s
-- (478): |r| = 0.003008413782, |r|/|b| = 0.000255036603, Elapsed Time = 12059.260 s
-- (479): |r| = 0.002997448503, |r|/|b| = 0.000254107028, Elapsed Time = 12084.492 s
-- (480): |r| = 0.002986666249, |r|/|b| = 0.000253192968, Elapsed Time = 12109.724 s
-- (481): |r| = 0.002976086376, |r|/|b| = 0.000252296066, Elapsed Time = 12134.958 s
-- (482): |r| = 0.002965689218, |r|/|b| = 0.000251414652, Elapsed Time = 12160.189 s
-- (483): |r| = 0.002955461763, |r|/|b| = 0.000250547626, Elapsed Time = 12185.422 s
-- (484): |r| = 0.002945368687, |r|/|b| = 0.000249691991, Elapsed Time = 12210.655 s
-- (485): |r| = 0.002935390044, |r|/|b| = 0.000248846057, Elapsed Time = 12235.889 s
-- (486): |r| = 0.002925492987, |r|/|b| = 0.000248007039, Elapsed Time = 12261.121 s
-- (487): |r| = 0.002915635338, |r|/|b| = 0.000247171362, Elapsed Time = 12286.350 s
-- (488): |r| = 0.002905782255, |r|/|b| = 0.000246336073, Elapsed Time = 12311.579 s
-- (489): |r| = 0.002895914423, |r|/|b| = 0.000245499533, Elapsed Time = 12336.806 s
-- (490): |r| = 0.002886010616, |r|/|b| = 0.000244659943, Elapsed Time = 12362.034 s
-- (491): |r| = 0.002876044493, |r|/|b| = 0.000243815071, Elapsed Time = 12387.260 s
-- (492): |r| = 0.002865998312, |r|/|b| = 0.000242963411, Elapsed Time = 12412.487 s
-- (493): |r| = 0.002855860665, |r|/|b| = 0.000242103998, Elapsed Time = 12437.714 s
-- (494): |r| = 0.002845638829, |r|/|b| = 0.000241237447, Elapsed Time = 12462.943 s
-- (495): |r| = 0.002835350005, |r|/|b| = 0.000240365218, Elapsed Time = 12488.174 s
-- (496): |r| = 0.002825009154, |r|/|b| = 0.000239488578, Elapsed Time = 12513.403 s
-- (497): |r| = 0.002814647143, |r|/|b| = 0.000238610144, Elapsed Time = 12538.635 s
-- (498): |r| = 0.002804298428, |r|/|b| = 0.000237732838, Elapsed Time = 12563.864 s
-- (499): |r| = 0.002793990868, |r|/|b| = 0.000236859020, Elapsed Time = 12589.093 s
-- (500): |r| = 0.002783765535, |r|/|b| = 0.000235992173, Elapsed Time = 12614.322 s
-- (501): |r| = 0.002773659107, |r|/|b| = 0.000235135407, Elapsed Time = 12639.550 s
-- (502): |r| = 0.002763716459, |r|/|b| = 0.000234292524, Elapsed Time = 12664.780 s
-- (503): |r| = 0.002753972201, |r|/|b| = 0.000233466460, Elapsed Time = 12690.011 s
-- (504): |r| = 0.002744429956, |r|/|b| = 0.000232657522, Elapsed Time = 12715.237 s
-- (505): |r| = 0.002735122948, |r|/|b| = 0.000231868525, Elapsed Time = 12740.467 s
-- (506): |r| = 0.002726069645, |r|/|b| = 0.000231101036, Elapsed Time = 12765.699 s
-- (507): |r| = 0.002717245277, |r|/|b| = 0.000230352956, Elapsed Time = 12790.930 s
-- (508): |r| = 0.002708589138, |r|/|b| = 0.000229619136, Elapsed Time = 12816.159 s
-- (509): |r| = 0.002700122505, |r|/|b| = 0.000228901382, Elapsed Time = 12841.390 s
-- (510): |r| = 0.002691847305, |r|/|b| = 0.000228199857, Elapsed Time = 12866.620 s
-- (511): |r| = 0.002683687718, |r|/|b| = 0.000227508132, Elapsed Time = 12891.850 s
-- (512): |r| = 0.002675606125, |r|/|b| = 0.000226823020, Elapsed Time = 12917.083 s
-- (513): |r| = 0.002667575205, |r|/|b| = 0.000226142203, Elapsed Time = 12942.314 s
-- (514): |r| = 0.002659536310, |r|/|b| = 0.000225460710, Elapsed Time = 12967.545 s
-- (515): |r| = 0.002651475782, |r|/|b| = 0.000224777383, Elapsed Time = 12992.778 s
-- (516): |r| = 0.002643389408, |r|/|b| = 0.000224091865, Elapsed Time = 13018.012 s
-- (517): |r| = 0.002635249264, |r|/|b| = 0.000223401789, Elapsed Time = 13043.249 s
-- (518): |r| = 0.002627039744, |r|/|b| = 0.000222705832, Elapsed Time = 13068.486 s
-- (519): |r| = 0.002618780193, |r|/|b| = 0.000222005633, Elapsed Time = 13093.721 s
-- (520): |r| = 0.002610452519, |r|/|b| = 0.000221299659, Elapsed Time = 13118.959 s
-- (521): |r| = 0.002602120170, |r|/|b| = 0.000220593289, Elapsed Time = 13144.199 s
-- (522): |r| = 0.002593832330, |r|/|b| = 0.000219890692, Elapsed Time = 13169.439 s
-- (523): |r| = 0.002585593033, |r|/|b| = 0.000219192210, Elapsed Time = 13194.677 s
-- (524): |r| = 0.002577429730, |r|/|b| = 0.000218500170, Elapsed Time = 13219.912 s
-- (525): |r| = 0.002569371582, |r|/|b| = 0.000217817045, Elapsed Time = 13245.145 s
-- (526): |r| = 0.002561447424, |r|/|b| = 0.000217145279, Elapsed Time = 13270.379 s
-- (527): |r| = 0.002553674699, |r|/|b| = 0.000216486351, Elapsed Time = 13295.613 s
-- (528): |r| = 0.002546055872, |r|/|b| = 0.000215840469, Elapsed Time = 13320.849 s
-- (529): |r| = 0.002538607155, |r|/|b| = 0.000215209008, Elapsed Time = 13346.085 s
-- (530): |r| = 0.002531326528, |r|/|b| = 0.000214591797, Elapsed Time = 13371.318 s
-- (531): |r| = 0.002524207259, |r|/|b| = 0.000213988265, Elapsed Time = 13396.554 s
-- (532): |r| = 0.002517243912, |r|/|b| = 0.000213397951, Elapsed Time = 13421.788 s
-- (533): |r| = 0.002510419713, |r|/|b| = 0.000212819433, Elapsed Time = 13447.022 s
-- (534): |r| = 0.002503735753, |r|/|b| = 0.000212252804, Elapsed Time = 13472.258 s
-- (535): |r| = 0.002497165052, |r|/|b| = 0.000211695777, Elapsed Time = 13497.493 s
-- (536): |r| = 0.002490677736, |r|/|b| = 0.000211145818, Elapsed Time = 13522.732 s
-- (537): |r| = 0.002484266171, |r|/|b| = 0.000210602281, Elapsed Time = 13547.966 s
-- (538): |r| = 0.002477910596, |r|/|b| = 0.000210063491, Elapsed Time = 13573.199 s
-- (539): |r| = 0.002471576016, |r|/|b| = 0.000209526481, Elapsed Time = 13598.433 s
-- (540): |r| = 0.002465252415, |r|/|b| = 0.000208990401, Elapsed Time = 13623.669 s
-- (541): |r| = 0.002458918858, |r|/|b| = 0.000208453477, Elapsed Time = 13648.904 s
-- (542): |r| = 0.002452542166, |r|/|b| = 0.000207912897, Elapsed Time = 13674.139 s
-- (543): |r| = 0.002446116424, |r|/|b| = 0.000207368158, Elapsed Time = 13699.374 s
-- (544): |r| = 0.002439629195, |r|/|b| = 0.000206818207, Elapsed Time = 13724.604 s
-- (545): |r| = 0.002433066659, |r|/|b| = 0.000206261871, Elapsed Time = 13749.836 s
-- (546): |r| = 0.002426444086, |r|/|b| = 0.000205700446, Elapsed Time = 13775.067 s
-- (547): |r| = 0.002419757327, |r|/|b| = 0.000205133580, Elapsed Time = 13800.298 s
-- (548): |r| = 0.002413035499, |r|/|b| = 0.000204563741, Elapsed Time = 13825.532 s
-- (549): |r| = 0.002406304336, |r|/|b| = 0.000203993110, Elapsed Time = 13850.762 s
-- (550): |r| = 0.002399590840, |r|/|b| = 0.000203423977, Elapsed Time = 13875.993 s
-- (551): |r| = 0.002392928526, |r|/|b| = 0.000202859183, Elapsed Time = 13901.224 s
-- (552): |r| = 0.002386343676, |r|/|b| = 0.000202300957, Elapsed Time = 13926.455 s
-- (553): |r| = 0.002379859805, |r|/|b| = 0.000201751290, Elapsed Time = 13951.687 s
-- (554): |r| = 0.002373485412, |r|/|b| = 0.000201210904, Elapsed Time = 13976.922 s
-- (555): |r| = 0.002367232765, |r|/|b| = 0.000200680840, Elapsed Time = 14002.152 s
-- (556): |r| = 0.002361079077, |r|/|b| = 0.000200159164, Elapsed Time = 14027.384 s
-- (557): |r| = 0.002355030415, |r|/|b| = 0.000199646392, Elapsed Time = 14052.617 s
-- (558): |r| = 0.002349063619, |r|/|b| = 0.000199140560, Elapsed Time = 14077.849 s
-- (559): |r| = 0.002343162171, |r|/|b| = 0.000198640268, Elapsed Time = 14103.083 s
-- (560): |r| = 0.002337278219, |r|/|b| = 0.000198141460, Elapsed Time = 14128.319 s
-- (561): |r| = 0.002331410259, |r|/|b| = 0.000197644007, Elapsed Time = 14153.554 s
-- (562): |r| = 0.002325514871, |r|/|b| = 0.000197144228, Elapsed Time = 14178.789 s
-- (563): |r| = 0.002319588389, |r|/|b| = 0.000196641814, Elapsed Time = 14204.020 s
-- (564): |r| = 0.002313606355, |r|/|b| = 0.000196134691, Elapsed Time = 14229.253 s
-- (565): |r| = 0.002307545622, |r|/|b| = 0.000195620895, Elapsed Time = 14254.482 s
-- (566): |r| = 0.002301384082, |r|/|b| = 0.000195098554, Elapsed Time = 14279.713 s
-- (567): |r| = 0.002295114876, |r|/|b| = 0.000194567086, Elapsed Time = 14304.949 s
-- (568): |r| = 0.002288747150, |r|/|b| = 0.000194027265, Elapsed Time = 14330.179 s
-- (569): |r| = 0.002282266854, |r|/|b| = 0.000193477902, Elapsed Time = 14355.411 s
-- (570): |r| = 0.002275697162, |r|/|b| = 0.000192920960, Elapsed Time = 14380.641 s
-- (571): |r| = 0.002269054584, |r|/|b| = 0.000192357839, Elapsed Time = 14405.873 s
-- (572): |r| = 0.002262373443, |r|/|b| = 0.000191791449, Elapsed Time = 14431.105 s
-- (573): |r| = 0.002255693087, |r|/|b| = 0.000191225126, Elapsed Time = 14456.336 s
-- (574): |r| = 0.002249054502, |r|/|b| = 0.000190662343, Elapsed Time = 14481.572 s
-- (575): |r| = 0.002242487000, |r|/|b| = 0.000190105587, Elapsed Time = 14506.808 s
-- (576): |r| = 0.002236033157, |r|/|b| = 0.000189558466, Elapsed Time = 14532.045 s
-- (577): |r| = 0.002229713015, |r|/|b| = 0.000189022679, Elapsed Time = 14557.278 s
-- (578): |r| = 0.002223547823, |r|/|b| = 0.000188500029, Elapsed Time = 14582.512 s
-- (579): |r| = 0.002217544541, |r|/|b| = 0.000187991104, Elapsed Time = 14607.744 s
-- (580): |r| = 0.002211707590, |r|/|b| = 0.000187496280, Elapsed Time = 14632.976 s
-- (581): |r| = 0.002206018085, |r|/|b| = 0.000187013955, Elapsed Time = 14658.204 s
-- (582): |r| = 0.002200460543, |r|/|b| = 0.000186542817, Elapsed Time = 14683.433 s
-- (583): |r| = 0.002195018214, |r|/|b| = 0.000186081447, Elapsed Time = 14708.662 s
-- (584): |r| = 0.002189652693, |r|/|b| = 0.000185626588, Elapsed Time = 14733.890 s
-- (585): |r| = 0.002184327819, |r|/|b| = 0.000185175175, Elapsed Time = 14759.119 s
-- (586): |r| = 0.002179015722, |r|/|b| = 0.000184724845, Elapsed Time = 14784.349 s
-- (587): |r| = 0.002173680320, |r|/|b| = 0.000184272539, Elapsed Time = 14809.580 s
-- (588): |r| = 0.002168290805, |r|/|b| = 0.000183815646, Elapsed Time = 14834.811 s
-- (589): |r| = 0.002162812647, |r|/|b| = 0.000183351238, Elapsed Time = 14860.041 s
-- (590): |r| = 0.002157239417, |r|/|b| = 0.000182878770, Elapsed Time = 14885.269 s
-- (591): |r| = 0.002151552010, |r|/|b| = 0.000182396624, Elapsed Time = 14910.496 s
-- (592): |r| = 0.002145763985, |r|/|b| = 0.000181905947, Elapsed Time = 14935.725 s
-- (593): |r| = 0.002139901363, |r|/|b| = 0.000181408947, Elapsed Time = 14960.954 s
-- (594): |r| = 0.002133974663, |r|/|b| = 0.000180906514, Elapsed Time = 14986.179 s
-- (595): |r| = 0.002128015138, |r|/|b| = 0.000180401298, Elapsed Time = 15011.405 s
-- (596): |r| = 0.002122056486, |r|/|b| = 0.000179896157, Elapsed Time = 15036.630 s
-- (597): |r| = 0.002116139161, |r|/|b| = 0.000179394519, Elapsed Time = 15061.856 s
-- (598): |r| = 0.002110294519, |r|/|b| = 0.000178899043, Elapsed Time = 15087.083 s
-- (599): |r| = 0.002104545580, |r|/|b| = 0.000178411680, Elapsed Time = 15112.312 s
-- (600): |r| = 0.002098904810, |r|/|b| = 0.000177933487, Elapsed Time = 15137.539 s
-- (601): |r| = 0.002093379108, |r|/|b| = 0.000177465048, Elapsed Time = 15162.767 s
-- (602): |r| = 0.002087955628, |r|/|b| = 0.000177005276, Elapsed Time = 15187.994 s
-- (603): |r| = 0.002082631944, |r|/|b| = 0.000176553964, Elapsed Time = 15213.223 s
-- (604): |r| = 0.002077396270, |r|/|b| = 0.000176110112, Elapsed Time = 15238.451 s
-- (605): |r| = 0.002072231065, |r|/|b| = 0.000175672235, Elapsed Time = 15263.679 s
-- (606): |r| = 0.002067021427, |r|/|b| = 0.000175230591, Elapsed Time = 15288.909 s
-- (607): |r| = 0.002061858209, |r|/|b| = 0.000174792882, Elapsed Time = 15314.137 s
-- (608): |r| = 0.002056731543, |r|/|b| = 0.000174358271, Elapsed Time = 15339.365 s
-- (609): |r| = 0.002051620750, |r|/|b| = 0.000173925007, Elapsed Time = 15364.593 s
-- (610): |r| = 0.002046545015, |r|/|b| = 0.000173494714, Elapsed Time = 15389.820 s
-- (611): |r| = 0.002041458340, |r|/|b| = 0.000173063494, Elapsed Time = 15415.046 s
-- (612): |r| = 0.002036114838, |r|/|b| = 0.000172610502, Elapsed Time = 15440.273 s
-- (613): |r| = 0.002030771450, |r|/|b| = 0.000172157519, Elapsed Time = 15465.502 s
-- (614): |r| = 0.002025609907, |r|/|b| = 0.000171719952, Elapsed Time = 15490.728 s
-- (615): |r| = 0.002020417426, |r|/|b| = 0.000171279762, Elapsed Time = 15515.957 s
-- (616): |r| = 0.002015218643, |r|/|b| = 0.000170839038, Elapsed Time = 15541.185 s
-- (617): |r| = 0.002010005231, |r|/|b| = 0.000170397074, Elapsed Time = 15566.410 s
-- (618): |r| = 0.002004794275, |r|/|b| = 0.000169955318, Elapsed Time = 15591.635 s
-- (619): |r| = 0.001999611007, |r|/|b| = 0.000169515910, Elapsed Time = 15616.862 s
-- (620): |r| = 0.001994475749, |r|/|b| = 0.000169080571, Elapsed Time = 15642.090 s
-- (621): |r| = 0.001989416980, |r|/|b| = 0.000168651717, Elapsed Time = 15667.320 s
-- (622): |r| = 0.001984457122, |r|/|b| = 0.000168231248, Elapsed Time = 15692.550 s
-- (623): |r| = 0.001979604580, |r|/|b| = 0.000167819876, Elapsed Time = 15717.781 s
-- (624): |r| = 0.001974871732, |r|/|b| = 0.000167418652, Elapsed Time = 15743.009 s
-- (625): |r| = 0.001970255385, |r|/|b| = 0.000167027303, Elapsed Time = 15768.238 s
-- (626): |r| = 0.001965738440, |r|/|b| = 0.000166644382, Elapsed Time = 15793.464 s
-- (627): |r| = 0.001961315595, |r|/|b| = 0.000166269438, Elapsed Time = 15818.689 s
-- (628): |r| = 0.001956969554, |r|/|b| = 0.000165901004, Elapsed Time = 15843.916 s
-- (629): |r| = 0.001952679318, |r|/|b| = 0.000165537302, Elapsed Time = 15869.143 s
-- (630): |r| = 0.001948424118, |r|/|b| = 0.000165176570, Elapsed Time = 15894.369 s
-- (631): |r| = 0.001944186683, |r|/|b| = 0.000164817344, Elapsed Time = 15919.593 s
-- (632): |r| = 0.001939950453, |r|/|b| = 0.000164458220, Elapsed Time = 15944.819 s
-- (633): |r| = 0.001935705211, |r|/|b| = 0.000164098331, Elapsed Time = 15970.045 s
-- (634): |r| = 0.001931442632, |r|/|b| = 0.000163736974, Elapsed Time = 15995.269 s
-- (635): |r| = 0.001927156586, |r|/|b| = 0.000163373627, Elapsed Time = 16020.497 s
-- (636): |r| = 0.001922850753, |r|/|b| = 0.000163008602, Elapsed Time = 16045.721 s
-- (637): |r| = 0.001918526209, |r|/|b| = 0.000162641991, Elapsed Time = 16070.945 s
-- (638): |r| = 0.001914187649, |r|/|b| = 0.000162274192, Elapsed Time = 16096.169 s
-- (639): |r| = 0.001909850770, |r|/|b| = 0.000161906536, Elapsed Time = 16121.394 s
-- (640): |r| = 0.001905530191, |r|/|b| = 0.000161540261, Elapsed Time = 16146.616 s
-- (641): |r| = 0.001901234877, |r|/|b| = 0.000161176128, Elapsed Time = 16171.837 s
-- (642): |r| = 0.001896981903, |r|/|b| = 0.000160815585, Elapsed Time = 16197.063 s
-- (643): |r| = 0.001892785293, |r|/|b| = 0.000160459819, Elapsed Time = 16222.288 s
-- (644): |r| = 0.001888649618, |r|/|b| = 0.000160109220, Elapsed Time = 16247.516 s
-- (645): |r| = 0.001884592782, |r|/|b| = 0.000159765304, Elapsed Time = 16272.743 s
-- (646): |r| = 0.001880628846, |r|/|b| = 0.000159429263, Elapsed Time = 16297.971 s
-- (647): |r| = 0.001876751742, |r|/|b| = 0.000159100584, Elapsed Time = 16323.197 s
-- (648): |r| = 0.001872961518, |r|/|b| = 0.000158779270, Elapsed Time = 16348.424 s
-- (649): |r| = 0.001869249736, |r|/|b| = 0.000158464606, Elapsed Time = 16373.648 s
-- (650): |r| = 0.001865609668, |r|/|b| = 0.000158156021, Elapsed Time = 16398.873 s
-- (651): |r| = 0.001862034103, |r|/|b| = 0.000157852904, Elapsed Time = 16424.097 s
-- (652): |r| = 0.001858501000, |r|/|b| = 0.000157553387, Elapsed Time = 16449.320 s
-- (653): |r| = 0.001854998740, |r|/|b| = 0.000157256485, Elapsed Time = 16474.543 s
-- (654): |r| = 0.001851521952, |r|/|b| = 0.000156961743, Elapsed Time = 16499.767 s
-- (655): |r| = 0.001848055367, |r|/|b| = 0.000156667865, Elapsed Time = 16524.992 s
-- (656): |r| = 0.001844578767, |r|/|b| = 0.000156373138, Elapsed Time = 16550.216 s
-- (657): |r| = 0.001841106328, |r|/|b| = 0.000156078764, Elapsed Time = 16575.439 s
-- (658): |r| = 0.001837636592, |r|/|b| = 0.000155784619, Elapsed Time = 16600.663 s
-- (659): |r| = 0.001834162153, |r|/|b| = 0.000155490075, Elapsed Time = 16625.890 s
-- (660): |r| = 0.001830692473, |r|/|b| = 0.000155195935, Elapsed Time = 16651.113 s
-- (661): |r| = 0.001827233557, |r|/|b| = 0.000154902707, Elapsed Time = 16676.338 s
-- (662): |r| = 0.001823790768, |r|/|b| = 0.000154610847, Elapsed Time = 16701.562 s
-- (663): |r| = 0.001820377352, |r|/|b| = 0.000154321476, Elapsed Time = 16726.787 s
-- (664): |r| = 0.001817001725, |r|/|b| = 0.000154035310, Elapsed Time = 16752.012 s
-- (665): |r| = 0.001813669173, |r|/|b| = 0.000153752794, Elapsed Time = 16777.235 s
-- (666): |r| = 0.001810391468, |r|/|b| = 0.000153474929, Elapsed Time = 16802.459 s
-- (667): |r| = 0.001807165330, |r|/|b| = 0.000153201435, Elapsed Time = 16827.684 s
-- (668): |r| = 0.001803992848, |r|/|b| = 0.000152932489, Elapsed Time = 16852.911 s
-- (669): |r| = 0.001800881292, |r|/|b| = 0.000152668709, Elapsed Time = 16878.140 s
-- (670): |r| = 0.001797824693, |r|/|b| = 0.000152409587, Elapsed Time = 16903.368 s
-- (671): |r| = 0.001794810304, |r|/|b| = 0.000152154044, Elapsed Time = 16928.595 s
-- (672): |r| = 0.001791837711, |r|/|b| = 0.000151902044, Elapsed Time = 16953.825 s
-- (673): |r| = 0.001788900534, |r|/|b| = 0.000151653047, Elapsed Time = 16979.054 s
-- (674): |r| = 0.001785983632, |r|/|b| = 0.000151405768, Elapsed Time = 17004.282 s
-- (675): |r| = 0.001783074887, |r|/|b| = 0.000151159181, Elapsed Time = 17029.511 s
-- (676): |r| = 0.001780172939, |r|/|b| = 0.000150913170, Elapsed Time = 17054.742 s
-- (677): |r| = 0.001777264523, |r|/|b| = 0.000150666610, Elapsed Time = 17079.978 s
-- (678): |r| = 0.001774339770, |r|/|b| = 0.000150418666, Elapsed Time = 17105.211 s
-- (679): |r| = 0.001771391920, |r|/|b| = 0.000150168764, Elapsed Time = 17130.443 s
-- (680): |r| = 0.001768417885, |r|/|b| = 0.000149916642, Elapsed Time = 17155.676 s
-- (681): |r| = 0.001765403838, |r|/|b| = 0.000149661127, Elapsed Time = 17180.908 s
-- (682): |r| = 0.001762354228, |r|/|b| = 0.000149402598, Elapsed Time = 17206.141 s
-- (683): |r| = 0.001759277219, |r|/|b| = 0.000149141747, Elapsed Time = 17231.372 s
-- (684): |r| = 0.001756166281, |r|/|b| = 0.000148878019, Elapsed Time = 17256.604 s
-- (685): |r| = 0.001753027937, |r|/|b| = 0.000148611967, Elapsed Time = 17281.837 s
-- (686): |r| = 0.001749863292, |r|/|b| = 0.000148343686, Elapsed Time = 17307.069 s
-- (687): |r| = 0.001746685788, |r|/|b| = 0.000148074315, Elapsed Time = 17332.304 s
-- (688): |r| = 0.001743501024, |r|/|b| = 0.000147804329, Elapsed Time = 17357.537 s
-- (689): |r| = 0.001740322759, |r|/|b| = 0.000147534893, Elapsed Time = 17382.771 s
-- (690): |r| = 0.001737159079, |r|/|b| = 0.000147266694, Elapsed Time = 17408.008 s
-- (691): |r| = 0.001734014652, |r|/|b| = 0.000147000127, Elapsed Time = 17433.243 s
-- (692): |r| = 0.001730898202, |r|/|b| = 0.000146735931, Elapsed Time = 17458.482 s
-- (693): |r| = 0.001727809897, |r|/|b| = 0.000146474122, Elapsed Time = 17483.717 s
-- (694): |r| = 0.001724753352, |r|/|b| = 0.000146215005, Elapsed Time = 17508.952 s
-- (695): |r| = 0.001721725577, |r|/|b| = 0.000145958327, Elapsed Time = 17534.189 s
-- (696): |r| = 0.001718725986, |r|/|b| = 0.000145704038, Elapsed Time = 17559.423 s
-- (697): |r| = 0.001715744638, |r|/|b| = 0.000145451296, Elapsed Time = 17584.658 s
-- (698): |r| = 0.001712781232, |r|/|b| = 0.000145200075, Elapsed Time = 17609.890 s
-- (699): |r| = 0.001709803020, |r|/|b| = 0.000144947599, Elapsed Time = 17635.121 s
-- (700): |r| = 0.001706832105, |r|/|b| = 0.000144695741, Elapsed Time = 17660.349 s
-- (701): |r| = 0.001703856316, |r|/|b| = 0.000144443471, Elapsed Time = 17685.577 s
-- (702): |r| = 0.001700880430, |r|/|b| = 0.000144191191, Elapsed Time = 17710.807 s
-- (703): |r| = 0.001697915154, |r|/|b| = 0.000143939812, Elapsed Time = 17736.039 s
-- (704): |r| = 0.001694942012, |r|/|b| = 0.000143687765, Elapsed Time = 17761.270 s
-- (705): |r| = 0.001691955990, |r|/|b| = 0.000143434627, Elapsed Time = 17786.499 s
-- (706): |r| = 0.001688964412, |r|/|b| = 0.000143181018, Elapsed Time = 17811.732 s
-- (707): |r| = 0.001685973862, |r|/|b| = 0.000142927495, Elapsed Time = 17836.965 s
-- (708): |r| = 0.001682989795, |r|/|b| = 0.000142674523, Elapsed Time = 17862.193 s
-- (709): |r| = 0.001680017275, |r|/|b| = 0.000142422529, Elapsed Time = 17887.422 s
-- (710): |r| = 0.001677065476, |r|/|b| = 0.000142172292, Elapsed Time = 17912.654 s
-- (711): |r| = 0.001674138766, |r|/|b| = 0.000141924182, Elapsed Time = 17937.885 s
-- (712): |r| = 0.001671246378, |r|/|b| = 0.000141678981, Elapsed Time = 17963.115 s
-- (713): |r| = 0.001668399768, |r|/|b| = 0.000141437661, Elapsed Time = 17988.345 s
-- (714): |r| = 0.001665596787, |r|/|b| = 0.000141200040, Elapsed Time = 18013.577 s
-- (715): |r| = 0.001662843405, |r|/|b| = 0.000140966624, Elapsed Time = 18038.806 s
-- (716): |r| = 0.001660139624, |r|/|b| = 0.000140737412, Elapsed Time = 18064.038 s
-- (717): |r| = 0.001657484327, |r|/|b| = 0.000140512311, Elapsed Time = 18089.266 s
-- (718): |r| = 0.001654877755, |r|/|b| = 0.000140291340, Elapsed Time = 18114.496 s
-- (719): |r| = 0.001652320268, |r|/|b| = 0.000140074531, Elapsed Time = 18139.725 s
-- (720): |r| = 0.001649807944, |r|/|b| = 0.000139861550, Elapsed Time = 18164.954 s
-- (721): |r| = 0.001647318134, |r|/|b| = 0.000139650478, Elapsed Time = 18190.183 s
-- (722): |r| = 0.001644866951, |r|/|b| = 0.000139442680, Elapsed Time = 18215.410 s
-- (723): |r| = 0.001642447573, |r|/|b| = 0.000139237579, Elapsed Time = 18240.638 s
-- (724): |r| = 0.001640057036, |r|/|b| = 0.000139034922, Elapsed Time = 18265.873 s
-- (725): |r| = 0.001637695306, |r|/|b| = 0.000138834708, Elapsed Time = 18291.102 s
-- (726): |r| = 0.001635356196, |r|/|b| = 0.000138636411, Elapsed Time = 18316.336 s
-- (727): |r| = 0.001633043057, |r|/|b| = 0.000138440316, Elapsed Time = 18341.571 s
-- (728): |r| = 0.001630744375, |r|/|b| = 0.000138245446, Elapsed Time = 18366.804 s
-- (729): |r| = 0.001628466617, |r|/|b| = 0.000138052351, Elapsed Time = 18392.037 s
-- (730): |r| = 0.001626209878, |r|/|b| = 0.000137861037, Elapsed Time = 18417.270 s
-- (731): |r| = 0.001623958530, |r|/|b| = 0.000137670180, Elapsed Time = 18442.503 s
-- (732): |r| = 0.001621729292, |r|/|b| = 0.000137481198, Elapsed Time = 18467.736 s
-- (733): |r| = 0.001619525190, |r|/|b| = 0.000137294346, Elapsed Time = 18492.970 s
-- (734): |r| = 0.001617342068, |r|/|b| = 0.000137109273, Elapsed Time = 18518.203 s
-- (735): |r| = 0.001615181615, |r|/|b| = 0.000136926122, Elapsed Time = 18543.433 s
-- (736): |r| = 0.001613044208, |r|/|b| = 0.000136744925, Elapsed Time = 18568.664 s
-- (737): |r| = 0.001610926011, |r|/|b| = 0.000136565356, Elapsed Time = 18593.893 s
-- (738): |r| = 0.001608827592, |r|/|b| = 0.000136387463, Elapsed Time = 18619.122 s
-- (739): |r| = 0.001606754597, |r|/|b| = 0.000136211726, Elapsed Time = 18644.355 s
-- (740): |r| = 0.001604697826, |r|/|b| = 0.000136037365, Elapsed Time = 18669.586 s
-- (741): |r| = 0.001602647326, |r|/|b| = 0.000135863535, Elapsed Time = 18694.817 s
-- (742): |r| = 0.001600607419, |r|/|b| = 0.000135690603, Elapsed Time = 18720.050 s
-- (743): |r| = 0.001598581140, |r|/|b| = 0.000135518826, Elapsed Time = 18745.283 s
-- (744): |r| = 0.001596558213, |r|/|b| = 0.000135347334, Elapsed Time = 18770.513 s
-- (745): |r| = 0.001594535777, |r|/|b| = 0.000135175883, Elapsed Time = 18795.745 s
-- (746): |r| = 0.001592513525, |r|/|b| = 0.000135004447, Elapsed Time = 18820.977 s
-- (747): |r| = 0.001590481121, |r|/|b| = 0.000134832152, Elapsed Time = 18846.209 s
-- (748): |r| = 0.001588441922, |r|/|b| = 0.000134659280, Elapsed Time = 18871.439 s
-- (749): |r| = 0.001586406442, |r|/|b| = 0.000134486723, Elapsed Time = 18896.670 s
-- (750): |r| = 0.001584363810, |r|/|b| = 0.000134313560, Elapsed Time = 18921.901 s
-- (751): |r| = 0.001582312115, |r|/|b| = 0.000134139629, Elapsed Time = 18947.131 s
-- (752): |r| = 0.001580253804, |r|/|b| = 0.000133965136, Elapsed Time = 18972.361 s
-- (753): |r| = 0.001578180991, |r|/|b| = 0.000133789415, Elapsed Time = 18997.590 s
-- (754): |r| = 0.001576102877, |r|/|b| = 0.000133613244, Elapsed Time = 19022.817 s
-- (755): |r| = 0.001574024829, |r|/|b| = 0.000133437078, Elapsed Time = 19048.045 s
-- (756): |r| = 0.001571941181, |r|/|b| = 0.000133260438, Elapsed Time = 19073.274 s
-- (757): |r| = 0.001569857651, |r|/|b| = 0.000133083808, Elapsed Time = 19098.501 s
-- (758): |r| = 0.001567773217, |r|/|b| = 0.000132907102, Elapsed Time = 19123.728 s
-- (759): |r| = 0.001565665710, |r|/|b| = 0.000132728439, Elapsed Time = 19148.955 s
-- (760): |r| = 0.001563562827, |r|/|b| = 0.000132550168, Elapsed Time = 19174.182 s
-- (761): |r| = 0.001561467934, |r|/|b| = 0.000132372575, Elapsed Time = 19199.413 s
-- (762): |r| = 0.001559375852, |r|/|b| = 0.000132195220, Elapsed Time = 19224.641 s
-- (763): |r| = 0.001557291011, |r|/|b| = 0.000132018478, Elapsed Time = 19249.874 s
-- (764): |r| = 0.001555207228, |r|/|b| = 0.000131841827, Elapsed Time = 19275.103 s
-- (765): |r| = 0.001553131166, |r|/|b| = 0.000131665830, Elapsed Time = 19300.332 s
-- (766): |r| = 0.001551055908, |r|/|b| = 0.000131489901, Elapsed Time = 19325.563 s
-- (767): |r| = 0.001548981234, |r|/|b| = 0.000131314022, Elapsed Time = 19350.793 s
-- (768): |r| = 0.001546903732, |r|/|b| = 0.000131137903, Elapsed Time = 19376.026 s
-- (769): |r| = 0.001544820350, |r|/|b| = 0.000130961285, Elapsed Time = 19401.258 s
-- (770): |r| = 0.001542738028, |r|/|b| = 0.000130784757, Elapsed Time = 19426.485 s
-- (771): |r| = 0.001540653877, |r|/|b| = 0.000130608075, Elapsed Time = 19451.715 s
-- (772): |r| = 0.001538568903, |r|/|b| = 0.000130431322, Elapsed Time = 19476.945 s
-- (773): |r| = 0.001536481553, |r|/|b| = 0.000130254368, Elapsed Time = 19502.174 s
-- (774): |r| = 0.001534394254, |r|/|b| = 0.000130077419, Elapsed Time = 19527.407 s
-- (775): |r| = 0.001532308516, |r|/|b| = 0.000129900601, Elapsed Time = 19552.636 s
-- (776): |r| = 0.001530226636, |r|/|b| = 0.000129724111, Elapsed Time = 19577.866 s
-- (777): |r| = 0.001528147652, |r|/|b| = 0.000129547866, Elapsed Time = 19603.101 s
-- (778): |r| = 0.001526074539, |r|/|b| = 0.000129372119, Elapsed Time = 19628.333 s
-- (779): |r| = 0.001524011835, |r|/|b| = 0.000129197255, Elapsed Time = 19653.562 s
-- (780): |r| = 0.001521955620, |r|/|b| = 0.000129022940, Elapsed Time = 19678.790 s
-- (781): |r| = 0.001519909658, |r|/|b| = 0.000128849495, Elapsed Time = 19704.018 s
-- (782): |r| = 0.001517868837, |r|/|b| = 0.000128676486, Elapsed Time = 19729.250 s
-- (783): |r| = 0.001515830139, |r|/|b| = 0.000128503656, Elapsed Time = 19754.482 s
-- (784): |r| = 0.001513794297, |r|/|b| = 0.000128331069, Elapsed Time = 19779.714 s
-- (785): |r| = 0.001511761613, |r|/|b| = 0.000128158749, Elapsed Time = 19804.943 s
-- (786): |r| = 0.001509726753, |r|/|b| = 0.000127986245, Elapsed Time = 19830.176 s
-- (787): |r| = 0.001507688885, |r|/|b| = 0.000127813486, Elapsed Time = 19855.407 s
-- (788): |r| = 0.001505643908, |r|/|b| = 0.000127640124, Elapsed Time = 19880.638 s
-- (789): |r| = 0.001503589595, |r|/|b| = 0.000127465971, Elapsed Time = 19905.870 s
-- (790): |r| = 0.001501521007, |r|/|b| = 0.000127290607, Elapsed Time = 19931.098 s
-- (791): |r| = 0.001499440499, |r|/|b| = 0.000127114233, Elapsed Time = 19956.328 s
-- (792): |r| = 0.001497343400, |r|/|b| = 0.000126936453, Elapsed Time = 19981.559 s
-- (793): |r| = 0.001495231050, |r|/|b| = 0.000126757380, Elapsed Time = 20006.790 s
-- (794): |r| = 0.001493102907, |r|/|b| = 0.000126576968, Elapsed Time = 20032.022 s
-- (795): |r| = 0.001490957397, |r|/|b| = 0.000126395083, Elapsed Time = 20057.258 s
-- (796): |r| = 0.001488777712, |r|/|b| = 0.000126210302, Elapsed Time = 20082.491 s
-- (797): |r| = 0.001486583589, |r|/|b| = 0.000126024296, Elapsed Time = 20107.725 s
-- (798): |r| = 0.001484380317, |r|/|b| = 0.000125837515, Elapsed Time = 20132.961 s
-- (799): |r| = 0.001482158167, |r|/|b| = 0.000125649133, Elapsed Time = 20158.197 s
-- (800): |r| = 0.001479916271, |r|/|b| = 0.000125459078, Elapsed Time = 20183.432 s
-- (801): |r| = 0.001477653134, |r|/|b| = 0.000125267222, Elapsed Time = 20208.665 s
-- (802): |r| = 0.001475365661, |r|/|b| = 0.000125073302, Elapsed Time = 20233.900 s
-- (803): |r| = 0.001473055647, |r|/|b| = 0.000124877472, Elapsed Time = 20259.133 s
-- (804): |r| = 0.001470722535, |r|/|b| = 0.000124679684, Elapsed Time = 20284.367 s
-- (805): |r| = 0.001468363527, |r|/|b| = 0.000124479700, Elapsed Time = 20309.602 s
-- (806): |r| = 0.001465976472, |r|/|b| = 0.000124277339, Elapsed Time = 20334.839 s
-- (807): |r| = 0.001463559539, |r|/|b| = 0.000124072445, Elapsed Time = 20360.073 s
-- (808): |r| = 0.001461026291, |r|/|b| = 0.000123857690, Elapsed Time = 20385.308 s
-- (809): |r| = 0.001458469340, |r|/|b| = 0.000123640926, Elapsed Time = 20410.544 s
-- (810): |r| = 0.001455935440, |r|/|b| = 0.000123426116, Elapsed Time = 20435.776 s
-- (811): |r| = 0.001453364453, |r|/|b| = 0.000123208162, Elapsed Time = 20461.009 s
-- (812): |r| = 0.001450761027, |r|/|b| = 0.000122987458, Elapsed Time = 20486.246 s
-- (813): |r| = 0.001448115652, |r|/|b| = 0.000122763198, Elapsed Time = 20511.484 s
-- (814): |r| = 0.001445389522, |r|/|b| = 0.000122532092, Elapsed Time = 20536.722 s
-- (815): |r| = 0.001442630192, |r|/|b| = 0.000122298171, Elapsed Time = 20561.957 s
-- (816): |r| = 0.001439859289, |r|/|b| = 0.000122063270, Elapsed Time = 20587.195 s
-- (817): |r| = 0.001437056519, |r|/|b| = 0.000121825666, Elapsed Time = 20612.433 s
-- (818): |r| = 0.001434221682, |r|/|b| = 0.000121585345, Elapsed Time = 20637.668 s
-- (819): |r| = 0.001431365162, |r|/|b| = 0.000121343185, Elapsed Time = 20662.902 s
-- (820): |r| = 0.001428492373, |r|/|b| = 0.000121099646, Elapsed Time = 20688.133 s
-- (821): |r| = 0.001425603815, |r|/|b| = 0.000120854770, Elapsed Time = 20713.365 s
-- (822): |r| = 0.001422700766, |r|/|b| = 0.000120608665, Elapsed Time = 20738.597 s
-- (823): |r| = 0.001419781834, |r|/|b| = 0.000120361215, Elapsed Time = 20763.830 s
-- (824): |r| = 0.001416848429, |r|/|b| = 0.000120112537, Elapsed Time = 20789.062 s
-- (825): |r| = 0.001413898040, |r|/|b| = 0.000119862419, Elapsed Time = 20814.294 s
-- (826): |r| = 0.001410930329, |r|/|b| = 0.000119610833, Elapsed Time = 20839.527 s
-- (827): |r| = 0.001407944100, |r|/|b| = 0.000119357677, Elapsed Time = 20864.762 s
-- (828): |r| = 0.001404944309, |r|/|b| = 0.000119103372, Elapsed Time = 20889.998 s
-- (829): |r| = 0.001401930345, |r|/|b| = 0.000118847864, Elapsed Time = 20915.235 s
-- (830): |r| = 0.001398903071, |r|/|b| = 0.000118591229, Elapsed Time = 20940.471 s
-- (831): |r| = 0.001395864663, |r|/|b| = 0.000118333650, Elapsed Time = 20965.706 s
-- (832): |r| = 0.001392809409, |r|/|b| = 0.000118074642, Elapsed Time = 20990.941 s
-- (833): |r| = 0.001389747153, |r|/|b| = 0.000117815041, Elapsed Time = 21016.177 s
-- (834): |r| = 0.001386675796, |r|/|b| = 0.000117554669, Elapsed Time = 21041.407 s
-- (835): |r| = 0.001383601862, |r|/|b| = 0.000117294078, Elapsed Time = 21066.637 s
-- (836): |r| = 0.001380533907, |r|/|b| = 0.000117033993, Elapsed Time = 21091.867 s
-- (837): |r| = 0.001377473493, |r|/|b| = 0.000116774548, Elapsed Time = 21117.098 s
-- (838): |r| = 0.001374429466, |r|/|b| = 0.000116516493, Elapsed Time = 21142.326 s
-- (839): |r| = 0.001371405489, |r|/|b| = 0.000116260137, Elapsed Time = 21167.556 s
-- (840): |r| = 0.001368407218, |r|/|b| = 0.000116005960, Elapsed Time = 21192.785 s
-- (841): |r| = 0.001365436661, |r|/|b| = 0.000115754133, Elapsed Time = 21218.014 s
-- (842): |r| = 0.001362496676, |r|/|b| = 0.000115504897, Elapsed Time = 21243.245 s
-- (843): |r| = 0.001359586403, |r|/|b| = 0.000115258180, Elapsed Time = 21268.476 s
-- (844): |r| = 0.001356704609, |r|/|b| = 0.000115013878, Elapsed Time = 21293.706 s
-- (845): |r| = 0.001353849490, |r|/|b| = 0.000114771837, Elapsed Time = 21318.939 s
-- (846): |r| = 0.001351017261, |r|/|b| = 0.000114531736, Elapsed Time = 21344.171 s
-- (847): |r| = 0.001348207628, |r|/|b| = 0.000114293551, Elapsed Time = 21369.402 s
-- (848): |r| = 0.001345414905, |r|/|b| = 0.000114056799, Elapsed Time = 21394.636 s
-- (849): |r| = 0.001342643375, |r|/|b| = 0.000113821845, Elapsed Time = 21419.870 s
-- (850): |r| = 0.001339892197, |r|/|b| = 0.000113588615, Elapsed Time = 21445.104 s
-- (851): |r| = 0.001337165170, |r|/|b| = 0.000113357433, Elapsed Time = 21470.336 s
-- (852): |r| = 0.001334455725, |r|/|b| = 0.000113127741, Elapsed Time = 21495.567 s
-- (853): |r| = 0.001331776309, |r|/|b| = 0.000112900595, Elapsed Time = 21520.799 s
-- (854): |r| = 0.001329130419, |r|/|b| = 0.000112676291, Elapsed Time = 21546.034 s
-- (855): |r| = 0.001326519079, |r|/|b| = 0.000112454916, Elapsed Time = 21571.269 s
-- (856): |r| = 0.001323945980, |r|/|b| = 0.000112236783, Elapsed Time = 21596.502 s
-- (857): |r| = 0.001321411598, |r|/|b| = 0.000112021933, Elapsed Time = 21621.736 s
-- (858): |r| = 0.001318913790, |r|/|b| = 0.000111810182, Elapsed Time = 21646.973 s
-- (859): |r| = 0.001316457150, |r|/|b| = 0.000111601922, Elapsed Time = 21672.207 s
-- (860): |r| = 0.001314037612, |r|/|b| = 0.000111396807, Elapsed Time = 21697.440 s
-- (861): |r| = 0.001311660269, |r|/|b| = 0.000111195269, Elapsed Time = 21722.672 s
-- (862): |r| = 0.001309324301, |r|/|b| = 0.000110997239, Elapsed Time = 21747.904 s
-- (863): |r| = 0.001307029308, |r|/|b| = 0.000110802682, Elapsed Time = 21773.136 s
-- (864): |r| = 0.001304774867, |r|/|b| = 0.000110611563, Elapsed Time = 21798.370 s
-- (865): |r| = 0.001302560335, |r|/|b| = 0.000110423827, Elapsed Time = 21823.602 s
-- (866): |r| = 0.001300389287, |r|/|b| = 0.000110239778, Elapsed Time = 21848.834 s
-- (867): |r| = 0.001298255277, |r|/|b| = 0.000110058868, Elapsed Time = 21874.065 s
-- (868): |r| = 0.001296154728, |r|/|b| = 0.000109880795, Elapsed Time = 21899.300 s
-- (869): |r| = 0.001294087106, |r|/|b| = 0.000109705514, Elapsed Time = 21924.533 s
-- (870): |r| = 0.001292050590, |r|/|b| = 0.000109532869, Elapsed Time = 21949.766 s
-- (871): |r| = 0.001290045494, |r|/|b| = 0.000109362888, Elapsed Time = 21975.001 s
-- (872): |r| = 0.001288065923, |r|/|b| = 0.000109195071, Elapsed Time = 22000.235 s
-- (873): |r| = 0.001286113535, |r|/|b| = 0.000109029559, Elapsed Time = 22025.468 s
-- (874): |r| = 0.001284190846, |r|/|b| = 0.000108866564, Elapsed Time = 22050.704 s
-- (875): |r| = 0.001282292940, |r|/|b| = 0.000108705670, Elapsed Time = 22075.938 s
-- (876): |r| = 0.001280417880, |r|/|b| = 0.000108546713, Elapsed Time = 22101.169 s
-- (877): |r| = 0.001278565982, |r|/|b| = 0.000108389719, Elapsed Time = 22126.400 s
-- (878): |r| = 0.001276733557, |r|/|b| = 0.000108234376, Elapsed Time = 22151.635 s
-- (879): |r| = 0.001274922337, |r|/|b| = 0.000108080831, Elapsed Time = 22176.873 s
-- (880): |r| = 0.001273133074, |r|/|b| = 0.000107929148, Elapsed Time = 22202.108 s
-- (881): |r| = 0.001271361736, |r|/|b| = 0.000107778983, Elapsed Time = 22227.342 s
-- (882): |r| = 0.001269609163, |r|/|b| = 0.000107630410, Elapsed Time = 22252.575 s
-- (883): |r| = 0.001267873647, |r|/|b| = 0.000107483283, Elapsed Time = 22277.807 s
-- (884): |r| = 0.001266151733, |r|/|b| = 0.000107337308, Elapsed Time = 22303.037 s
-- (885): |r| = 0.001264443834, |r|/|b| = 0.000107192522, Elapsed Time = 22328.266 s
-- (886): |r| = 0.001262749838, |r|/|b| = 0.000107048914, Elapsed Time = 22353.497 s
-- (887): |r| = 0.001261065438, |r|/|b| = 0.000106906120, Elapsed Time = 22378.728 s
-- (888): |r| = 0.001259390721, |r|/|b| = 0.000106764147, Elapsed Time = 22403.959 s
-- (889): |r| = 0.001257721038, |r|/|b| = 0.000106622601, Elapsed Time = 22429.196 s
-- (890): |r| = 0.001256053721, |r|/|b| = 0.000106481255, Elapsed Time = 22454.433 s
-- (891): |r| = 0.001254388961, |r|/|b| = 0.000106340126, Elapsed Time = 22479.669 s
-- (892): |r| = 0.001252722646, |r|/|b| = 0.000106198865, Elapsed Time = 22504.902 s
-- (893): |r| = 0.001251053942, |r|/|b| = 0.000106057401, Elapsed Time = 22530.137 s
-- (894): |r| = 0.001249383132, |r|/|b| = 0.000105915759, Elapsed Time = 22555.374 s
-- (895): |r| = 0.001247705843, |r|/|b| = 0.000105773568, Elapsed Time = 22580.611 s
-- (896): |r| = 0.001246020425, |r|/|b| = 0.000105630688, Elapsed Time = 22605.846 s
-- (897): |r| = 0.001244327768, |r|/|b| = 0.000105487194, Elapsed Time = 22631.081 s
-- (898): |r| = 0.001242626024, |r|/|b| = 0.000105342929, Elapsed Time = 22656.319 s
-- (899): |r| = 0.001240916554, |r|/|b| = 0.000105198010, Elapsed Time = 22681.557 s
-- (900): |r| = 0.001239200939, |r|/|b| = 0.000105052570, Elapsed Time = 22706.796 s
-- (901): |r| = 0.001237477159, |r|/|b| = 0.000104906437, Elapsed Time = 22732.035 s
-- (902): |r| = 0.001235746447, |r|/|b| = 0.000104759717, Elapsed Time = 22757.267 s
-- (903): |r| = 0.001234005591, |r|/|b| = 0.000104612137, Elapsed Time = 22782.500 s
-- (904): |r| = 0.001232258245, |r|/|b| = 0.000104464007, Elapsed Time = 22807.738 s
-- (905): |r| = 0.001230505001, |r|/|b| = 0.000104315376, Elapsed Time = 22832.972 s
-- (906): |r| = 0.001228739110, |r|/|b| = 0.000104165674, Elapsed Time = 22858.206 s
-- (907): |r| = 0.001226965612, |r|/|b| = 0.000104015327, Elapsed Time = 22883.441 s
-- (908): |r| = 0.001225180873, |r|/|b| = 0.000103864026, Elapsed Time = 22908.673 s
-- (909): |r| = 0.001223383502, |r|/|b| = 0.000103711655, Elapsed Time = 22933.908 s
-- (910): |r| = 0.001221560382, |r|/|b| = 0.000103557101, Elapsed Time = 22959.145 s
-- (911): |r| = 0.001219719838, |r|/|b| = 0.000103401070, Elapsed Time = 22984.380 s
-- (912): |r| = 0.001217864167, |r|/|b| = 0.000103243757, Elapsed Time = 23009.617 s
-- (913): |r| = 0.001215982488, |r|/|b| = 0.000103084238, Elapsed Time = 23034.853 s
-- (914): |r| = 0.001214073133, |r|/|b| = 0.000102922374, Elapsed Time = 23060.089 s
-- (915): |r| = 0.001212129969, |r|/|b| = 0.000102757643, Elapsed Time = 23085.326 s
-- (916): |r| = 0.001210150221, |r|/|b| = 0.000102589811, Elapsed Time = 23110.563 s
-- (917): |r| = 0.001208131376, |r|/|b| = 0.000102418665, Elapsed Time = 23135.797 s
-- (918): |r| = 0.001206071176, |r|/|b| = 0.000102244012, Elapsed Time = 23161.032 s
-- (919): |r| = 0.001203969609, |r|/|b| = 0.000102065853, Elapsed Time = 23186.265 s
-- (920): |r| = 0.001201826252, |r|/|b| = 0.000101884151, Elapsed Time = 23211.500 s
-- (921): |r| = 0.001199643862, |r|/|b| = 0.000101699140, Elapsed Time = 23236.733 s
-- (922): |r| = 0.001197422812, |r|/|b| = 0.000101510852, Elapsed Time = 23261.966 s
-- (923): |r| = 0.001195168752, |r|/|b| = 0.000101319765, Elapsed Time = 23287.199 s
-- (924): |r| = 0.001192883119, |r|/|b| = 0.000101126002, Elapsed Time = 23312.431 s
-- (925): |r| = 0.001190572380, |r|/|b| = 0.000100930111, Elapsed Time = 23337.666 s
-- (926): |r| = 0.001188240781, |r|/|b| = 0.000100732451, Elapsed Time = 23362.901 s
-- (927): |r| = 0.001185889991, |r|/|b| = 0.000100533164, Elapsed Time = 23388.134 s
-- (928): |r| = 0.001183523126, |r|/|b| = 0.000100332514, Elapsed Time = 23413.366 s
-- (929): |r| = 0.001181140969, |r|/|b| = 0.000100130568, Elapsed Time = 23438.601 s
-- (930): |r| = 0.001178744719, |r|/|b| = 0.000099927427, Elapsed Time = 23463.837 s
-- (931): |r| = 0.001176332066, |r|/|b| = 0.000099722896, Elapsed Time = 23489.071 s
-- (932): |r| = 0.001173905321, |r|/|b| = 0.000099517170, Elapsed Time = 23514.307 s
-- (933): |r| = 0.001171459652, |r|/|b| = 0.000099309840, Elapsed Time = 23539.543 s
-- (934): |r| = 0.001168998291, |r|/|b| = 0.000099101179, Elapsed Time = 23564.777 s
-- (935): |r| = 0.001166519411, |r|/|b| = 0.000098891034, Elapsed Time = 23590.012 s
-- (936): |r| = 0.001164023639, |r|/|b| = 0.000098679456, Elapsed Time = 23615.248 s
-- (937): |r| = 0.001161511772, |r|/|b| = 0.000098466514, Elapsed Time = 23640.482 s
-- (938): |r| = 0.001158985300, |r|/|b| = 0.000098252334, Elapsed Time = 23665.719 s
-- (939): |r| = 0.001156446845, |r|/|b| = 0.000098037137, Elapsed Time = 23690.954 s
-- (940): |r| = 0.001153900274, |r|/|b| = 0.000097821253, Elapsed Time = 23716.187 s
-- (941): |r| = 0.001151335289, |r|/|b| = 0.000097603808, Elapsed Time = 23741.421 s
-- (942): |r| = 0.001148775804, |r|/|b| = 0.000097386829, Elapsed Time = 23766.655 s
-- (943): |r| = 0.001146224703, |r|/|b| = 0.000097170561, Elapsed Time = 23791.890 s
-- (944): |r| = 0.001143683677, |r|/|b| = 0.000096955147, Elapsed Time = 23817.124 s
-- (945): |r| = 0.001141158621, |r|/|b| = 0.000096741087, Elapsed Time = 23842.360 s
-- (946): |r| = 0.001138651224, |r|/|b| = 0.000096528524, Elapsed Time = 23867.594 s
-- (947): |r| = 0.001136164468, |r|/|b| = 0.000096317710, Elapsed Time = 23892.827 s
-- (948): |r| = 0.001133699632, |r|/|b| = 0.000096108755, Elapsed Time = 23918.061 s
-- (949): |r| = 0.001131257531, |r|/|b| = 0.000095901727, Elapsed Time = 23943.296 s
-- (950): |r| = 0.001128837849, |r|/|b| = 0.000095696600, Elapsed Time = 23968.529 s
-- (951): |r| = 0.001126442111, |r|/|b| = 0.000095493503, Elapsed Time = 23993.763 s
-- (952): |r| = 0.001124066822, |r|/|b| = 0.000095292139, Elapsed Time = 24018.995 s
-- (953): |r| = 0.001121712680, |r|/|b| = 0.000095092568, Elapsed Time = 24044.228 s
-- (954): |r| = 0.001119376141, |r|/|b| = 0.000094894489, Elapsed Time = 24069.464 s
-- (955): |r| = 0.001117056867, |r|/|b| = 0.000094697874, Elapsed Time = 24094.697 s
-- (956): |r| = 0.001114754789, |r|/|b| = 0.000094502717, Elapsed Time = 24119.932 s
-- (957): |r| = 0.001112467124, |r|/|b| = 0.000094308781, Elapsed Time = 24145.168 s
-- (958): |r| = 0.001110195101, |r|/|b| = 0.000094116172, Elapsed Time = 24170.402 s
-- (959): |r| = 0.001107936760, |r|/|b| = 0.000093924722, Elapsed Time = 24195.637 s
-- (960): |r| = 0.001105694787, |r|/|b| = 0.000093734660, Elapsed Time = 24220.871 s
-- (961): |r| = 0.001103468887, |r|/|b| = 0.000093545961, Elapsed Time = 24246.103 s
-- (962): |r| = 0.001101261376, |r|/|b| = 0.000093358820, Elapsed Time = 24271.335 s
-- (963): |r| = 0.001099052532, |r|/|b| = 0.000093171567, Elapsed Time = 24296.568 s
-- (964): |r| = 0.001096865481, |r|/|b| = 0.000092986160, Elapsed Time = 24321.801 s
-- (965): |r| = 0.001094711206, |r|/|b| = 0.000092803533, Elapsed Time = 24347.035 s
-- (966): |r| = 0.001092579213, |r|/|b| = 0.000092622794, Elapsed Time = 24372.268 s
-- (967): |r| = 0.001090476294, |r|/|b| = 0.000092444521, Elapsed Time = 24397.500 s
-- (968): |r| = 0.001088395970, |r|/|b| = 0.000092268162, Elapsed Time = 24422.733 s
-- (969): |r| = 0.001086339313, |r|/|b| = 0.000092093810, Elapsed Time = 24447.967 s
-- (970): |r| = 0.001084304566, |r|/|b| = 0.000091921316, Elapsed Time = 24473.201 s
-- (971): |r| = 0.001082292311, |r|/|b| = 0.000091750728, Elapsed Time = 24498.437 s
-- (972): |r| = 0.001080300999, |r|/|b| = 0.000091581916, Elapsed Time = 24523.672 s
-- (973): |r| = 0.001078325973, |r|/|b| = 0.000091414484, Elapsed Time = 24548.908 s
-- (974): |r| = 0.001076371789, |r|/|b| = 0.000091248819, Elapsed Time = 24574.147 s
-- (975): |r| = 0.001074436109, |r|/|b| = 0.000091084723, Elapsed Time = 24599.385 s
-- (976): |r| = 0.001072518072, |r|/|b| = 0.000090922122, Elapsed Time = 24624.620 s
-- (977): |r| = 0.001070609383, |r|/|b| = 0.000090760314, Elapsed Time = 24649.855 s
-- (978): |r| = 0.001068717167, |r|/|b| = 0.000090599903, Elapsed Time = 24675.089 s
-- (979): |r| = 0.001066832881, |r|/|b| = 0.000090440163, Elapsed Time = 24700.325 s
-- (980): |r| = 0.001064962029, |r|/|b| = 0.000090281563, Elapsed Time = 24725.560 s
-- (981): |r| = 0.001063112359, |r|/|b| = 0.000090124758, Elapsed Time = 24750.793 s
-- (982): |r| = 0.001061272970, |r|/|b| = 0.000089968825, Elapsed Time = 24776.028 s
-- (983): |r| = 0.001059443185, |r|/|b| = 0.000089813706, Elapsed Time = 24801.261 s
-- (984): |r| = 0.001057624667, |r|/|b| = 0.000089659542, Elapsed Time = 24826.496 s
-- (985): |r| = 0.001055815326, |r|/|b| = 0.000089506156, Elapsed Time = 24851.733 s
-- (986): |r| = 0.001054018444, |r|/|b| = 0.000089353827, Elapsed Time = 24876.968 s
-- (987): |r| = 0.001052226753, |r|/|b| = 0.000089201937, Elapsed Time = 24902.204 s
-- (988): |r| = 0.001050448515, |r|/|b| = 0.000089051188, Elapsed Time = 24927.441 s
-- (989): |r| = 0.001048684005, |r|/|b| = 0.000088901603, Elapsed Time = 24952.676 s
-- (990): |r| = 0.001046933316, |r|/|b| = 0.000088753189, Elapsed Time = 24977.911 s
-- (991): |r| = 0.001045200155, |r|/|b| = 0.000088606261, Elapsed Time = 25003.145 s
-- (992): |r| = 0.001043479668, |r|/|b| = 0.000088460408, Elapsed Time = 25028.381 s
-- (993): |r| = 0.001041774839, |r|/|b| = 0.000088315882, Elapsed Time = 25053.612 s
-- (994): |r| = 0.001040084148, |r|/|b| = 0.000088172555, Elapsed Time = 25078.842 s
-- (995): |r| = 0.001038406431, |r|/|b| = 0.000088030327, Elapsed Time = 25104.071 s
-- (996): |r| = 0.001036742655, |r|/|b| = 0.000087889281, Elapsed Time = 25129.302 s
-- (997): |r| = 0.001035092067, |r|/|b| = 0.000087749354, Elapsed Time = 25154.536 s
-- (998): |r| = 0.001033455701, |r|/|b| = 0.000087610632, Elapsed Time = 25179.768 s
-- (999): |r| = 0.001031835242, |r|/|b| = 0.000087473258, Elapsed Time = 25205.000 s
-- (1000): |r| = 0.001030226921, |r|/|b| = 0.000087336914, Elapsed Time = 25230.231 s
-- Failed to Converge!
Mixed (rounded)
Total Compression: 3265100.0546991276
Running batched GMRES on GPU 0
-- (1): |r| = 6.249881593442, |r|/|b| = 0.529830232378, Elapsed Time = 22.522 s
-- (2): |r| = 4.318998480513, |r|/|b| = 0.366140691525, Elapsed Time = 44.914 s
-- (3): |r| = 2.910191011616, |r|/|b| = 0.246709822721, Elapsed Time = 67.305 s
-- (4): |r| = 2.175749045951, |r|/|b| = 0.184447913993, Elapsed Time = 89.698 s
-- (5): |r| = 1.740199399876, |r|/|b| = 0.147524435245, Elapsed Time = 112.088 s
-- (6): |r| = 1.453912555789, |r|/|b| = 0.123254627431, Elapsed Time = 134.481 s
-- (7): |r| = 1.246927362156, |r|/|b| = 0.105707572883, Elapsed Time = 156.875 s
-- (8): |r| = 1.087082743406, |r|/|b| = 0.092156834324, Elapsed Time = 179.268 s
-- (9): |r| = 0.961056729763, |r|/|b| = 0.081473049184, Elapsed Time = 201.660 s
-- (10): |r| = 0.859769930824, |r|/|b| = 0.072886517197, Elapsed Time = 224.050 s
-- (11): |r| = 0.774977590921, |r|/|b| = 0.065698293791, Elapsed Time = 246.442 s
-- (12): |r| = 0.704450958957, |r|/|b| = 0.059719437833, Elapsed Time = 268.832 s
-- (13): |r| = 0.645647516721, |r|/|b| = 0.054734408757, Elapsed Time = 291.222 s
-- (14): |r| = 0.596744719180, |r|/|b| = 0.050588701323, Elapsed Time = 313.610 s
-- (15): |r| = 0.556283930686, |r|/|b| = 0.047158660505, Elapsed Time = 336.000 s
-- (16): |r| = 0.521692112526, |r|/|b| = 0.044226158380, Elapsed Time = 358.390 s
-- (17): |r| = 0.490859388071, |r|/|b| = 0.041612331331, Elapsed Time = 380.781 s
-- (18): |r| = 0.462311460293, |r|/|b| = 0.039192196648, Elapsed Time = 403.170 s
-- (19): |r| = 0.435955600649, |r|/|b| = 0.036957893321, Elapsed Time = 425.560 s
-- (20): |r| = 0.412024524382, |r|/|b| = 0.034929149654, Elapsed Time = 447.950 s
-- (21): |r| = 0.390425296401, |r|/|b| = 0.033098087128, Elapsed Time = 470.345 s
-- (22): |r| = 0.370955114089, |r|/|b| = 0.031447513263, Elapsed Time = 492.737 s
-- (23): |r| = 0.352964487027, |r|/|b| = 0.029922367870, Elapsed Time = 515.130 s
-- (24): |r| = 0.336641876119, |r|/|b| = 0.028538627618, Elapsed Time = 537.523 s
-- (25): |r| = 0.321363166245, |r|/|b| = 0.027243383495, Elapsed Time = 559.917 s
-- (26): |r| = 0.307099449246, |r|/|b| = 0.026034184828, Elapsed Time = 582.309 s
-- (27): |r| = 0.293750272673, |r|/|b| = 0.024902515816, Elapsed Time = 604.702 s
-- (28): |r| = 0.281236981112, |r|/|b| = 0.023841708491, Elapsed Time = 627.094 s
-- (29): |r| = 0.269664891692, |r|/|b| = 0.022860691054, Elapsed Time = 649.488 s
-- (30): |r| = 0.258885233512, |r|/|b| = 0.021946851533, Elapsed Time = 671.879 s
-- (31): |r| = 0.248555799398, |r|/|b| = 0.021071179507, Elapsed Time = 694.271 s
-- (32): |r| = 0.238888888388, |r|/|b| = 0.020251672508, Elapsed Time = 716.663 s
-- (33): |r| = 0.229961025090, |r|/|b| = 0.019494817868, Elapsed Time = 739.056 s
-- (34): |r| = 0.221457676599, |r|/|b| = 0.018773951234, Elapsed Time = 761.448 s
-- (35): |r| = 0.213375763765, |r|/|b| = 0.018088811573, Elapsed Time = 783.842 s
-- (36): |r| = 0.205738038335, |r|/|b| = 0.017441327652, Elapsed Time = 806.233 s
-- (37): |r| = 0.198415300219, |r|/|b| = 0.016820546606, Elapsed Time = 828.626 s
-- (38): |r| = 0.191581458372, |r|/|b| = 0.016241211468, Elapsed Time = 851.019 s
-- (39): |r| = 0.185208825182, |r|/|b| = 0.015700975037, Elapsed Time = 873.409 s
-- (40): |r| = 0.179092240705, |r|/|b| = 0.015182444994, Elapsed Time = 895.800 s
-- (41): |r| = 0.173114281224, |r|/|b| = 0.014675666807, Elapsed Time = 918.191 s
-- (42): |r| = 0.167313896887, |r|/|b| = 0.014183942454, Elapsed Time = 940.581 s
-- (43): |r| = 0.161764941039, |r|/|b| = 0.013713532812, Elapsed Time = 962.974 s
-- (44): |r| = 0.156464904361, |r|/|b| = 0.013264225153, Elapsed Time = 985.370 s
-- (45): |r| = 0.151393992439, |r|/|b| = 0.012834341418, Elapsed Time = 1007.761 s
-- (46): |r| = 0.146488332859, |r|/|b| = 0.012418466859, Elapsed Time = 1030.154 s
-- (47): |r| = 0.141763421259, |r|/|b| = 0.012017915108, Elapsed Time = 1052.548 s
-- (48): |r| = 0.137259009483, |r|/|b| = 0.011636056108, Elapsed Time = 1074.941 s
-- (49): |r| = 0.132992194377, |r|/|b| = 0.011274339233, Elapsed Time = 1097.331 s
-- (50): |r| = 0.128940978020, |r|/|b| = 0.010930899622, Elapsed Time = 1119.725 s
-- (51): |r| = 0.125065101210, |r|/|b| = 0.010602324323, Elapsed Time = 1142.116 s
-- (52): |r| = 0.121379141756, |r|/|b| = 0.010289849163, Elapsed Time = 1164.507 s
-- (53): |r| = 0.117873476454, |r|/|b| = 0.009992658339, Elapsed Time = 1186.902 s
-- (54): |r| = 0.114526724865, |r|/|b| = 0.009708939336, Elapsed Time = 1209.296 s
-- (55): |r| = 0.111288232030, |r|/|b| = 0.009434397909, Elapsed Time = 1231.690 s
-- (56): |r| = 0.108193412528, |r|/|b| = 0.009172036309, Elapsed Time = 1254.081 s
-- (57): |r| = 0.105213480772, |r|/|b| = 0.008919414253, Elapsed Time = 1276.469 s
-- (58): |r| = 0.102341812656, |r|/|b| = 0.008675970188, Elapsed Time = 1298.863 s
-- (59): |r| = 0.099599450290, |r|/|b| = 0.008443487945, Elapsed Time = 1321.259 s
-- (60): |r| = 0.096981143112, |r|/|b| = 0.008221522412, Elapsed Time = 1343.655 s
-- (61): |r| = 0.094485335966, |r|/|b| = 0.008009941751, Elapsed Time = 1366.051 s
-- (62): |r| = 0.092100516791, |r|/|b| = 0.007807770033, Elapsed Time = 1388.445 s
-- (63): |r| = 0.089805216807, |r|/|b| = 0.007613187255, Elapsed Time = 1410.839 s
-- (64): |r| = 0.087561428174, |r|/|b| = 0.007422971322, Elapsed Time = 1433.235 s
-- (65): |r| = 0.085374506845, |r|/|b| = 0.007237576284, Elapsed Time = 1455.631 s
-- (66): |r| = 0.083262562912, |r|/|b| = 0.007058537413, Elapsed Time = 1478.027 s
-- (67): |r| = 0.081245514080, |r|/|b| = 0.006887543222, Elapsed Time = 1500.421 s
-- (68): |r| = 0.079332946286, |r|/|b| = 0.006725406352, Elapsed Time = 1522.815 s
-- (69): |r| = 0.077535941950, |r|/|b| = 0.006573066310, Elapsed Time = 1545.208 s
-- (70): |r| = 0.075855427848, |r|/|b| = 0.006430601662, Elapsed Time = 1567.604 s
-- (71): |r| = 0.074277408952, |r|/|b| = 0.006296825989, Elapsed Time = 1590.001 s
-- (72): |r| = 0.072776206628, |r|/|b| = 0.006169562398, Elapsed Time = 1612.393 s
-- (73): |r| = 0.071326699433, |r|/|b| = 0.006046681232, Elapsed Time = 1634.787 s
-- (74): |r| = 0.069911562071, |r|/|b| = 0.005926713750, Elapsed Time = 1657.184 s
-- (75): |r| = 0.068515399387, |r|/|b| = 0.005808354836, Elapsed Time = 1679.579 s
-- (76): |r| = 0.067128548749, |r|/|b| = 0.005690785345, Elapsed Time = 1701.975 s
-- (77): |r| = 0.065738852842, |r|/|b| = 0.005572974649, Elapsed Time = 1724.369 s
-- (78): |r| = 0.064344538450, |r|/|b| = 0.005454772422, Elapsed Time = 1746.763 s
-- (79): |r| = 0.062955748096, |r|/|b| = 0.005337038493, Elapsed Time = 1769.158 s
-- (80): |r| = 0.061595739008, |r|/|b| = 0.005221744480, Elapsed Time = 1791.552 s
-- (81): |r| = 0.060294835121, |r|/|b| = 0.005111461077, Elapsed Time = 1813.946 s
-- (82): |r| = 0.059082504954, |r|/|b| = 0.005008686462, Elapsed Time = 1836.342 s
-- (83): |r| = 0.057972881988, |r|/|b| = 0.004914618793, Elapsed Time = 1858.737 s
-- (84): |r| = 0.056954762040, |r|/|b| = 0.004828308242, Elapsed Time = 1881.130 s
-- (85): |r| = 0.056005407702, |r|/|b| = 0.004747827256, Elapsed Time = 1903.523 s
-- (86): |r| = 0.055101519875, |r|/|b| = 0.004671200669, Elapsed Time = 1925.915 s
-- (87): |r| = 0.054225224321, |r|/|b| = 0.004596913201, Elapsed Time = 1948.306 s
-- (88): |r| = 0.053365552298, |r|/|b| = 0.004524034984, Elapsed Time = 1970.696 s
-- (89): |r| = 0.052515412262, |r|/|b| = 0.004451964836, Elapsed Time = 1993.085 s
-- (90): |r| = 0.051670543667, |r|/|b| = 0.004380341571, Elapsed Time = 2015.476 s
-- (91): |r| = 0.050831113846, |r|/|b| = 0.004309179375, Elapsed Time = 2037.866 s
-- (92): |r| = 0.049999095360, |r|/|b| = 0.004238645471, Elapsed Time = 2060.255 s
-- (93): |r| = 0.049177900789, |r|/|b| = 0.004169029159, Elapsed Time = 2082.647 s
-- (94): |r| = 0.048375854932, |r|/|b| = 0.004101036168, Elapsed Time = 2105.038 s
-- (95): |r| = 0.047598245329, |r|/|b| = 0.004035114747, Elapsed Time = 2127.429 s
-- (96): |r| = 0.046843760832, |r|/|b| = 0.003971153744, Elapsed Time = 2149.818 s
-- (97): |r| = 0.046111479621, |r|/|b| = 0.003909075012, Elapsed Time = 2172.207 s
-- (98): |r| = 0.045400382888, |r|/|b| = 0.003848792182, Elapsed Time = 2194.595 s
-- (99): |r| = 0.044708340734, |r|/|b| = 0.003790124694, Elapsed Time = 2216.986 s
-- (100): |r| = 0.044034972991, |r|/|b| = 0.003733040318, Elapsed Time = 2239.372 s
-- (101): |r| = 0.043379975583, |r|/|b| = 0.003677513278, Elapsed Time = 2261.763 s
-- (102): |r| = 0.042741693297, |r|/|b| = 0.003623403252, Elapsed Time = 2284.152 s
-- (103): |r| = 0.042116906319, |r|/|b| = 0.003570437284, Elapsed Time = 2306.540 s
-- (104): |r| = 0.041502424146, |r|/|b| = 0.003518344900, Elapsed Time = 2328.932 s
-- (105): |r| = 0.040896541706, |r|/|b| = 0.003466981553, Elapsed Time = 2351.324 s
-- (106): |r| = 0.040297745806, |r|/|b| = 0.003416218964, Elapsed Time = 2373.718 s
-- (107): |r| = 0.039705227353, |r|/|b| = 0.003365988542, Elapsed Time = 2396.112 s
-- (108): |r| = 0.039117795191, |r|/|b| = 0.003316189308, Elapsed Time = 2418.506 s
-- (109): |r| = 0.038534644643, |r|/|b| = 0.003266753045, Elapsed Time = 2440.900 s
-- (110): |r| = 0.037957089111, |r|/|b| = 0.003217791096, Elapsed Time = 2463.293 s
-- (111): |r| = 0.037390075121, |r|/|b| = 0.003169722801, Elapsed Time = 2485.686 s
-- (112): |r| = 0.036838693300, |r|/|b| = 0.003122979714, Elapsed Time = 2508.079 s
-- (113): |r| = 0.036305664865, |r|/|b| = 0.003077792525, Elapsed Time = 2530.473 s
-- (114): |r| = 0.035790442255, |r|/|b| = 0.003034114815, Elapsed Time = 2552.866 s
-- (115): |r| = 0.035290856599, |r|/|b| = 0.002991762719, Elapsed Time = 2575.260 s
-- (116): |r| = 0.034805811071, |r|/|b| = 0.002950643255, Elapsed Time = 2597.652 s
-- (117): |r| = 0.034335330945, |r|/|b| = 0.002910758564, Elapsed Time = 2620.046 s
-- (118): |r| = 0.033880085767, |r|/|b| = 0.002872165408, Elapsed Time = 2642.439 s
-- (119): |r| = 0.033439208111, |r|/|b| = 0.002834790250, Elapsed Time = 2664.830 s
-- (120): |r| = 0.033010588156, |r|/|b| = 0.002798454232, Elapsed Time = 2687.223 s
-- (121): |r| = 0.032591168454, |r|/|b| = 0.002762898160, Elapsed Time = 2709.615 s
-- (122): |r| = 0.032178924703, |r|/|b| = 0.002727950426, Elapsed Time = 2732.009 s
-- (123): |r| = 0.031772328766, |r|/|b| = 0.002693481481, Elapsed Time = 2754.408 s
-- (124): |r| = 0.031370252851, |r|/|b| = 0.002659395720, Elapsed Time = 2776.805 s
-- (125): |r| = 0.030971532081, |r|/|b| = 0.002625594388, Elapsed Time = 2799.202 s
-- (126): |r| = 0.030574735578, |r|/|b| = 0.002591956186, Elapsed Time = 2821.603 s
-- (127): |r| = 0.030179191427, |r|/|b| = 0.002558424151, Elapsed Time = 2844.003 s
-- (128): |r| = 0.029787672136, |r|/|b| = 0.002525233321, Elapsed Time = 2866.402 s
-- (129): |r| = 0.029405047871, |r|/|b| = 0.002492796562, Elapsed Time = 2888.803 s
-- (130): |r| = 0.029033579814, |r|/|b| = 0.002461305564, Elapsed Time = 2911.203 s
-- (131): |r| = 0.028670654824, |r|/|b| = 0.002430538800, Elapsed Time = 2933.603 s
-- (132): |r| = 0.028313888036, |r|/|b| = 0.002400294094, Elapsed Time = 2956.004 s
-- (133): |r| = 0.027964396765, |r|/|b| = 0.002370666166, Elapsed Time = 2978.405 s
-- (134): |r| = 0.027624934990, |r|/|b| = 0.002341888483, Elapsed Time = 3000.803 s
-- (135): |r| = 0.027294939031, |r|/|b| = 0.002313913259, Elapsed Time = 3023.201 s
-- (136): |r| = 0.026971362931, |r|/|b| = 0.002286482276, Elapsed Time = 3045.597 s
-- (137): |r| = 0.026652344515, |r|/|b| = 0.002259437667, Elapsed Time = 3067.993 s
-- (138): |r| = 0.026338499354, |r|/|b| = 0.002232831618, Elapsed Time = 3090.390 s
-- (139): |r| = 0.026030852470, |r|/|b| = 0.002206751025, Elapsed Time = 3112.786 s
-- (140): |r| = 0.025730574610, |r|/|b| = 0.002181295137, Elapsed Time = 3135.183 s
-- (141): |r| = 0.025438296250, |r|/|b| = 0.002156517401, Elapsed Time = 3157.578 s
-- (142): |r| = 0.025153842486, |r|/|b| = 0.002132402992, Elapsed Time = 3179.975 s
-- (143): |r| = 0.024876367490, |r|/|b| = 0.002108880204, Elapsed Time = 3202.370 s
-- (144): |r| = 0.024605203208, |r|/|b| = 0.002085892403, Elapsed Time = 3224.765 s
-- (145): |r| = 0.024339360286, |r|/|b| = 0.002063355717, Elapsed Time = 3247.162 s
-- (146): |r| = 0.024077920409, |r|/|b| = 0.002041192297, Elapsed Time = 3269.560 s
-- (147): |r| = 0.023821331833, |r|/|b| = 0.002019440143, Elapsed Time = 3291.958 s
-- (148): |r| = 0.023571375150, |r|/|b| = 0.001998250205, Elapsed Time = 3314.355 s
-- (149): |r| = 0.023329244357, |r|/|b| = 0.001977723701, Elapsed Time = 3336.752 s
-- (150): |r| = 0.023094088115, |r|/|b| = 0.001957788462, Elapsed Time = 3359.147 s
-- (151): |r| = 0.022863516358, |r|/|b| = 0.001938241870, Elapsed Time = 3381.545 s
-- (152): |r| = 0.022636033256, |r|/|b| = 0.001918957116, Elapsed Time = 3403.945 s
-- (153): |r| = 0.022411097508, |r|/|b| = 0.001899888314, Elapsed Time = 3426.347 s
-- (154): |r| = 0.022188421015, |r|/|b| = 0.001881011038, Elapsed Time = 3448.744 s
-- (155): |r| = 0.021968257827, |r|/|b| = 0.001862346826, Elapsed Time = 3471.141 s
-- (156): |r| = 0.021750739920, |r|/|b| = 0.001843906867, Elapsed Time = 3493.539 s
-- (157): |r| = 0.021535740788, |r|/|b| = 0.001825680435, Elapsed Time = 3515.938 s
-- (158): |r| = 0.021322705434, |r|/|b| = 0.001807620481, Elapsed Time = 3538.332 s
-- (159): |r| = 0.021111026964, |r|/|b| = 0.001789675557, Elapsed Time = 3560.729 s
-- (160): |r| = 0.020900279808, |r|/|b| = 0.001771809584, Elapsed Time = 3583.126 s
-- (161): |r| = 0.020690620932, |r|/|b| = 0.001754035870, Elapsed Time = 3605.525 s
-- (162): |r| = 0.020482268629, |r|/|b| = 0.001736372919, Elapsed Time = 3627.922 s
-- (163): |r| = 0.020274991509, |r|/|b| = 0.001718801117, Elapsed Time = 3650.319 s
-- (164): |r| = 0.020068855941, |r|/|b| = 0.001701326089, Elapsed Time = 3672.717 s
-- (165): |r| = 0.019864437514, |r|/|b| = 0.001683996630, Elapsed Time = 3695.114 s
-- (166): |r| = 0.019661818348, |r|/|b| = 0.001666819703, Elapsed Time = 3717.510 s
-- (167): |r| = 0.019461240011, |r|/|b| = 0.001649815787, Elapsed Time = 3739.906 s
-- (168): |r| = 0.019263537285, |r|/|b| = 0.001633055648, Elapsed Time = 3762.303 s
-- (169): |r| = 0.019070195945, |r|/|b| = 0.001616665244, Elapsed Time = 3784.701 s
-- (170): |r| = 0.018882042338, |r|/|b| = 0.001600714626, Elapsed Time = 3807.099 s
-- (171): |r| = 0.018698501489, |r|/|b| = 0.001585155053, Elapsed Time = 3829.498 s
-- (172): |r| = 0.018518668713, |r|/|b| = 0.001569909830, Elapsed Time = 3851.895 s
-- (173): |r| = 0.018342172872, |r|/|b| = 0.001554947493, Elapsed Time = 3874.291 s
-- (174): |r| = 0.018168419701, |r|/|b| = 0.001540217665, Elapsed Time = 3896.690 s
-- (175): |r| = 0.017996559719, |r|/|b| = 0.001525648330, Elapsed Time = 3919.090 s
-- (176): |r| = 0.017826723929, |r|/|b| = 0.001511250596, Elapsed Time = 3941.491 s
-- (177): |r| = 0.017660197944, |r|/|b| = 0.001497133448, Elapsed Time = 3963.891 s
-- (178): |r| = 0.017497565054, |r|/|b| = 0.001483346335, Elapsed Time = 3986.290 s
-- (179): |r| = 0.017338102799, |r|/|b| = 0.001469828012, Elapsed Time = 4008.689 s
-- (180): |r| = 0.017180962336, |r|/|b| = 0.001456506516, Elapsed Time = 4031.090 s
-- (181): |r| = 0.017025947197, |r|/|b| = 0.001443365194, Elapsed Time = 4053.491 s
-- (182): |r| = 0.016873224617, |r|/|b| = 0.001430418222, Elapsed Time = 4075.892 s
-- (183): |r| = 0.016722465160, |r|/|b| = 0.001417637673, Elapsed Time = 4098.292 s
-- (184): |r| = 0.016573217759, |r|/|b| = 0.001404985308, Elapsed Time = 4120.693 s
-- (185): |r| = 0.016425836585, |r|/|b| = 0.001392491151, Elapsed Time = 4143.091 s
-- (186): |r| = 0.016280800924, |r|/|b| = 0.001380195834, Elapsed Time = 4165.493 s
-- (187): |r| = 0.016137932379, |r|/|b| = 0.001368084232, Elapsed Time = 4187.891 s
-- (188): |r| = 0.015996785096, |r|/|b| = 0.001356118550, Elapsed Time = 4210.291 s
-- (189): |r| = 0.015856824329, |r|/|b| = 0.001344253454, Elapsed Time = 4232.692 s
-- (190): |r| = 0.015718162267, |r|/|b| = 0.001332498455, Elapsed Time = 4255.092 s
-- (191): |r| = 0.015580404670, |r|/|b| = 0.001320820131, Elapsed Time = 4277.490 s
-- (192): |r| = 0.015443233833, |r|/|b| = 0.001309191550, Elapsed Time = 4299.888 s
-- (193): |r| = 0.015306903821, |r|/|b| = 0.001297634249, Elapsed Time = 4322.287 s
-- (194): |r| = 0.015171895039, |r|/|b| = 0.001286188955, Elapsed Time = 4344.682 s
-- (195): |r| = 0.015038585858, |r|/|b| = 0.001274887743, Elapsed Time = 4367.076 s
-- (196): |r| = 0.014906645864, |r|/|b| = 0.001263702604, Elapsed Time = 4389.474 s
-- (197): |r| = 0.014775746131, |r|/|b| = 0.001252605652, Elapsed Time = 4411.871 s
-- (198): |r| = 0.014646075941, |r|/|b| = 0.001241612933, Elapsed Time = 4434.269 s
-- (199): |r| = 0.014517493371, |r|/|b| = 0.001230712418, Elapsed Time = 4456.668 s
-- (200): |r| = 0.014389794859, |r|/|b| = 0.001219886847, Elapsed Time = 4479.068 s
-- (201): |r| = 0.014263231212, |r|/|b| = 0.001209157485, Elapsed Time = 4501.469 s
-- (202): |r| = 0.014138286522, |r|/|b| = 0.001198565368, Elapsed Time = 4523.864 s
-- (203): |r| = 0.014015620018, |r|/|b| = 0.001188166384, Elapsed Time = 4546.256 s
-- (204): |r| = 0.013895211463, |r|/|b| = 0.001177958815, Elapsed Time = 4568.653 s
-- (205): |r| = 0.013777241061, |r|/|b| = 0.001167957940, Elapsed Time = 4591.048 s
-- (206): |r| = 0.013661864804, |r|/|b| = 0.001158176982, Elapsed Time = 4613.444 s
-- (207): |r| = 0.013549087247, |r|/|b| = 0.001148616328, Elapsed Time = 4635.839 s
-- (208): |r| = 0.013438850818, |r|/|b| = 0.001139271096, Elapsed Time = 4658.236 s
-- (209): |r| = 0.013331142534, |r|/|b| = 0.001130140186, Elapsed Time = 4680.635 s
-- (210): |r| = 0.013226225526, |r|/|b| = 0.001121245905, Elapsed Time = 4703.033 s
-- (211): |r| = 0.013124396743, |r|/|b| = 0.001112613427, Elapsed Time = 4725.430 s
-- (212): |r| = 0.013025762326, |r|/|b| = 0.001104251749, Elapsed Time = 4747.826 s
-- (213): |r| = 0.012929859616, |r|/|b| = 0.001096121650, Elapsed Time = 4770.224 s
-- (214): |r| = 0.012836337595, |r|/|b| = 0.001088193373, Elapsed Time = 4792.621 s
-- (215): |r| = 0.012744699055, |r|/|b| = 0.001080424767, Elapsed Time = 4815.015 s
-- (216): |r| = 0.012654479169, |r|/|b| = 0.001072776426, Elapsed Time = 4837.410 s
-- (217): |r| = 0.012565217285, |r|/|b| = 0.001065209300, Elapsed Time = 4859.803 s
-- (218): |r| = 0.012476837084, |r|/|b| = 0.001057716917, Elapsed Time = 4882.197 s
-- (219): |r| = 0.012388680432, |r|/|b| = 0.001050243486, Elapsed Time = 4904.594 s
-- (220): |r| = 0.012300982036, |r|/|b| = 0.001042808903, Elapsed Time = 4926.991 s
-- (221): |r| = 0.012212468630, |r|/|b| = 0.001035305229, Elapsed Time = 4949.388 s
-- (222): |r| = 0.012124139483, |r|/|b| = 0.001027817174, Elapsed Time = 4971.785 s
-- (223): |r| = 0.012036494994, |r|/|b| = 0.001020387162, Elapsed Time = 4994.183 s
-- (224): |r| = 0.011948431649, |r|/|b| = 0.001012921641, Elapsed Time = 5016.579 s
-- (225): |r| = 0.011859861534, |r|/|b| = 0.001005413158, Elapsed Time = 5038.978 s
-- (226): |r| = 0.011771287355, |r|/|b| = 0.000997904332, Elapsed Time = 5061.377 s
-- (227): |r| = 0.011683684827, |r|/|b| = 0.000990477876, Elapsed Time = 5083.774 s
-- (228): |r| = 0.011597404881, |r|/|b| = 0.000983163542, Elapsed Time = 5106.173 s
-- (229): |r| = 0.011512575787, |r|/|b| = 0.000975972203, Elapsed Time = 5128.573 s
-- (230): |r| = 0.011429322000, |r|/|b| = 0.000968914409, Elapsed Time = 5150.973 s
-- (231): |r| = 0.011347594153, |r|/|b| = 0.000961985976, Elapsed Time = 5173.373 s
-- (232): |r| = 0.011267383192, |r|/|b| = 0.000955186137, Elapsed Time = 5195.772 s
-- (233): |r| = 0.011188613041, |r|/|b| = 0.000948508441, Elapsed Time = 5218.169 s
-- (234): |r| = 0.011111221843, |r|/|b| = 0.000941947645, Elapsed Time = 5240.569 s
-- (235): |r| = 0.011035494526, |r|/|b| = 0.000935527904, Elapsed Time = 5262.972 s
-- (236): |r| = 0.010961468135, |r|/|b| = 0.000929252358, Elapsed Time = 5285.376 s
-- (237): |r| = 0.010888847488, |r|/|b| = 0.000923095983, Elapsed Time = 5307.778 s
-- (238): |r| = 0.010817150709, |r|/|b| = 0.000917017929, Elapsed Time = 5330.180 s
-- (239): |r| = 0.010746097698, |r|/|b| = 0.000910994449, Elapsed Time = 5352.583 s
-- (240): |r| = 0.010675567541, |r|/|b| = 0.000905015294, Elapsed Time = 5374.984 s
-- (241): |r| = 0.010605361445, |r|/|b| = 0.000899063612, Elapsed Time = 5397.383 s
-- (242): |r| = 0.010535437397, |r|/|b| = 0.000893135840, Elapsed Time = 5419.784 s
-- (243): |r| = 0.010466197601, |r|/|b| = 0.000887266074, Elapsed Time = 5442.186 s
-- (244): |r| = 0.010398036654, |r|/|b| = 0.000881487768, Elapsed Time = 5464.586 s
-- (245): |r| = 0.010330978517, |r|/|b| = 0.000875802952, Elapsed Time = 5486.985 s
-- (246): |r| = 0.010264890080, |r|/|b| = 0.000870200341, Elapsed Time = 5509.384 s
-- (247): |r| = 0.010199689924, |r|/|b| = 0.000864673034, Elapsed Time = 5531.787 s
-- (248): |r| = 0.010135325196, |r|/|b| = 0.000859216551, Elapsed Time = 5554.188 s
-- (249): |r| = 0.010071722283, |r|/|b| = 0.000853824649, Elapsed Time = 5576.588 s
-- (250): |r| = 0.010008656957, |r|/|b| = 0.000848478321, Elapsed Time = 5598.988 s
-- (251): |r| = 0.009946195026, |r|/|b| = 0.000843183146, Elapsed Time = 5621.391 s
-- (252): |r| = 0.009884463187, |r|/|b| = 0.000837949863, Elapsed Time = 5643.792 s
-- (253): |r| = 0.009823447056, |r|/|b| = 0.000832777255, Elapsed Time = 5666.193 s
-- (254): |r| = 0.009763004910, |r|/|b| = 0.000827653306, Elapsed Time = 5688.593 s
-- (255): |r| = 0.009702920446, |r|/|b| = 0.000822559679, Elapsed Time = 5710.991 s
-- (256): |r| = 0.009643097675, |r|/|b| = 0.000817488236, Elapsed Time = 5733.389 s
-- (257): |r| = 0.009583675375, |r|/|b| = 0.000812450744, Elapsed Time = 5755.787 s
-- (258): |r| = 0.009524538174, |r|/|b| = 0.000807437421, Elapsed Time = 5778.185 s
-- (259): |r| = 0.009465651843, |r|/|b| = 0.000802445365, Elapsed Time = 5800.583 s
-- (260): |r| = 0.009407093539, |r|/|b| = 0.000797481117, Elapsed Time = 5822.981 s
-- (261): |r| = 0.009348985933, |r|/|b| = 0.000792555077, Elapsed Time = 5845.382 s
-- (262): |r| = 0.009291461190, |r|/|b| = 0.000787678449, Elapsed Time = 5867.782 s
-- (263): |r| = 0.009234476738, |r|/|b| = 0.000782847624, Elapsed Time = 5890.185 s
-- (264): |r| = 0.009178233299, |r|/|b| = 0.000778079618, Elapsed Time = 5912.588 s
-- (265): |r| = 0.009122835662, |r|/|b| = 0.000773383314, Elapsed Time = 5934.989 s
-- (266): |r| = 0.009068255644, |r|/|b| = 0.000768756323, Elapsed Time = 5957.391 s
-- (267): |r| = 0.009014501093, |r|/|b| = 0.000764199311, Elapsed Time = 5979.789 s
-- (268): |r| = 0.008961584330, |r|/|b| = 0.000759713322, Elapsed Time = 6002.189 s
-- (269): |r| = 0.008909395975, |r|/|b| = 0.000755289083, Elapsed Time = 6024.587 s
-- (270): |r| = 0.008857909990, |r|/|b| = 0.000750924388, Elapsed Time = 6046.985 s
-- (271): |r| = 0.008806801370, |r|/|b| = 0.000746591683, Elapsed Time = 6069.384 s
-- (272): |r| = 0.008756001654, |r|/|b| = 0.000742285165, Elapsed Time = 6091.781 s
-- (273): |r| = 0.008705418932, |r|/|b| = 0.000737997043, Elapsed Time = 6114.179 s
-- (274): |r| = 0.008654864177, |r|/|b| = 0.000733711292, Elapsed Time = 6136.580 s
-- (275): |r| = 0.008604248539, |r|/|b| = 0.000729420379, Elapsed Time = 6158.981 s
-- (276): |r| = 0.008553522785, |r|/|b| = 0.000725120132, Elapsed Time = 6181.380 s
-- (277): |r| = 0.008502879867, |r|/|b| = 0.000720826907, Elapsed Time = 6203.780 s
-- (278): |r| = 0.008452360873, |r|/|b| = 0.000716544187, Elapsed Time = 6226.182 s
-- (279): |r| = 0.008401956221, |r|/|b| = 0.000712271161, Elapsed Time = 6248.580 s
-- (280): |r| = 0.008351640472, |r|/|b| = 0.000708005671, Elapsed Time = 6270.978 s
-- (281): |r| = 0.008301481478, |r|/|b| = 0.000703753470, Elapsed Time = 6293.378 s
-- (282): |r| = 0.008251409906, |r|/|b| = 0.000699508681, Elapsed Time = 6315.777 s
-- (283): |r| = 0.008201394921, |r|/|b| = 0.000695268688, Elapsed Time = 6338.174 s
-- (284): |r| = 0.008151494622, |r|/|b| = 0.000691038418, Elapsed Time = 6360.570 s
-- (285): |r| = 0.008101693359, |r|/|b| = 0.000686816544, Elapsed Time = 6382.969 s
-- (286): |r| = 0.008051971644, |r|/|b| = 0.000682601413, Elapsed Time = 6405.366 s
-- (287): |r| = 0.008002279431, |r|/|b| = 0.000678388783, Elapsed Time = 6427.767 s
-- (288): |r| = 0.007952481506, |r|/|b| = 0.000674167192, Elapsed Time = 6450.165 s
-- (289): |r| = 0.007902617986, |r|/|b| = 0.000669940040, Elapsed Time = 6472.561 s
-- (290): |r| = 0.007852785930, |r|/|b| = 0.000665715555, Elapsed Time = 6494.959 s
-- (291): |r| = 0.007803008424, |r|/|b| = 0.000661495695, Elapsed Time = 6517.353 s
-- (292): |r| = 0.007753431712, |r|/|b| = 0.000657292857, Elapsed Time = 6539.747 s
-- (293): |r| = 0.007704136081, |r|/|b| = 0.000653113847, Elapsed Time = 6562.137 s
-- (294): |r| = 0.007655163843, |r|/|b| = 0.000648962253, Elapsed Time = 6584.527 s
-- (295): |r| = 0.007606442944, |r|/|b| = 0.000644831966, Elapsed Time = 6606.919 s
-- (296): |r| = 0.007557913308, |r|/|b| = 0.000640717893, Elapsed Time = 6629.311 s
-- (297): |r| = 0.007509603091, |r|/|b| = 0.000636622421, Elapsed Time = 6651.704 s
-- (298): |r| = 0.007461546593, |r|/|b| = 0.000632548458, Elapsed Time = 6674.097 s
-- (299): |r| = 0.007413691901, |r|/|b| = 0.000628491603, Elapsed Time = 6696.491 s
-- (300): |r| = 0.007365931851, |r|/|b| = 0.000624442772, Elapsed Time = 6718.885 s
-- (301): |r| = 0.007318221057, |r|/|b| = 0.000620398116, Elapsed Time = 6741.276 s
-- (302): |r| = 0.007270486667, |r|/|b| = 0.000616351459, Elapsed Time = 6763.670 s
-- (303): |r| = 0.007222477342, |r|/|b| = 0.000612281495, Elapsed Time = 6786.062 s
-- (304): |r| = 0.007174096617, |r|/|b| = 0.000608180046, Elapsed Time = 6808.453 s
-- (305): |r| = 0.007125448771, |r|/|b| = 0.000604055952, Elapsed Time = 6830.845 s
-- (306): |r| = 0.007076736061, |r|/|b| = 0.000599926359, Elapsed Time = 6853.237 s
-- (307): |r| = 0.007028207970, |r|/|b| = 0.000595812418, Elapsed Time = 6875.627 s
-- (308): |r| = 0.006980071412, |r|/|b| = 0.000591731668, Elapsed Time = 6898.018 s
-- (309): |r| = 0.006932458302, |r|/|b| = 0.000587695293, Elapsed Time = 6920.409 s
-- (310): |r| = 0.006885466767, |r|/|b| = 0.000583711612, Elapsed Time = 6942.799 s
-- (311): |r| = 0.006839147978, |r|/|b| = 0.000579784962, Elapsed Time = 6965.189 s
-- (312): |r| = 0.006793379279, |r|/|b| = 0.000575904946, Elapsed Time = 6987.580 s
-- (313): |r| = 0.006748138794, |r|/|b| = 0.000572069709, Elapsed Time = 7009.971 s
-- (314): |r| = 0.006703548927, |r|/|b| = 0.000568289628, Elapsed Time = 7032.361 s
-- (315): |r| = 0.006659621198, |r|/|b| = 0.000564565679, Elapsed Time = 7054.755 s
-- (316): |r| = 0.006616283702, |r|/|b| = 0.000560891767, Elapsed Time = 7077.149 s
-- (317): |r| = 0.006573517410, |r|/|b| = 0.000557266279, Elapsed Time = 7099.544 s
-- (318): |r| = 0.006531431650, |r|/|b| = 0.000553698482, Elapsed Time = 7121.940 s
-- (319): |r| = 0.006489966494, |r|/|b| = 0.000550183296, Elapsed Time = 7144.335 s
-- (320): |r| = 0.006449056701, |r|/|b| = 0.000546715191, Elapsed Time = 7166.729 s
-- (321): |r| = 0.006408673854, |r|/|b| = 0.000543291758, Elapsed Time = 7189.126 s
-- (322): |r| = 0.006368774245, |r|/|b| = 0.000539909291, Elapsed Time = 7211.522 s
-- (323): |r| = 0.006329213546, |r|/|b| = 0.000536555554, Elapsed Time = 7233.918 s
-- (324): |r| = 0.006289958883, |r|/|b| = 0.000533227762, Elapsed Time = 7256.311 s
-- (325): |r| = 0.006250673016, |r|/|b| = 0.000529897325, Elapsed Time = 7278.707 s
-- (326): |r| = 0.006211552917, |r|/|b| = 0.000526580940, Elapsed Time = 7301.104 s
-- (327): |r| = 0.006172431729, |r|/|b| = 0.000523264463, Elapsed Time = 7323.501 s
-- (328): |r| = 0.006133437099, |r|/|b| = 0.000519958715, Elapsed Time = 7345.892 s
-- (329): |r| = 0.006094753536, |r|/|b| = 0.000516679338, Elapsed Time = 7368.283 s
-- (330): |r| = 0.006056204287, |r|/|b| = 0.000513411347, Elapsed Time = 7390.675 s
-- (331): |r| = 0.006017824768, |r|/|b| = 0.000510157744, Elapsed Time = 7413.066 s
-- (332): |r| = 0.005979645391, |r|/|b| = 0.000506921109, Elapsed Time = 7435.455 s
-- (333): |r| = 0.005941667525, |r|/|b| = 0.000503701556, Elapsed Time = 7457.848 s
-- (334): |r| = 0.005903912887, |r|/|b| = 0.000500500928, Elapsed Time = 7480.241 s
-- (335): |r| = 0.005866554451, |r|/|b| = 0.000497333887, Elapsed Time = 7502.634 s
-- (336): |r| = 0.005829705344, |r|/|b| = 0.000494210025, Elapsed Time = 7525.028 s
-- (337): |r| = 0.005793431764, |r|/|b| = 0.000491134952, Elapsed Time = 7547.421 s
-- (338): |r| = 0.005757846719, |r|/|b| = 0.000488118250, Elapsed Time = 7569.817 s
-- (339): |r| = 0.005723036897, |r|/|b| = 0.000485167267, Elapsed Time = 7592.209 s
-- (340): |r| = 0.005688939562, |r|/|b| = 0.000482276684, Elapsed Time = 7614.602 s
-- (341): |r| = 0.005655481097, |r|/|b| = 0.000479440261, Elapsed Time = 7636.999 s
-- (342): |r| = 0.005622594740, |r|/|b| = 0.000476652339, Elapsed Time = 7659.390 s
-- (343): |r| = 0.005590211743, |r|/|b| = 0.000473907088, Elapsed Time = 7681.783 s
-- (344): |r| = 0.005558311087, |r|/|b| = 0.000471202728, Elapsed Time = 7704.174 s
-- (345): |r| = 0.005526954513, |r|/|b| = 0.000468544492, Elapsed Time = 7726.564 s
-- (346): |r| = 0.005496159019, |r|/|b| = 0.000465933821, Elapsed Time = 7748.958 s
-- (347): |r| = 0.005465957259, |r|/|b| = 0.000463373483, Elapsed Time = 7771.350 s
-- (348): |r| = 0.005436394411, |r|/|b| = 0.000460867309, Elapsed Time = 7793.742 s
-- (349): |r| = 0.005407371700, |r|/|b| = 0.000458406925, Elapsed Time = 7816.134 s
-- (350): |r| = 0.005378783069, |r|/|b| = 0.000455983340, Elapsed Time = 7838.527 s
-- (351): |r| = 0.005350526957, |r|/|b| = 0.000453587944, Elapsed Time = 7860.922 s
-- (352): |r| = 0.005322474676, |r|/|b| = 0.000451209827, Elapsed Time = 7883.316 s
-- (353): |r| = 0.005294535753, |r|/|b| = 0.000448841321, Elapsed Time = 7905.708 s
-- (354): |r| = 0.005266545929, |r|/|b| = 0.000446468499, Elapsed Time = 7928.104 s
-- (355): |r| = 0.005238507711, |r|/|b| = 0.000444091575, Elapsed Time = 7950.497 s
-- (356): |r| = 0.005210135717, |r|/|b| = 0.000441686355, Elapsed Time = 7972.893 s
-- (357): |r| = 0.005181619208, |r|/|b| = 0.000439268883, Elapsed Time = 7995.286 s
-- (358): |r| = 0.005152978725, |r|/|b| = 0.000436840902, Elapsed Time = 8017.679 s
-- (359): |r| = 0.005124143153, |r|/|b| = 0.000434396383, Elapsed Time = 8040.071 s
-- (360): |r| = 0.005095181439, |r|/|b| = 0.000431941170, Elapsed Time = 8062.465 s
-- (361): |r| = 0.005066133119, |r|/|b| = 0.000429478615, Elapsed Time = 8084.858 s
-- (362): |r| = 0.005037096146, |r|/|b| = 0.000427017021, Elapsed Time = 8107.250 s
-- (363): |r| = 0.005008141278, |r|/|b| = 0.000424562388, Elapsed Time = 8129.644 s
-- (364): |r| = 0.004979395839, |r|/|b| = 0.000422125510, Elapsed Time = 8152.037 s
-- (365): |r| = 0.004950909314, |r|/|b| = 0.000419710581, Elapsed Time = 8174.431 s
-- (366): |r| = 0.004922746421, |r|/|b| = 0.000417323087, Elapsed Time = 8196.824 s
-- (367): |r| = 0.004894976079, |r|/|b| = 0.000414968872, Elapsed Time = 8219.214 s
-- (368): |r| = 0.004867670832, |r|/|b| = 0.000412654085, Elapsed Time = 8241.605 s
-- (369): |r| = 0.004840869749, |r|/|b| = 0.000410382038, Elapsed Time = 8263.995 s
-- (370): |r| = 0.004814582668, |r|/|b| = 0.000408153565, Elapsed Time = 8286.385 s
-- (371): |r| = 0.004788751167, |r|/|b| = 0.000405963714, Elapsed Time = 8308.777 s
-- (372): |r| = 0.004763370008, |r|/|b| = 0.000403812040, Elapsed Time = 8331.167 s
-- (373): |r| = 0.004738430351, |r|/|b| = 0.000401697795, Elapsed Time = 8353.558 s
-- (374): |r| = 0.004713895925, |r|/|b| = 0.000399617903, Elapsed Time = 8375.950 s
-- (375): |r| = 0.004689738099, |r|/|b| = 0.000397569936, Elapsed Time = 8398.343 s
-- (376): |r| = 0.004666001180, |r|/|b| = 0.000395557652, Elapsed Time = 8420.738 s
-- (377): |r| = 0.004642693291, |r|/|b| = 0.000393581739, Elapsed Time = 8443.131 s
-- (378): |r| = 0.004619727778, |r|/|b| = 0.000391634850, Elapsed Time = 8465.523 s
-- (379): |r| = 0.004597072325, |r|/|b| = 0.000389714247, Elapsed Time = 8487.916 s
-- (380): |r| = 0.004574692043, |r|/|b| = 0.000387816971, Elapsed Time = 8510.308 s
-- (381): |r| = 0.004552496199, |r|/|b| = 0.000385935331, Elapsed Time = 8532.704 s
-- (382): |r| = 0.004530453889, |r|/|b| = 0.000384066706, Elapsed Time = 8555.098 s
-- (383): |r| = 0.004508490040, |r|/|b| = 0.000382204733, Elapsed Time = 8577.489 s
-- (384): |r| = 0.004486561213, |r|/|b| = 0.000380345729, Elapsed Time = 8599.881 s
-- (385): |r| = 0.004464611758, |r|/|b| = 0.000378484976, Elapsed Time = 8622.274 s
-- (386): |r| = 0.004442577434, |r|/|b| = 0.000376617028, Elapsed Time = 8644.667 s
-- (387): |r| = 0.004420407377, |r|/|b| = 0.000374737574, Elapsed Time = 8667.061 s
-- (388): |r| = 0.004398083651, |r|/|b| = 0.000372845093, Elapsed Time = 8689.453 s
-- (389): |r| = 0.004375652102, |r|/|b| = 0.000370943471, Elapsed Time = 8711.845 s
-- (390): |r| = 0.004353174708, |r|/|b| = 0.000369037962, Elapsed Time = 8734.234 s
-- (391): |r| = 0.004330726480, |r|/|b| = 0.000367134926, Elapsed Time = 8756.628 s
-- (392): |r| = 0.004308325824, |r|/|b| = 0.000365235923, Elapsed Time = 8779.022 s
-- (393): |r| = 0.004286043260, |r|/|b| = 0.000363346931, Elapsed Time = 8801.414 s
-- (394): |r| = 0.004263893729, |r|/|b| = 0.000361469217, Elapsed Time = 8823.806 s
-- (395): |r| = 0.004241912775, |r|/|b| = 0.000359605794, Elapsed Time = 8846.198 s
-- (396): |r| = 0.004219959832, |r|/|b| = 0.000357744745, Elapsed Time = 8868.588 s
-- (397): |r| = 0.004198246811, |r|/|b| = 0.000355904036, Elapsed Time = 8890.981 s
-- (398): |r| = 0.004176904034, |r|/|b| = 0.000354094714, Elapsed Time = 8913.372 s
-- (399): |r| = 0.004155793072, |r|/|b| = 0.000352305044, Elapsed Time = 8935.764 s
-- (400): |r| = 0.004134895369, |r|/|b| = 0.000350533453, Elapsed Time = 8958.155 s
-- (401): |r| = 0.004114232179, |r|/|b| = 0.000348781742, Elapsed Time = 8980.549 s
-- (402): |r| = 0.004093815908, |r|/|b| = 0.000347050964, Elapsed Time = 9002.941 s
-- (403): |r| = 0.004073629621, |r|/|b| = 0.000345339683, Elapsed Time = 9025.333 s
-- (404): |r| = 0.004053684575, |r|/|b| = 0.000343648853, Elapsed Time = 9047.723 s
-- (405): |r| = 0.004033976866, |r|/|b| = 0.000341978143, Elapsed Time = 9070.110 s
-- (406): |r| = 0.004014507675, |r|/|b| = 0.000340327653, Elapsed Time = 9092.500 s
-- (407): |r| = 0.003995244088, |r|/|b| = 0.000338694593, Elapsed Time = 9114.892 s
-- (408): |r| = 0.003976169205, |r|/|b| = 0.000337077531, Elapsed Time = 9137.284 s
-- (409): |r| = 0.003957223886, |r|/|b| = 0.000335471452, Elapsed Time = 9159.677 s
-- (410): |r| = 0.003938383302, |r|/|b| = 0.000333874252, Elapsed Time = 9182.067 s
-- (411): |r| = 0.003919628666, |r|/|b| = 0.000332284338, Elapsed Time = 9204.459 s
-- (412): |r| = 0.003900905142, |r|/|b| = 0.000330697062, Elapsed Time = 9226.854 s
-- (413): |r| = 0.003882197639, |r|/|b| = 0.000329111143, Elapsed Time = 9249.248 s
-- (414): |r| = 0.003863518367, |r|/|b| = 0.000327527618, Elapsed Time = 9271.643 s
-- (415): |r| = 0.003844890582, |r|/|b| = 0.000325948458, Elapsed Time = 9294.040 s
-- (416): |r| = 0.003826334473, |r|/|b| = 0.000324375375, Elapsed Time = 9316.438 s
-- (417): |r| = 0.003807905420, |r|/|b| = 0.000322813062, Elapsed Time = 9338.832 s
-- (418): |r| = 0.003789645636, |r|/|b| = 0.000321265099, Elapsed Time = 9361.225 s
-- (419): |r| = 0.003771611363, |r|/|b| = 0.000319736253, Elapsed Time = 9383.618 s
-- (420): |r| = 0.003753789823, |r|/|b| = 0.000318225442, Elapsed Time = 9406.009 s
-- (421): |r| = 0.003736219316, |r|/|b| = 0.000316735912, Elapsed Time = 9428.400 s
-- (422): |r| = 0.003718904566, |r|/|b| = 0.000315268064, Elapsed Time = 9450.790 s
-- (423): |r| = 0.003701843097, |r|/|b| = 0.000313821687, Elapsed Time = 9473.181 s
-- (424): |r| = 0.003685014570, |r|/|b| = 0.000312395058, Elapsed Time = 9495.572 s
-- (425): |r| = 0.003668399348, |r|/|b| = 0.000310986512, Elapsed Time = 9517.963 s
-- (426): |r| = 0.003651983820, |r|/|b| = 0.000309594895, Elapsed Time = 9540.354 s
-- (427): |r| = 0.003635753776, |r|/|b| = 0.000308219002, Elapsed Time = 9562.744 s
-- (428): |r| = 0.003619708966, |r|/|b| = 0.000306858812, Elapsed Time = 9585.135 s
-- (429): |r| = 0.003603830903, |r|/|b| = 0.000305512758, Elapsed Time = 9607.527 s
-- (430): |r| = 0.003588087105, |r|/|b| = 0.000304178087, Elapsed Time = 9629.918 s
-- (431): |r| = 0.003572515924, |r|/|b| = 0.000302858048, Elapsed Time = 9652.311 s
-- (432): |r| = 0.003557146422, |r|/|b| = 0.000301555107, Elapsed Time = 9674.703 s
-- (433): |r| = 0.003541937762, |r|/|b| = 0.000300265802, Elapsed Time = 9697.098 s
-- (434): |r| = 0.003526886074, |r|/|b| = 0.000298989803, Elapsed Time = 9719.494 s
-- (435): |r| = 0.003511962575, |r|/|b| = 0.000297724672, Elapsed Time = 9741.888 s
-- (436): |r| = 0.003497136860, |r|/|b| = 0.000296467830, Elapsed Time = 9764.281 s
-- (437): |r| = 0.003482323652, |r|/|b| = 0.000295212049, Elapsed Time = 9786.675 s
-- (438): |r| = 0.003467506872, |r|/|b| = 0.000293955965, Elapsed Time = 9809.068 s
-- (439): |r| = 0.003452645164, |r|/|b| = 0.000292696071, Elapsed Time = 9831.461 s
-- (440): |r| = 0.003437718145, |r|/|b| = 0.000291430642, Elapsed Time = 9853.853 s
-- (441): |r| = 0.003422730285, |r|/|b| = 0.000290160054, Elapsed Time = 9876.247 s
-- (442): |r| = 0.003407664700, |r|/|b| = 0.000288882878, Elapsed Time = 9898.641 s
-- (443): |r| = 0.003392566129, |r|/|b| = 0.000287602905, Elapsed Time = 9921.035 s
-- (444): |r| = 0.003377443226, |r|/|b| = 0.000286320869, Elapsed Time = 9943.430 s
-- (445): |r| = 0.003362334566, |r|/|b| = 0.000285040041, Elapsed Time = 9965.823 s
-- (446): |r| = 0.003347280002, |r|/|b| = 0.000283763799, Elapsed Time = 9988.217 s
-- (447): |r| = 0.003332315638, |r|/|b| = 0.000282495203, Elapsed Time = 10010.610 s
-- (448): |r| = 0.003317479376, |r|/|b| = 0.000281237467, Elapsed Time = 10033.004 s
-- (449): |r| = 0.003302815064, |r|/|b| = 0.000279994308, Elapsed Time = 10055.400 s
-- (450): |r| = 0.003288351013, |r|/|b| = 0.000278768126, Elapsed Time = 10077.793 s
-- (451): |r| = 0.003274126487, |r|/|b| = 0.000277562250, Elapsed Time = 10100.181 s
-- (452): |r| = 0.003260171255, |r|/|b| = 0.000276379203, Elapsed Time = 10122.565 s
-- (453): |r| = 0.003246511142, |r|/|b| = 0.000275221175, Elapsed Time = 10144.954 s
-- (454): |r| = 0.003233162761, |r|/|b| = 0.000274089573, Elapsed Time = 10167.347 s
-- (455): |r| = 0.003220100726, |r|/|b| = 0.000272982246, Elapsed Time = 10189.741 s
-- (456): |r| = 0.003207345293, |r|/|b| = 0.000271900911, Elapsed Time = 10212.136 s
-- (457): |r| = 0.003194861877, |r|/|b| = 0.000270842637, Elapsed Time = 10234.527 s
-- (458): |r| = 0.003182643594, |r|/|b| = 0.000269806839, Elapsed Time = 10256.920 s
-- (459): |r| = 0.003170686879, |r|/|b| = 0.000268793215, Elapsed Time = 10279.317 s
-- (460): |r| = 0.003158956208, |r|/|b| = 0.000267798754, Elapsed Time = 10301.712 s
-- (461): |r| = 0.003147407615, |r|/|b| = 0.000266819728, Elapsed Time = 10324.108 s
-- (462): |r| = 0.003135997773, |r|/|b| = 0.000265852465, Elapsed Time = 10346.502 s
-- (463): |r| = 0.003124710429, |r|/|b| = 0.000264895587, Elapsed Time = 10368.894 s
-- (464): |r| = 0.003113485386, |r|/|b| = 0.000263943990, Elapsed Time = 10391.291 s
-- (465): |r| = 0.003102285042, |r|/|b| = 0.000262994487, Elapsed Time = 10413.684 s
-- (466): |r| = 0.003091082344, |r|/|b| = 0.000262044785, Elapsed Time = 10436.075 s
-- (467): |r| = 0.003079859001, |r|/|b| = 0.000261093332, Elapsed Time = 10458.463 s
-- (468): |r| = 0.003068596393, |r|/|b| = 0.000260138551, Elapsed Time = 10480.854 s
-- (469): |r| = 0.003057294029, |r|/|b| = 0.000259180399, Elapsed Time = 10503.246 s
-- (470): |r| = 0.003045951901, |r|/|b| = 0.000258218877, Elapsed Time = 10525.640 s
-- (471): |r| = 0.003034571867, |r|/|b| = 0.000257254140, Elapsed Time = 10548.030 s
-- (472): |r| = 0.003023158910, |r|/|b| = 0.000256286613, Elapsed Time = 10570.426 s
-- (473): |r| = 0.003011744857, |r|/|b| = 0.000255318993, Elapsed Time = 10592.821 s
-- (474): |r| = 0.003000359512, |r|/|b| = 0.000254353807, Elapsed Time = 10615.215 s
-- (475): |r| = 0.002989030269, |r|/|b| = 0.000253393377, Elapsed Time = 10637.610 s
-- (476): |r| = 0.002977792473, |r|/|b| = 0.000252440699, Elapsed Time = 10660.000 s
-- (477): |r| = 0.002966672869, |r|/|b| = 0.000251498041, Elapsed Time = 10682.392 s
-- (478): |r| = 0.002955706274, |r|/|b| = 0.000250568354, Elapsed Time = 10704.784 s
-- (479): |r| = 0.002944907793, |r|/|b| = 0.000249652919, Elapsed Time = 10727.179 s
-- (480): |r| = 0.002934301383, |r|/|b| = 0.000248753766, Elapsed Time = 10749.575 s
-- (481): |r| = 0.002923895960, |r|/|b| = 0.000247871652, Elapsed Time = 10771.969 s
-- (482): |r| = 0.002913679655, |r|/|b| = 0.000247005570, Elapsed Time = 10794.361 s
-- (483): |r| = 0.002903626698, |r|/|b| = 0.000246153337, Elapsed Time = 10816.752 s
-- (484): |r| = 0.002893713151, |r|/|b| = 0.000245312921, Elapsed Time = 10839.139 s
-- (485): |r| = 0.002883911363, |r|/|b| = 0.000244481980, Elapsed Time = 10861.530 s
-- (486): |r| = 0.002874189163, |r|/|b| = 0.000243657786, Elapsed Time = 10883.921 s
-- (487): |r| = 0.002864471356, |r|/|b| = 0.000242833964, Elapsed Time = 10906.312 s
-- (488): |r| = 0.002854772938, |r|/|b| = 0.000242011786, Elapsed Time = 10928.704 s
-- (489): |r| = 0.002845081909, |r|/|b| = 0.000241190235, Elapsed Time = 10951.095 s
-- (490): |r| = 0.002835341475, |r|/|b| = 0.000240364495, Elapsed Time = 10973.487 s
-- (491): |r| = 0.002825537120, |r|/|b| = 0.000239533336, Elapsed Time = 10995.879 s
-- (492): |r| = 0.002815668731, |r|/|b| = 0.000238696749, Elapsed Time = 11018.271 s
-- (493): |r| = 0.002805723213, |r|/|b| = 0.000237853623, Elapsed Time = 11040.664 s
-- (494): |r| = 0.002795691811, |r|/|b| = 0.000237003217, Elapsed Time = 11063.054 s
-- (495): |r| = 0.002785594334, |r|/|b| = 0.000236147209, Elapsed Time = 11085.444 s
-- (496): |r| = 0.002775446440, |r|/|b| = 0.000235286927, Elapsed Time = 11107.833 s
-- (497): |r| = 0.002765273520, |r|/|b| = 0.000234424523, Elapsed Time = 11130.224 s
-- (498): |r| = 0.002755108145, |r|/|b| = 0.000233562759, Elapsed Time = 11152.615 s
-- (499): |r| = 0.002744984653, |r|/|b| = 0.000232704546, Elapsed Time = 11175.002 s
-- (500): |r| = 0.002734937969, |r|/|b| = 0.000231852844, Elapsed Time = 11197.389 s
-- (501): |r| = 0.002725003011, |r|/|b| = 0.000231010613, Elapsed Time = 11219.781 s
-- (502): |r| = 0.002715204595, |r|/|b| = 0.000230179958, Elapsed Time = 11242.172 s
-- (503): |r| = 0.002705580571, |r|/|b| = 0.000229364087, Elapsed Time = 11264.563 s
-- (504): |r| = 0.002696194447, |r|/|b| = 0.000228568383, Elapsed Time = 11286.952 s
-- (505): |r| = 0.002687018091, |r|/|b| = 0.000227790463, Elapsed Time = 11309.344 s
-- (506): |r| = 0.002678078150, |r|/|b| = 0.000227032584, Elapsed Time = 11331.736 s
-- (507): |r| = 0.002669352284, |r|/|b| = 0.000226292854, Elapsed Time = 11354.127 s
-- (508): |r| = 0.002660834630, |r|/|b| = 0.000225570774, Elapsed Time = 11376.517 s
-- (509): |r| = 0.002652493387, |r|/|b| = 0.000224863650, Elapsed Time = 11398.908 s
-- (510): |r| = 0.002644313444, |r|/|b| = 0.000224170200, Elapsed Time = 11421.298 s
-- (511): |r| = 0.002636242031, |r|/|b| = 0.000223485950, Elapsed Time = 11443.687 s
-- (512): |r| = 0.002628261076, |r|/|b| = 0.000222809369, Elapsed Time = 11466.074 s
-- (513): |r| = 0.002620367922, |r|/|b| = 0.000222140232, Elapsed Time = 11488.464 s
-- (514): |r| = 0.002612486234, |r|/|b| = 0.000221472066, Elapsed Time = 11510.853 s
-- (515): |r| = 0.002604590344, |r|/|b| = 0.000220802696, Elapsed Time = 11533.242 s
-- (516): |r| = 0.002596656813, |r|/|b| = 0.000220130136, Elapsed Time = 11555.630 s
-- (517): |r| = 0.002588666879, |r|/|b| = 0.000219452793, Elapsed Time = 11578.019 s
-- (518): |r| = 0.002580617273, |r|/|b| = 0.000218770393, Elapsed Time = 11600.409 s
-- (519): |r| = 0.002572505945, |r|/|b| = 0.000218082759, Elapsed Time = 11622.797 s
-- (520): |r| = 0.002564363438, |r|/|b| = 0.000217392483, Elapsed Time = 11645.185 s
-- (521): |r| = 0.002556198180, |r|/|b| = 0.000216700278, Elapsed Time = 11667.572 s
-- (522): |r| = 0.002548047121, |r|/|b| = 0.000216009276, Elapsed Time = 11689.960 s
-- (523): |r| = 0.002539906177, |r|/|b| = 0.000215319132, Elapsed Time = 11712.349 s
-- (524): |r| = 0.002531841868, |r|/|b| = 0.000214635485, Elapsed Time = 11734.735 s
-- (525): |r| = 0.002523911687, |r|/|b| = 0.000213963208, Elapsed Time = 11757.123 s
-- (526): |r| = 0.002516107461, |r|/|b| = 0.000213301609, Elapsed Time = 11779.513 s
-- (527): |r| = 0.002508452629, |r|/|b| = 0.000212652675, Elapsed Time = 11801.903 s
-- (528): |r| = 0.002500951106, |r|/|b| = 0.000212016738, Elapsed Time = 11824.294 s
-- (529): |r| = 0.002493619072, |r|/|b| = 0.000211395168, Elapsed Time = 11846.684 s
-- (530): |r| = 0.002486450086, |r|/|b| = 0.000210787422, Elapsed Time = 11869.074 s
-- (531): |r| = 0.002479431163, |r|/|b| = 0.000210192396, Elapsed Time = 11891.461 s
-- (532): |r| = 0.002472568079, |r|/|b| = 0.000209610582, Elapsed Time = 11913.849 s
-- (533): |r| = 0.002465856018, |r|/|b| = 0.000209041571, Elapsed Time = 11936.237 s
-- (534): |r| = 0.002459272818, |r|/|b| = 0.000208483484, Elapsed Time = 11958.628 s
-- (535): |r| = 0.002452795394, |r|/|b| = 0.000207934364, Elapsed Time = 11981.020 s
-- (536): |r| = 0.002446417997, |r|/|b| = 0.000207393724, Elapsed Time = 12003.414 s
-- (537): |r| = 0.002440118974, |r|/|b| = 0.000206859727, Elapsed Time = 12025.806 s
-- (538): |r| = 0.002433870272, |r|/|b| = 0.000206329997, Elapsed Time = 12048.198 s
-- (539): |r| = 0.002427654758, |r|/|b| = 0.000205803080, Elapsed Time = 12070.588 s
-- (540): |r| = 0.002421449741, |r|/|b| = 0.000205277054, Elapsed Time = 12092.978 s
-- (541): |r| = 0.002415226819, |r|/|b| = 0.000204749509, Elapsed Time = 12115.369 s
-- (542): |r| = 0.002408971105, |r|/|b| = 0.000204219184, Elapsed Time = 12137.755 s
-- (543): |r| = 0.002402675227, |r|/|b| = 0.000203685455, Elapsed Time = 12160.140 s
-- (544): |r| = 0.002396309892, |r|/|b| = 0.000203145837, Elapsed Time = 12182.528 s
-- (545): |r| = 0.002389875884, |r|/|b| = 0.000202600398, Elapsed Time = 12204.915 s
-- (546): |r| = 0.002383376054, |r|/|b| = 0.000202049378, Elapsed Time = 12227.304 s
-- (547): |r| = 0.002376795507, |r|/|b| = 0.000201491516, Elapsed Time = 12249.693 s
-- (548): |r| = 0.002370180819, |r|/|b| = 0.000200930759, Elapsed Time = 12272.081 s
-- (549): |r| = 0.002363564184, |r|/|b| = 0.000200369838, Elapsed Time = 12294.471 s
-- (550): |r| = 0.002356958534, |r|/|b| = 0.000199809847, Elapsed Time = 12316.862 s
-- (551): |r| = 0.002350399902, |r|/|b| = 0.000199253843, Elapsed Time = 12339.252 s
-- (552): |r| = 0.002343917344, |r|/|b| = 0.000198704288, Elapsed Time = 12361.643 s
-- (553): |r| = 0.002337536486, |r|/|b| = 0.000198163354, Elapsed Time = 12384.030 s
-- (554): |r| = 0.002331262765, |r|/|b| = 0.000197631503, Elapsed Time = 12406.421 s
-- (555): |r| = 0.002325113059, |r|/|b| = 0.000197110165, Elapsed Time = 12428.813 s
-- (556): |r| = 0.002319065348, |r|/|b| = 0.000196597474, Elapsed Time = 12451.203 s
-- (557): |r| = 0.002313122101, |r|/|b| = 0.000196093638, Elapsed Time = 12473.592 s
-- (558): |r| = 0.002307275790, |r|/|b| = 0.000195598020, Elapsed Time = 12495.984 s
-- (559): |r| = 0.002301490531, |r|/|b| = 0.000195107578, Elapsed Time = 12518.376 s
-- (560): |r| = 0.002295742959, |r|/|b| = 0.000194620331, Elapsed Time = 12540.769 s
-- (561): |r| = 0.002290009905, |r|/|b| = 0.000194134315, Elapsed Time = 12563.161 s
-- (562): |r| = 0.002284253659, |r|/|b| = 0.000193646332, Elapsed Time = 12585.555 s
-- (563): |r| = 0.002278463176, |r|/|b| = 0.000193155447, Elapsed Time = 12607.952 s
-- (564): |r| = 0.002272605795, |r|/|b| = 0.000192658891, Elapsed Time = 12630.348 s
-- (565): |r| = 0.002266667290, |r|/|b| = 0.000192155458, Elapsed Time = 12652.744 s
-- (566): |r| = 0.002260641167, |r|/|b| = 0.000191644596, Elapsed Time = 12675.138 s
-- (567): |r| = 0.002254501242, |r|/|b| = 0.000191124088, Elapsed Time = 12697.530 s
-- (568): |r| = 0.002248241669, |r|/|b| = 0.000190593436, Elapsed Time = 12719.922 s
-- (569): |r| = 0.002241870466, |r|/|b| = 0.000190053321, Elapsed Time = 12742.312 s
-- (570): |r| = 0.002235409634, |r|/|b| = 0.000189505607, Elapsed Time = 12764.704 s
-- (571): |r| = 0.002228878904, |r|/|b| = 0.000188951968, Elapsed Time = 12787.095 s
-- (572): |r| = 0.002222306207, |r|/|b| = 0.000188394771, Elapsed Time = 12809.488 s
-- (573): |r| = 0.002215738332, |r|/|b| = 0.000187837983, Elapsed Time = 12831.879 s
-- (574): |r| = 0.002209218099, |r|/|b| = 0.000187285234, Elapsed Time = 12854.271 s
-- (575): |r| = 0.002202770776, |r|/|b| = 0.000186738666, Elapsed Time = 12876.662 s
-- (576): |r| = 0.002196424999, |r|/|b| = 0.000186200706, Elapsed Time = 12899.052 s
-- (577): |r| = 0.002190216604, |r|/|b| = 0.000185674393, Elapsed Time = 12921.440 s
-- (578): |r| = 0.002184167531, |r|/|b| = 0.000185161586, Elapsed Time = 12943.828 s
-- (579): |r| = 0.002178278109, |r|/|b| = 0.000184662314, Elapsed Time = 12966.215 s
-- (580): |r| = 0.002172498906, |r|/|b| = 0.000184172385, Elapsed Time = 12988.603 s
-- (581): |r| = 0.002166871570, |r|/|b| = 0.000183695331, Elapsed Time = 13010.989 s
-- (582): |r| = 0.002161400465, |r|/|b| = 0.000183231521, Elapsed Time = 13033.377 s
-- (583): |r| = 0.002156039883, |r|/|b| = 0.000182777081, Elapsed Time = 13055.768 s
-- (584): |r| = 0.002150737799, |r|/|b| = 0.000182327599, Elapsed Time = 13078.159 s
-- (585): |r| = 0.002145485029, |r|/|b| = 0.000181882299, Elapsed Time = 13100.549 s
-- (586): |r| = 0.002140266107, |r|/|b| = 0.000181439868, Elapsed Time = 13122.935 s
-- (587): |r| = 0.002135024746, |r|/|b| = 0.000180995534, Elapsed Time = 13145.325 s
-- (588): |r| = 0.002129726373, |r|/|b| = 0.000180546367, Elapsed Time = 13167.712 s
-- (589): |r| = 0.002124351864, |r|/|b| = 0.000180090746, Elapsed Time = 13190.098 s
-- (590): |r| = 0.002118883302, |r|/|b| = 0.000179627152, Elapsed Time = 13212.484 s
-- (591): |r| = 0.002113312974, |r|/|b| = 0.000179154931, Elapsed Time = 13234.869 s
-- (592): |r| = 0.002107634851, |r|/|b| = 0.000178673571, Elapsed Time = 13257.255 s
-- (593): |r| = 0.002101868633, |r|/|b| = 0.000178184743, Elapsed Time = 13279.645 s
-- (594): |r| = 0.002096041079, |r|/|b| = 0.000177690716, Elapsed Time = 13302.034 s
-- (595): |r| = 0.002090182972, |r|/|b| = 0.000177194098, Elapsed Time = 13324.421 s
-- (596): |r| = 0.002084313830, |r|/|b| = 0.000176696544, Elapsed Time = 13346.810 s
-- (597): |r| = 0.002078486861, |r|/|b| = 0.000176202566, Elapsed Time = 13369.196 s
-- (598): |r| = 0.002072737945, |r|/|b| = 0.000175715205, Elapsed Time = 13391.581 s
-- (599): |r| = 0.002067077754, |r|/|b| = 0.000175235366, Elapsed Time = 13413.969 s
-- (600): |r| = 0.002061531423, |r|/|b| = 0.000174765179, Elapsed Time = 13436.358 s
-- (601): |r| = 0.002056096488, |r|/|b| = 0.000174304435, Elapsed Time = 13458.745 s
-- (602): |r| = 0.002050765264, |r|/|b| = 0.000173852483, Elapsed Time = 13481.132 s
-- (603): |r| = 0.002045534926, |r|/|b| = 0.000173409084, Elapsed Time = 13503.523 s
-- (604): |r| = 0.002040393833, |r|/|b| = 0.000172973251, Elapsed Time = 13525.915 s
-- (605): |r| = 0.002035317882, |r|/|b| = 0.000172542940, Elapsed Time = 13548.307 s
-- (606): |r| = 0.002030296817, |r|/|b| = 0.000172117282, Elapsed Time = 13570.697 s
-- (607): |r| = 0.002025320796, |r|/|b| = 0.000171695443, Elapsed Time = 13593.085 s
-- (608): |r| = 0.002020366412, |r|/|b| = 0.000171275438, Elapsed Time = 13615.472 s
-- (609): |r| = 0.002015422604, |r|/|b| = 0.000170856329, Elapsed Time = 13637.863 s
-- (610): |r| = 0.002010478037, |r|/|b| = 0.000170437156, Elapsed Time = 13660.252 s
-- (611): |r| = 0.002005518495, |r|/|b| = 0.000170016714, Elapsed Time = 13682.641 s
-- (612): |r| = 0.002000529153, |r|/|b| = 0.000169593745, Elapsed Time = 13705.028 s
-- (613): |r| = 0.001995509341, |r|/|b| = 0.000169168193, Elapsed Time = 13727.416 s
-- (614): |r| = 0.001990457840, |r|/|b| = 0.000168739955, Elapsed Time = 13749.805 s
-- (615): |r| = 0.001985369215, |r|/|b| = 0.000168308570, Elapsed Time = 13772.196 s
-- (616): |r| = 0.001980255437, |r|/|b| = 0.000167875052, Elapsed Time = 13794.587 s
-- (617): |r| = 0.001975126248, |r|/|b| = 0.000167440228, Elapsed Time = 13816.979 s
-- (618): |r| = 0.001970002405, |r|/|b| = 0.000167005857, Elapsed Time = 13839.368 s
-- (619): |r| = 0.001964907513, |r|/|b| = 0.000166573940, Elapsed Time = 13861.755 s
-- (620): |r| = 0.001959867150, |r|/|b| = 0.000166146646, Elapsed Time = 13884.146 s
-- (621): |r| = 0.001954907908, |r|/|b| = 0.000165726229, Elapsed Time = 13906.534 s
-- (622): |r| = 0.001950044594, |r|/|b| = 0.000165313945, Elapsed Time = 13928.924 s
-- (623): |r| = 0.001945293375, |r|/|b| = 0.000164911163, Elapsed Time = 13951.314 s
-- (624): |r| = 0.001940659742, |r|/|b| = 0.000164518349, Elapsed Time = 13973.703 s
-- (625): |r| = 0.001936116750, |r|/|b| = 0.000164133220, Elapsed Time = 13996.091 s
-- (626): |r| = 0.001931678626, |r|/|b| = 0.000163756980, Elapsed Time = 14018.477 s
-- (627): |r| = 0.001927331467, |r|/|b| = 0.000163388452, Elapsed Time = 14040.864 s
-- (628): |r| = 0.001923054506, |r|/|b| = 0.000163025875, Elapsed Time = 14063.250 s
-- (629): |r| = 0.001918843742, |r|/|b| = 0.000162668910, Elapsed Time = 14085.638 s
-- (630): |r| = 0.001914663671, |r|/|b| = 0.000162314547, Elapsed Time = 14108.028 s
-- (631): |r| = 0.001910494880, |r|/|b| = 0.000161961140, Elapsed Time = 14130.419 s
-- (632): |r| = 0.001906326078, |r|/|b| = 0.000161607732, Elapsed Time = 14152.807 s
-- (633): |r| = 0.001902150525, |r|/|b| = 0.000161253752, Elapsed Time = 14175.195 s
-- (634): |r| = 0.001897953941, |r|/|b| = 0.000160897989, Elapsed Time = 14197.580 s
-- (635): |r| = 0.001893736750, |r|/|b| = 0.000160540479, Elapsed Time = 14219.968 s
-- (636): |r| = 0.001889496958, |r|/|b| = 0.000160181053, Elapsed Time = 14242.359 s
-- (637): |r| = 0.001885239803, |r|/|b| = 0.000159820155, Elapsed Time = 14264.746 s
-- (638): |r| = 0.001880973397, |r|/|b| = 0.000159458472, Elapsed Time = 14287.135 s
-- (639): |r| = 0.001876692176, |r|/|b| = 0.000159095534, Elapsed Time = 14309.520 s
-- (640): |r| = 0.001872431150, |r|/|b| = 0.000158734308, Elapsed Time = 14331.906 s
-- (641): |r| = 0.001868200996, |r|/|b| = 0.000158375699, Elapsed Time = 14354.292 s
-- (642): |r| = 0.001864015945, |r|/|b| = 0.000158020914, Elapsed Time = 14376.679 s
-- (643): |r| = 0.001859888991, |r|/|b| = 0.000157671054, Elapsed Time = 14399.064 s
-- (644): |r| = 0.001855832704, |r|/|b| = 0.000157327184, Elapsed Time = 14421.451 s
-- (645): |r| = 0.001851850697, |r|/|b| = 0.000156989612, Elapsed Time = 14443.837 s
-- (646): |r| = 0.001847955716, |r|/|b| = 0.000156659417, Elapsed Time = 14466.224 s
-- (647): |r| = 0.001844151222, |r|/|b| = 0.000156336893, Elapsed Time = 14488.611 s
-- (648): |r| = 0.001840432374, |r|/|b| = 0.000156021630, Elapsed Time = 14511.000 s
-- (649): |r| = 0.001836787427, |r|/|b| = 0.000155712631, Elapsed Time = 14533.389 s
-- (650): |r| = 0.001833213532, |r|/|b| = 0.000155409657, Elapsed Time = 14555.779 s
-- (651): |r| = 0.001829700029, |r|/|b| = 0.000155111801, Elapsed Time = 14578.169 s
-- (652): |r| = 0.001826228131, |r|/|b| = 0.000154817473, Elapsed Time = 14600.559 s
-- (653): |r| = 0.001822787190, |r|/|b| = 0.000154525769, Elapsed Time = 14622.946 s
-- (654): |r| = 0.001819366566, |r|/|b| = 0.000154235788, Elapsed Time = 14645.334 s
-- (655): |r| = 0.001815953497, |r|/|b| = 0.000153946447, Elapsed Time = 14667.724 s
-- (656): |r| = 0.001812541977, |r|/|b| = 0.000153657237, Elapsed Time = 14690.113 s
-- (657): |r| = 0.001809128623, |r|/|b| = 0.000153367872, Elapsed Time = 14712.502 s
-- (658): |r| = 0.001805711831, |r|/|b| = 0.000153078215, Elapsed Time = 14734.892 s
-- (659): |r| = 0.001802294893, |r|/|b| = 0.000152788546, Elapsed Time = 14757.279 s
-- (660): |r| = 0.001798881300, |r|/|b| = 0.000152499161, Elapsed Time = 14779.664 s
-- (661): |r| = 0.001795475008, |r|/|b| = 0.000152210394, Elapsed Time = 14802.053 s
-- (662): |r| = 0.001792087270, |r|/|b| = 0.000151923201, Elapsed Time = 14824.442 s
-- (663): |r| = 0.001788730716, |r|/|b| = 0.000151638651, Elapsed Time = 14846.829 s
-- (664): |r| = 0.001785410991, |r|/|b| = 0.000151357223, Elapsed Time = 14869.216 s
-- (665): |r| = 0.001782129077, |r|/|b| = 0.000151079000, Elapsed Time = 14891.603 s
-- (666): |r| = 0.001778901076, |r|/|b| = 0.000150805348, Elapsed Time = 14913.988 s
-- (667): |r| = 0.001775730953, |r|/|b| = 0.000150536603, Elapsed Time = 14936.376 s
-- (668): |r| = 0.001772616809, |r|/|b| = 0.000150272603, Elapsed Time = 14958.765 s
-- (669): |r| = 0.001769555991, |r|/|b| = 0.000150013124, Elapsed Time = 14981.155 s
-- (670): |r| = 0.001766548576, |r|/|b| = 0.000149758172, Elapsed Time = 15003.547 s
-- (671): |r| = 0.001763587638, |r|/|b| = 0.000149507160, Elapsed Time = 15025.935 s
-- (672): |r| = 0.001760664324, |r|/|b| = 0.000149259338, Elapsed Time = 15048.320 s
-- (673): |r| = 0.001757774680, |r|/|b| = 0.000149014370, Elapsed Time = 15070.706 s
-- (674): |r| = 0.001754906081, |r|/|b| = 0.000148771186, Elapsed Time = 15093.095 s
-- (675): |r| = 0.001752044857, |r|/|b| = 0.000148528627, Elapsed Time = 15115.479 s
-- (676): |r| = 0.001749185745, |r|/|b| = 0.000148286248, Elapsed Time = 15137.866 s
-- (677): |r| = 0.001746319174, |r|/|b| = 0.000148043236, Elapsed Time = 15160.252 s
-- (678): |r| = 0.001743436842, |r|/|b| = 0.000147798888, Elapsed Time = 15182.641 s
-- (679): |r| = 0.001740528901, |r|/|b| = 0.000147552368, Elapsed Time = 15205.028 s
-- (680): |r| = 0.001737593045, |r|/|b| = 0.000147303483, Elapsed Time = 15227.415 s
-- (681): |r| = 0.001734624751, |r|/|b| = 0.000147051847, Elapsed Time = 15249.805 s
-- (682): |r| = 0.001731621947, |r|/|b| = 0.000146797286, Elapsed Time = 15272.193 s
-- (683): |r| = 0.001728589313, |r|/|b| = 0.000146540197, Elapsed Time = 15294.584 s
-- (684): |r| = 0.001725524747, |r|/|b| = 0.000146280400, Elapsed Time = 15316.974 s
-- (685): |r| = 0.001722432134, |r|/|b| = 0.000146018225, Elapsed Time = 15339.365 s
-- (686): |r| = 0.001719318616, |r|/|b| = 0.000145754278, Elapsed Time = 15361.757 s
-- (687): |r| = 0.001716192005, |r|/|b| = 0.000145489222, Elapsed Time = 15384.151 s
-- (688): |r| = 0.001713061652, |r|/|b| = 0.000145223848, Elapsed Time = 15406.541 s
-- (689): |r| = 0.001709934837, |r|/|b| = 0.000144958774, Elapsed Time = 15428.933 s
-- (690): |r| = 0.001706820248, |r|/|b| = 0.000144694736, Elapsed Time = 15451.325 s
-- (691): |r| = 0.001703729447, |r|/|b| = 0.000144432715, Elapsed Time = 15473.716 s
-- (692): |r| = 0.001700666001, |r|/|b| = 0.000144173013, Elapsed Time = 15496.110 s
-- (693): |r| = 0.001697632426, |r|/|b| = 0.000143915844, Elapsed Time = 15518.502 s
-- (694): |r| = 0.001694628833, |r|/|b| = 0.000143661216, Elapsed Time = 15540.895 s
-- (695): |r| = 0.001691655943, |r|/|b| = 0.000143409191, Elapsed Time = 15563.283 s
-- (696): |r| = 0.001688706822, |r|/|b| = 0.000143159181, Elapsed Time = 15585.672 s
-- (697): |r| = 0.001685779613, |r|/|b| = 0.000142911028, Elapsed Time = 15608.065 s
-- (698): |r| = 0.001682871232, |r|/|b| = 0.000142664472, Elapsed Time = 15630.459 s
-- (699): |r| = 0.001679971151, |r|/|b| = 0.000142418619, Elapsed Time = 15652.853 s
-- (700): |r| = 0.001677071531, |r|/|b| = 0.000142172805, Elapsed Time = 15675.246 s
-- (701): |r| = 0.001674169508, |r|/|b| = 0.000141926788, Elapsed Time = 15697.638 s
-- (702): |r| = 0.001671260578, |r|/|b| = 0.000141680185, Elapsed Time = 15720.028 s
-- (703): |r| = 0.001668344734, |r|/|b| = 0.000141432996, Elapsed Time = 15742.416 s
-- (704): |r| = 0.001665406004, |r|/|b| = 0.000141183867, Elapsed Time = 15764.807 s
-- (705): |r| = 0.001662464002, |r|/|b| = 0.000140934460, Elapsed Time = 15787.200 s
-- (706): |r| = 0.001659525190, |r|/|b| = 0.000140685324, Elapsed Time = 15809.592 s
-- (707): |r| = 0.001656586689, |r|/|b| = 0.000140436214, Elapsed Time = 15831.983 s
-- (708): |r| = 0.001653642567, |r|/|b| = 0.000140186628, Elapsed Time = 15854.371 s
-- (709): |r| = 0.001650714527, |r|/|b| = 0.000139938405, Elapsed Time = 15876.759 s
-- (710): |r| = 0.001647812315, |r|/|b| = 0.000139692372, Elapsed Time = 15899.147 s
-- (711): |r| = 0.001644939286, |r|/|b| = 0.000139448812, Elapsed Time = 15921.533 s
-- (712): |r| = 0.001642102144, |r|/|b| = 0.000139208295, Elapsed Time = 15943.919 s
-- (713): |r| = 0.001639306269, |r|/|b| = 0.000138971276, Elapsed Time = 15966.306 s
-- (714): |r| = 0.001636548093, |r|/|b| = 0.000138737453, Elapsed Time = 15988.690 s
-- (715): |r| = 0.001633838179, |r|/|b| = 0.000138507722, Elapsed Time = 16011.075 s
-- (716): |r| = 0.001631184520, |r|/|b| = 0.000138282760, Elapsed Time = 16033.463 s
-- (717): |r| = 0.001628579284, |r|/|b| = 0.000138061902, Elapsed Time = 16055.850 s
-- (718): |r| = 0.001626023850, |r|/|b| = 0.000137845267, Elapsed Time = 16078.239 s
-- (719): |r| = 0.001623516539, |r|/|b| = 0.000137632711, Elapsed Time = 16100.630 s
-- (720): |r| = 0.001621042603, |r|/|b| = 0.000137422984, Elapsed Time = 16123.022 s
-- (721): |r| = 0.001618610566, |r|/|b| = 0.000137216810, Elapsed Time = 16145.414 s
-- (722): |r| = 0.001616218315, |r|/|b| = 0.000137014008, Elapsed Time = 16167.804 s
-- (723): |r| = 0.001613854118, |r|/|b| = 0.000136813584, Elapsed Time = 16190.192 s
-- (724): |r| = 0.001611519093, |r|/|b| = 0.000136615634, Elapsed Time = 16212.582 s
-- (725): |r| = 0.001609209037, |r|/|b| = 0.000136419800, Elapsed Time = 16234.971 s
-- (726): |r| = 0.001606919757, |r|/|b| = 0.000136225728, Elapsed Time = 16257.358 s
-- (727): |r| = 0.001604646852, |r|/|b| = 0.000136033043, Elapsed Time = 16279.745 s
-- (728): |r| = 0.001602394560, |r|/|b| = 0.000135842107, Elapsed Time = 16302.128 s
-- (729): |r| = 0.001600162028, |r|/|b| = 0.000135652845, Elapsed Time = 16324.514 s
-- (730): |r| = 0.001597945186, |r|/|b| = 0.000135464913, Elapsed Time = 16346.903 s
-- (731): |r| = 0.001595747440, |r|/|b| = 0.000135278601, Elapsed Time = 16369.291 s
-- (732): |r| = 0.001593570192, |r|/|b| = 0.000135094026, Elapsed Time = 16391.680 s
-- (733): |r| = 0.001591413591, |r|/|b| = 0.000134911201, Elapsed Time = 16414.069 s
-- (734): |r| = 0.001589275691, |r|/|b| = 0.000134729962, Elapsed Time = 16436.458 s
-- (735): |r| = 0.001587160731, |r|/|b| = 0.000134550667, Elapsed Time = 16458.846 s
-- (736): |r| = 0.001585069917, |r|/|b| = 0.000134373420, Elapsed Time = 16481.235 s
-- (737): |r| = 0.001582998412, |r|/|b| = 0.000134197809, Elapsed Time = 16503.623 s
-- (738): |r| = 0.001580946300, |r|/|b| = 0.000134023842, Elapsed Time = 16526.011 s
-- (739): |r| = 0.001578909938, |r|/|b| = 0.000133851211, Elapsed Time = 16548.399 s
-- (740): |r| = 0.001576888692, |r|/|b| = 0.000133679861, Elapsed Time = 16570.787 s
-- (741): |r| = 0.001574880871, |r|/|b| = 0.000133509649, Elapsed Time = 16593.176 s
-- (742): |r| = 0.001572886027, |r|/|b| = 0.000133340537, Elapsed Time = 16615.566 s
-- (743): |r| = 0.001570898539, |r|/|b| = 0.000133172049, Elapsed Time = 16637.953 s
-- (744): |r| = 0.001568911051, |r|/|b| = 0.000133003561, Elapsed Time = 16660.341 s
-- (745): |r| = 0.001566921310, |r|/|b| = 0.000132834882, Elapsed Time = 16682.730 s
-- (746): |r| = 0.001564935589, |r|/|b| = 0.000132666543, Elapsed Time = 16705.120 s
-- (747): |r| = 0.001562946076, |r|/|b| = 0.000132497883, Elapsed Time = 16727.511 s
-- (748): |r| = 0.001560951176, |r|/|b| = 0.000132328767, Elapsed Time = 16749.902 s
-- (749): |r| = 0.001558951842, |r|/|b| = 0.000132159274, Elapsed Time = 16772.294 s
-- (750): |r| = 0.001556940907, |r|/|b| = 0.000131988799, Elapsed Time = 16794.683 s
-- (751): |r| = 0.001554922091, |r|/|b| = 0.000131817655, Elapsed Time = 16817.074 s
-- (752): |r| = 0.001552899706, |r|/|b| = 0.000131646208, Elapsed Time = 16839.466 s
-- (753): |r| = 0.001550870777, |r|/|b| = 0.000131474207, Elapsed Time = 16861.860 s
-- (754): |r| = 0.001548833892, |r|/|b| = 0.000131301531, Elapsed Time = 16884.252 s
-- (755): |r| = 0.001546793161, |r|/|b| = 0.000131128529, Elapsed Time = 16906.640 s
-- (756): |r| = 0.001544749540, |r|/|b| = 0.000130955282, Elapsed Time = 16929.031 s
-- (757): |r| = 0.001542697136, |r|/|b| = 0.000130781291, Elapsed Time = 16951.419 s
-- (758): |r| = 0.001540646508, |r|/|b| = 0.000130607450, Elapsed Time = 16973.808 s
-- (759): |r| = 0.001538596935, |r|/|b| = 0.000130433699, Elapsed Time = 16996.194 s
-- (760): |r| = 0.001536544261, |r|/|b| = 0.000130259684, Elapsed Time = 17018.584 s
-- (761): |r| = 0.001534496957, |r|/|b| = 0.000130086125, Elapsed Time = 17040.974 s
-- (762): |r| = 0.001532449961, |r|/|b| = 0.000129912592, Elapsed Time = 17063.365 s
-- (763): |r| = 0.001530403764, |r|/|b| = 0.000129739127, Elapsed Time = 17085.751 s
-- (764): |r| = 0.001528363212, |r|/|b| = 0.000129566140, Elapsed Time = 17108.137 s
-- (765): |r| = 0.001526323266, |r|/|b| = 0.000129393205, Elapsed Time = 17130.524 s
-- (766): |r| = 0.001524282490, |r|/|b| = 0.000129220199, Elapsed Time = 17152.911 s
-- (767): |r| = 0.001522243435, |r|/|b| = 0.000129047340, Elapsed Time = 17175.300 s
-- (768): |r| = 0.001520202147, |r|/|b| = 0.000128874291, Elapsed Time = 17197.690 s
-- (769): |r| = 0.001518160625, |r|/|b| = 0.000128701222, Elapsed Time = 17220.079 s
-- (770): |r| = 0.001516115088, |r|/|b| = 0.000128527812, Elapsed Time = 17242.470 s
-- (771): |r| = 0.001514066618, |r|/|b| = 0.000128354155, Elapsed Time = 17264.860 s
-- (772): |r| = 0.001512021790, |r|/|b| = 0.000128180805, Elapsed Time = 17287.250 s
-- (773): |r| = 0.001509973753, |r|/|b| = 0.000128007184, Elapsed Time = 17309.641 s
-- (774): |r| = 0.001507928011, |r|/|b| = 0.000127833758, Elapsed Time = 17332.032 s
-- (775): |r| = 0.001505880939, |r|/|b| = 0.000127660218, Elapsed Time = 17354.420 s
-- (776): |r| = 0.001503837892, |r|/|b| = 0.000127487020, Elapsed Time = 17376.806 s
-- (777): |r| = 0.001501804053, |r|/|b| = 0.000127314602, Elapsed Time = 17399.193 s
-- (778): |r| = 0.001499774248, |r|/|b| = 0.000127142527, Elapsed Time = 17421.579 s
-- (779): |r| = 0.001497752623, |r|/|b| = 0.000126971145, Elapsed Time = 17443.966 s
-- (780): |r| = 0.001495736568, |r|/|b| = 0.000126800235, Elapsed Time = 17466.353 s
-- (781): |r| = 0.001493726827, |r|/|b| = 0.000126629860, Elapsed Time = 17488.739 s
-- (782): |r| = 0.001491724348, |r|/|b| = 0.000126460101, Elapsed Time = 17511.125 s
-- (783): |r| = 0.001489718318, |r|/|b| = 0.000126290041, Elapsed Time = 17533.515 s
-- (784): |r| = 0.001487711932, |r|/|b| = 0.000126119951, Elapsed Time = 17555.903 s
-- (785): |r| = 0.001485711399, |r|/|b| = 0.000125950357, Elapsed Time = 17578.291 s
-- (786): |r| = 0.001483697500, |r|/|b| = 0.000125779629, Elapsed Time = 17600.681 s
-- (787): |r| = 0.001481683371, |r|/|b| = 0.000125608883, Elapsed Time = 17623.071 s
-- (788): |r| = 0.001479662397, |r|/|b| = 0.000125437556, Elapsed Time = 17645.460 s
-- (789): |r| = 0.001477631696, |r|/|b| = 0.000125265404, Elapsed Time = 17667.851 s
-- (790): |r| = 0.001475595539, |r|/|b| = 0.000125092790, Elapsed Time = 17690.240 s
-- (791): |r| = 0.001473545907, |r|/|b| = 0.000124919034, Elapsed Time = 17712.632 s
-- (792): |r| = 0.001471481817, |r|/|b| = 0.000124744052, Elapsed Time = 17735.024 s
-- (793): |r| = 0.001469402475, |r|/|b| = 0.000124567777, Elapsed Time = 17757.418 s
-- (794): |r| = 0.001467302046, |r|/|b| = 0.000124389714, Elapsed Time = 17779.812 s
-- (795): |r| = 0.001465185325, |r|/|b| = 0.000124210270, Elapsed Time = 17802.206 s
-- (796): |r| = 0.001463052217, |r|/|b| = 0.000124029437, Elapsed Time = 17824.600 s
-- (797): |r| = 0.001460902343, |r|/|b| = 0.000123847183, Elapsed Time = 17846.992 s
-- (798): |r| = 0.001458726784, |r|/|b| = 0.000123662751, Elapsed Time = 17869.385 s
-- (799): |r| = 0.001456533303, |r|/|b| = 0.000123476800, Elapsed Time = 17891.780 s
-- (800): |r| = 0.001454326969, |r|/|b| = 0.000123289759, Elapsed Time = 17914.172 s
-- (801): |r| = 0.001452100446, |r|/|b| = 0.000123101007, Elapsed Time = 17936.566 s
-- (802): |r| = 0.001449851521, |r|/|b| = 0.000122910355, Elapsed Time = 17958.961 s
-- (803): |r| = 0.001447580396, |r|/|b| = 0.000122717822, Elapsed Time = 17981.355 s
-- (804): |r| = 0.001445284625, |r|/|b| = 0.000122523199, Elapsed Time = 18003.749 s
-- (805): |r| = 0.001442963849, |r|/|b| = 0.000122326457, Elapsed Time = 18026.141 s
-- (806): |r| = 0.001440616402, |r|/|b| = 0.000122127453, Elapsed Time = 18048.532 s
-- (807): |r| = 0.001438239932, |r|/|b| = 0.000121925989, Elapsed Time = 18070.925 s
-- (808): |r| = 0.001435833826, |r|/|b| = 0.000121722013, Elapsed Time = 18093.318 s
-- (809): |r| = 0.001433393845, |r|/|b| = 0.000121515165, Elapsed Time = 18115.711 s
-- (810): |r| = 0.001430919526, |r|/|b| = 0.000121305406, Elapsed Time = 18138.105 s
-- (811): |r| = 0.001428405751, |r|/|b| = 0.000121092302, Elapsed Time = 18160.499 s
-- (812): |r| = 0.001425850781, |r|/|b| = 0.000120875706, Elapsed Time = 18182.891 s
-- (813): |r| = 0.001423254348, |r|/|b| = 0.000120655595, Elapsed Time = 18205.281 s
-- (814): |r| = 0.001420616417, |r|/|b| = 0.000120431966, Elapsed Time = 18227.674 s
-- (815): |r| = 0.001417939545, |r|/|b| = 0.000120205035, Elapsed Time = 18250.070 s
-- (816): |r| = 0.001415226602, |r|/|b| = 0.000119975047, Elapsed Time = 18272.468 s
-- (817): |r| = 0.001412481813, |r|/|b| = 0.000119742359, Elapsed Time = 18294.862 s
-- (818): |r| = 0.001409710466, |r|/|b| = 0.000119507420, Elapsed Time = 18317.258 s
-- (819): |r| = 0.001406917417, |r|/|b| = 0.000119270641, Elapsed Time = 18339.651 s
-- (820): |r| = 0.001404102976, |r|/|b| = 0.000119032048, Elapsed Time = 18362.044 s
-- (821): |r| = 0.001401273552, |r|/|b| = 0.000118792185, Elapsed Time = 18384.438 s
-- (822): |r| = 0.001398428697, |r|/|b| = 0.000118551014, Elapsed Time = 18406.833 s
-- (823): |r| = 0.001395570875, |r|/|b| = 0.000118308744, Elapsed Time = 18429.227 s
-- (824): |r| = 0.001392699299, |r|/|b| = 0.000118065308, Elapsed Time = 18451.623 s
-- (825): |r| = 0.001389811796, |r|/|b| = 0.000117820521, Elapsed Time = 18474.019 s
-- (826): |r| = 0.001386908045, |r|/|b| = 0.000117574357, Elapsed Time = 18496.413 s
-- (827): |r| = 0.001383987324, |r|/|b| = 0.000117326755, Elapsed Time = 18518.808 s
-- (828): |r| = 0.001381047499, |r|/|b| = 0.000117077533, Elapsed Time = 18541.202 s
-- (829): |r| = 0.001378092971, |r|/|b| = 0.000116827064, Elapsed Time = 18563.597 s
-- (830): |r| = 0.001375127994, |r|/|b| = 0.000116575710, Elapsed Time = 18585.993 s
-- (831): |r| = 0.001372151955, |r|/|b| = 0.000116323418, Elapsed Time = 18608.392 s
-- (832): |r| = 0.001369166143, |r|/|b| = 0.000116070297, Elapsed Time = 18630.788 s
-- (833): |r| = 0.001366172458, |r|/|b| = 0.000115816509, Elapsed Time = 18653.182 s
-- (834): |r| = 0.001363170635, |r|/|b| = 0.000115562032, Elapsed Time = 18675.573 s
-- (835): |r| = 0.001360165245, |r|/|b| = 0.000115307251, Elapsed Time = 18697.961 s
-- (836): |r| = 0.001357161977, |r|/|b| = 0.000115052651, Elapsed Time = 18720.348 s
-- (837): |r| = 0.001354164817, |r|/|b| = 0.000114798568, Elapsed Time = 18742.737 s
-- (838): |r| = 0.001351181634, |r|/|b| = 0.000114545671, Elapsed Time = 18765.126 s
-- (839): |r| = 0.001348216783, |r|/|b| = 0.000114294327, Elapsed Time = 18787.513 s
-- (840): |r| = 0.001345274349, |r|/|b| = 0.000114044884, Elapsed Time = 18809.903 s
-- (841): |r| = 0.001342358794, |r|/|b| = 0.000113797719, Elapsed Time = 18832.289 s
-- (842): |r| = 0.001339473076, |r|/|b| = 0.000113553084, Elapsed Time = 18854.677 s
-- (843): |r| = 0.001336616049, |r|/|b| = 0.000113310881, Elapsed Time = 18877.067 s
-- (844): |r| = 0.001333786440, |r|/|b| = 0.000113071003, Elapsed Time = 18899.459 s
-- (845): |r| = 0.001330983112, |r|/|b| = 0.000112833352, Elapsed Time = 18921.849 s
-- (846): |r| = 0.001328202423, |r|/|b| = 0.000112597621, Elapsed Time = 18944.238 s
-- (847): |r| = 0.001325443601, |r|/|b| = 0.000112363743, Elapsed Time = 18966.628 s
-- (848): |r| = 0.001322704684, |r|/|b| = 0.000112131553, Elapsed Time = 18989.019 s
-- (849): |r| = 0.001319986018, |r|/|b| = 0.000111901080, Elapsed Time = 19011.411 s
-- (850): |r| = 0.001317287857, |r|/|b| = 0.000111672345, Elapsed Time = 19033.805 s
-- (851): |r| = 0.001314612411, |r|/|b| = 0.000111445535, Elapsed Time = 19056.199 s
-- (852): |r| = 0.001311958660, |r|/|b| = 0.000111220565, Elapsed Time = 19078.591 s
-- (853): |r| = 0.001309333443, |r|/|b| = 0.000110998014, Elapsed Time = 19100.987 s
-- (854): |r| = 0.001306736855, |r|/|b| = 0.000110777889, Elapsed Time = 19123.383 s
-- (855): |r| = 0.001304173376, |r|/|b| = 0.000110560572, Elapsed Time = 19145.777 s
-- (856): |r| = 0.001301647224, |r|/|b| = 0.000110346419, Elapsed Time = 19168.171 s
-- (857): |r| = 0.001299157445, |r|/|b| = 0.000110135349, Elapsed Time = 19190.567 s
-- (858): |r| = 0.001296705585, |r|/|b| = 0.000109927494, Elapsed Time = 19212.962 s
-- (859): |r| = 0.001294293388, |r|/|b| = 0.000109723001, Elapsed Time = 19235.356 s
-- (860): |r| = 0.001291924179, |r|/|b| = 0.000109522153, Elapsed Time = 19257.750 s
-- (861): |r| = 0.001289593158, |r|/|b| = 0.000109324542, Elapsed Time = 19280.146 s
-- (862): |r| = 0.001287301847, |r|/|b| = 0.000109130297, Elapsed Time = 19302.539 s
-- (863): |r| = 0.001285053924, |r|/|b| = 0.000108939731, Elapsed Time = 19324.931 s
-- (864): |r| = 0.001282841622, |r|/|b| = 0.000108752184, Elapsed Time = 19347.322 s
-- (865): |r| = 0.001280666985, |r|/|b| = 0.000108567831, Elapsed Time = 19369.712 s
-- (866): |r| = 0.001278532056, |r|/|b| = 0.000108386843, Elapsed Time = 19392.105 s
-- (867): |r| = 0.001276430897, |r|/|b| = 0.000108208719, Elapsed Time = 19414.496 s
-- (868): |r| = 0.001274365415, |r|/|b| = 0.000108033619, Elapsed Time = 19436.886 s
-- (869): |r| = 0.001272332171, |r|/|b| = 0.000107861251, Elapsed Time = 19459.276 s
-- (870): |r| = 0.001270331142, |r|/|b| = 0.000107691615, Elapsed Time = 19481.667 s
-- (871): |r| = 0.001268355289, |r|/|b| = 0.000107524113, Elapsed Time = 19504.057 s
-- (872): |r| = 0.001266408770, |r|/|b| = 0.000107359098, Elapsed Time = 19526.449 s
-- (873): |r| = 0.001264476873, |r|/|b| = 0.000107195323, Elapsed Time = 19548.844 s
-- (874): |r| = 0.001262571205, |r|/|b| = 0.000107033771, Elapsed Time = 19571.238 s
-- (875): |r| = 0.001260687973, |r|/|b| = 0.000106874121, Elapsed Time = 19593.630 s
-- (876): |r| = 0.001258827912, |r|/|b| = 0.000106716435, Elapsed Time = 19616.023 s
-- (877): |r| = 0.001256995564, |r|/|b| = 0.000106561099, Elapsed Time = 19638.417 s
-- (878): |r| = 0.001255184971, |r|/|b| = 0.000106407607, Elapsed Time = 19660.811 s
-- (879): |r| = 0.001253398877, |r|/|b| = 0.000106256192, Elapsed Time = 19683.205 s
-- (880): |r| = 0.001251632164, |r|/|b| = 0.000106106420, Elapsed Time = 19705.600 s
-- (881): |r| = 0.001249887795, |r|/|b| = 0.000105958542, Elapsed Time = 19727.995 s
-- (882): |r| = 0.001248161715, |r|/|b| = 0.000105812214, Elapsed Time = 19750.388 s
-- (883): |r| = 0.001246446283, |r|/|b| = 0.000105666790, Elapsed Time = 19772.781 s
-- (884): |r| = 0.001244747698, |r|/|b| = 0.000105522793, Elapsed Time = 19795.175 s
-- (885): |r| = 0.001243058778, |r|/|b| = 0.000105379616, Elapsed Time = 19817.568 s
-- (886): |r| = 0.001241381952, |r|/|b| = 0.000105237464, Elapsed Time = 19839.960 s
-- (887): |r| = 0.001239722643, |r|/|b| = 0.000105096797, Elapsed Time = 19862.352 s
-- (888): |r| = 0.001238072070, |r|/|b| = 0.000104956870, Elapsed Time = 19884.743 s
-- (889): |r| = 0.001236422875, |r|/|b| = 0.000104817061, Elapsed Time = 19907.136 s
-- (890): |r| = 0.001234778708, |r|/|b| = 0.000104677677, Elapsed Time = 19929.529 s
-- (891): |r| = 0.001233139152, |r|/|b| = 0.000104538685, Elapsed Time = 19951.921 s
-- (892): |r| = 0.001231498385, |r|/|b| = 0.000104399590, Elapsed Time = 19974.313 s
-- (893): |r| = 0.001229859523, |r|/|b| = 0.000104260656, Elapsed Time = 19996.704 s
-- (894): |r| = 0.001228217035, |r|/|b| = 0.000104121415, Elapsed Time = 20019.097 s
-- (895): |r| = 0.001226565834, |r|/|b| = 0.000103981436, Elapsed Time = 20041.488 s
-- (896): |r| = 0.001224908297, |r|/|b| = 0.000103840919, Elapsed Time = 20063.882 s
-- (897): |r| = 0.001223234863, |r|/|b| = 0.000103699054, Elapsed Time = 20086.279 s
-- (898): |r| = 0.001221554356, |r|/|b| = 0.000103556590, Elapsed Time = 20108.674 s
-- (899): |r| = 0.001219864336, |r|/|b| = 0.000103413320, Elapsed Time = 20131.068 s
-- (900): |r| = 0.001218167125, |r|/|b| = 0.000103269440, Elapsed Time = 20153.459 s
-- (901): |r| = 0.001216461409, |r|/|b| = 0.000103124839, Elapsed Time = 20175.850 s
-- (902): |r| = 0.001214750339, |r|/|b| = 0.000102979784, Elapsed Time = 20198.242 s
-- (903): |r| = 0.001213038604, |r|/|b| = 0.000102834672, Elapsed Time = 20220.635 s
-- (904): |r| = 0.001211319853, |r|/|b| = 0.000102688966, Elapsed Time = 20243.028 s
-- (905): |r| = 0.001209590842, |r|/|b| = 0.000102542390, Elapsed Time = 20265.420 s
-- (906): |r| = 0.001207855225, |r|/|b| = 0.000102395254, Elapsed Time = 20287.811 s
-- (907): |r| = 0.001206108047, |r|/|b| = 0.000102247138, Elapsed Time = 20310.204 s
-- (908): |r| = 0.001204351636, |r|/|b| = 0.000102098239, Elapsed Time = 20332.597 s
-- (909): |r| = 0.001202582566, |r|/|b| = 0.000101948267, Elapsed Time = 20354.989 s
-- (910): |r| = 0.001200799635, |r|/|b| = 0.000101797120, Elapsed Time = 20377.382 s
-- (911): |r| = 0.001199007221, |r|/|b| = 0.000101645170, Elapsed Time = 20399.775 s
-- (912): |r| = 0.001197192091, |r|/|b| = 0.000101491293, Elapsed Time = 20422.168 s
-- (913): |r| = 0.001195355273, |r|/|b| = 0.000101335578, Elapsed Time = 20444.564 s
-- (914): |r| = 0.001193489935, |r|/|b| = 0.000101177445, Elapsed Time = 20466.959 s
-- (915): |r| = 0.001191592381, |r|/|b| = 0.000101016581, Elapsed Time = 20489.354 s
-- (916): |r| = 0.001189660852, |r|/|b| = 0.000100852836, Elapsed Time = 20511.747 s
-- (917): |r| = 0.001187692640, |r|/|b| = 0.000100685982, Elapsed Time = 20534.141 s
-- (918): |r| = 0.001185682956, |r|/|b| = 0.000100515612, Elapsed Time = 20556.536 s
-- (919): |r| = 0.001183631847, |r|/|b| = 0.000100341731, Elapsed Time = 20578.932 s
-- (920): |r| = 0.001181540163, |r|/|b| = 0.000100164409, Elapsed Time = 20601.328 s
-- (921): |r| = 0.001179409996, |r|/|b| = 0.000099983826, Elapsed Time = 20623.723 s
-- (922): |r| = 0.001177243225, |r|/|b| = 0.000099800139, Elapsed Time = 20646.119 s
-- (923): |r| = 0.001175043256, |r|/|b| = 0.000099613638, Elapsed Time = 20668.513 s
-- (924): |r| = 0.001172811680, |r|/|b| = 0.000099424457, Elapsed Time = 20690.908 s
-- (925): |r| = 0.001170553349, |r|/|b| = 0.000099233008, Elapsed Time = 20713.303 s
-- (926): |r| = 0.001168272739, |r|/|b| = 0.000099039671, Elapsed Time = 20735.698 s
-- (927): |r| = 0.001165972826, |r|/|b| = 0.000098844697, Elapsed Time = 20758.094 s
-- (928): |r| = 0.001163654123, |r|/|b| = 0.000098648130, Elapsed Time = 20780.488 s
-- (929): |r| = 0.001161319732, |r|/|b| = 0.000098450234, Elapsed Time = 20802.884 s
-- (930): |r| = 0.001158973245, |r|/|b| = 0.000098251312, Elapsed Time = 20825.282 s
-- (931): |r| = 0.001156612860, |r|/|b| = 0.000098051211, Elapsed Time = 20847.679 s
-- (932): |r| = 0.001154234656, |r|/|b| = 0.000097849600, Elapsed Time = 20870.072 s
-- (933): |r| = 0.001151840239, |r|/|b| = 0.000097646615, Elapsed Time = 20892.465 s
-- (934): |r| = 0.001149432800, |r|/|b| = 0.000097442526, Elapsed Time = 20914.855 s
-- (935): |r| = 0.001147008866, |r|/|b| = 0.000097237038, Elapsed Time = 20937.240 s
-- (936): |r| = 0.001144565036, |r|/|b| = 0.000097029864, Elapsed Time = 20959.631 s
-- (937): |r| = 0.001142105471, |r|/|b| = 0.000096821355, Elapsed Time = 20982.022 s
-- (938): |r| = 0.001139632501, |r|/|b| = 0.000096611711, Elapsed Time = 21004.416 s
-- (939): |r| = 0.001137146140, |r|/|b| = 0.000096400931, Elapsed Time = 21026.806 s
-- (940): |r| = 0.001134648960, |r|/|b| = 0.000096189234, Elapsed Time = 21049.200 s
-- (941): |r| = 0.001132144886, |r|/|b| = 0.000095976952, Elapsed Time = 21071.594 s
-- (942): |r| = 0.001129638283, |r|/|b| = 0.000095764456, Elapsed Time = 21093.986 s
-- (943): |r| = 0.001127134763, |r|/|b| = 0.000095552222, Elapsed Time = 21116.377 s
-- (944): |r| = 0.001124638795, |r|/|b| = 0.000095340628, Elapsed Time = 21138.768 s
-- (945): |r| = 0.001122155052, |r|/|b| = 0.000095130070, Elapsed Time = 21161.161 s
-- (946): |r| = 0.001119686955, |r|/|b| = 0.000094920838, Elapsed Time = 21183.554 s
-- (947): |r| = 0.001117237547, |r|/|b| = 0.000094713191, Elapsed Time = 21205.946 s
-- (948): |r| = 0.001114808446, |r|/|b| = 0.000094507265, Elapsed Time = 21228.338 s
-- (949): |r| = 0.001112400839, |r|/|b| = 0.000094303162, Elapsed Time = 21250.730 s
-- (950): |r| = 0.001110014906, |r|/|b| = 0.000094100896, Elapsed Time = 21273.119 s
-- (951): |r| = 0.001107651333, |r|/|b| = 0.000093900525, Elapsed Time = 21295.511 s
-- (952): |r| = 0.001105309349, |r|/|b| = 0.000093701985, Elapsed Time = 21317.901 s
-- (953): |r| = 0.001102987741, |r|/|b| = 0.000093505172, Elapsed Time = 21340.292 s
-- (954): |r| = 0.001100685126, |r|/|b| = 0.000093309969, Elapsed Time = 21362.685 s
-- (955): |r| = 0.001098398532, |r|/|b| = 0.000093116124, Elapsed Time = 21385.077 s
-- (956): |r| = 0.001096129511, |r|/|b| = 0.000092923769, Elapsed Time = 21407.468 s
-- (957): |r| = 0.001093875814, |r|/|b| = 0.000092732713, Elapsed Time = 21429.859 s
-- (958): |r| = 0.001091635924, |r|/|b| = 0.000092542828, Elapsed Time = 21452.252 s
-- (959): |r| = 0.001089410002, |r|/|b| = 0.000092354126, Elapsed Time = 21474.645 s
-- (960): |r| = 0.001087200103, |r|/|b| = 0.000092166783, Elapsed Time = 21497.038 s
-- (961): |r| = 0.001085007104, |r|/|b| = 0.000091980873, Elapsed Time = 21519.432 s
-- (962): |r| = 0.001082827307, |r|/|b| = 0.000091796082, Elapsed Time = 21541.825 s
-- (963): |r| = 0.001080665708, |r|/|b| = 0.000091612834, Elapsed Time = 21564.217 s
-- (964): |r| = 0.001078526744, |r|/|b| = 0.000091431504, Elapsed Time = 21586.610 s
-- (965): |r| = 0.001076408104, |r|/|b| = 0.000091251898, Elapsed Time = 21609.003 s
-- (966): |r| = 0.001074307697, |r|/|b| = 0.000091073837, Elapsed Time = 21631.396 s
-- (967): |r| = 0.001072227462, |r|/|b| = 0.000090897486, Elapsed Time = 21653.788 s
-- (968): |r| = 0.001070173436, |r|/|b| = 0.000090723357, Elapsed Time = 21676.179 s
-- (969): |r| = 0.001068141338, |r|/|b| = 0.000090551087, Elapsed Time = 21698.568 s
-- (970): |r| = 0.001066129360, |r|/|b| = 0.000090380523, Elapsed Time = 21720.958 s
-- (971): |r| = 0.001064141959, |r|/|b| = 0.000090212042, Elapsed Time = 21743.348 s
-- (972): |r| = 0.001062175888, |r|/|b| = 0.000090045370, Elapsed Time = 21765.740 s
-- (973): |r| = 0.001060230024, |r|/|b| = 0.000089880410, Elapsed Time = 21788.130 s
-- (974): |r| = 0.001058305549, |r|/|b| = 0.000089717264, Elapsed Time = 21810.521 s
-- (975): |r| = 0.001056400014, |r|/|b| = 0.000089555723, Elapsed Time = 21832.912 s
-- (976): |r| = 0.001054510826, |r|/|b| = 0.000089395568, Elapsed Time = 21855.306 s
-- (977): |r| = 0.001052637868, |r|/|b| = 0.000089236789, Elapsed Time = 21877.700 s
-- (978): |r| = 0.001050778062, |r|/|b| = 0.000089079125, Elapsed Time = 21900.096 s
-- (979): |r| = 0.001048931004, |r|/|b| = 0.000088922542, Elapsed Time = 21922.489 s
-- (980): |r| = 0.001047098927, |r|/|b| = 0.000088767229, Elapsed Time = 21944.881 s
-- (981): |r| = 0.001045277570, |r|/|b| = 0.000088612824, Elapsed Time = 21967.271 s
-- (982): |r| = 0.001043467279, |r|/|b| = 0.000088459358, Elapsed Time = 21989.661 s
-- (983): |r| = 0.001041668300, |r|/|b| = 0.000088306850, Elapsed Time = 22012.053 s
-- (984): |r| = 0.001039879769, |r|/|b| = 0.000088155228, Elapsed Time = 22034.446 s
-- (985): |r| = 0.001038101140, |r|/|b| = 0.000088004446, Elapsed Time = 22056.839 s
-- (986): |r| = 0.001036333356, |r|/|b| = 0.000087854583, Elapsed Time = 22079.233 s
-- (987): |r| = 0.001034576125, |r|/|b| = 0.000087705615, Elapsed Time = 22101.626 s
-- (988): |r| = 0.001032831771, |r|/|b| = 0.000087557738, Elapsed Time = 22124.016 s
-- (989): |r| = 0.001031099006, |r|/|b| = 0.000087410844, Elapsed Time = 22146.410 s
-- (990): |r| = 0.001029379374, |r|/|b| = 0.000087265063, Elapsed Time = 22168.803 s
-- (991): |r| = 0.001027673950, |r|/|b| = 0.000087120487, Elapsed Time = 22191.195 s
-- (992): |r| = 0.001025981195, |r|/|b| = 0.000086976985, Elapsed Time = 22213.587 s
-- (993): |r| = 0.001024301812, |r|/|b| = 0.000086834616, Elapsed Time = 22235.979 s
-- (994): |r| = 0.001022635352, |r|/|b| = 0.000086693343, Elapsed Time = 22258.373 s
-- (995): |r| = 0.001020983172, |r|/|b| = 0.000086553280, Elapsed Time = 22280.767 s
-- (996): |r| = 0.001019346542, |r|/|b| = 0.000086414536, Elapsed Time = 22303.159 s
-- (997): |r| = 0.001017723172, |r|/|b| = 0.000086276915, Elapsed Time = 22325.552 s
-- (998): |r| = 0.001016113269, |r|/|b| = 0.000086140437, Elapsed Time = 22347.944 s
-- (999): |r| = 0.001014517406, |r|/|b| = 0.000086005148, Elapsed Time = 22370.337 s
-- (1000): |r| = 0.001012933841, |r|/|b| = 0.000085870902, Elapsed Time = 22392.730 s
-- Failed to Converge!
