Name,Shape,Ranks,Entries,Compression,Elapsed Time (s)
H,"[(4, 4), (32, 32), (32, 32), (12, 12), (12, 12), (12, 12)]","[3, 3, 3, 25, 18]",96672,518211049.1201589,494.2376024723053
S,"[(4, 4), (32, 32), (32, 32), (12, 12), (12, 12), (12, 12)]","[1, 1, 1, 6, 6]",8976,5581160710.84492,494.2376317977905
B_out,"[(4, 4), (32, 32), (32, 32), (12, 12), (12, 12), (12, 12)]","[4, 64, 102, 50, 5]",7718000,6490865.320101581,494.23764729499817
B_in,"[(4, 4), (32, 32), (32, 32), (12, 12), (12, 12), (12, 12)]","[6, 66, 105, 52, 5]",8326320,6016643.431977632,494.2376596927643
