Running 640 combinations
IGAMesh(id=0, name=None, num_patches=1, reflective_boundaries=False)
  -> Patch(material=Source, source=IsotropicInternalSource, id=0, name=None, shape=(12, 12), backend=geomdl)
================================================================================
Running case 0: N=16, G=1, A=12, B=12, p=2, q=2, eps=1e-08, device=cpu
===========================================================================
Running MatrixAssembler.build()
Discretization: N = 16, G = 1, P = 1, A = 12, B = 12
Operators: H, S, q, B_out
---------------------------------------------------------------------------
  0%|          | 0/1 [00:00<?, ?it/s]
Assembling Patch 0
Step            Shape                     Compression  Elapsed Time (s)
H               2304,2304                       1.00        1.69
S               1,144,144                       1.00        1.69
B_out           2304,2304                       1.00        1.88
---------------------------------------------------------------------------
Final Operators (Elapsed Time: 2.23 s)
Step            Shape                     Compression
H               2304,2304                      55.52
S               2304,2304                     255.75
q               2304                            1.00
B_out           2304,2304                     926.59
===========================================================================
===========================================================================
Running TTAssembler.build()
Discretization: N = 16, G = 1, P = 1, A = 12, B = 12
Operators: H, S, B_out
---------------------------------------------------------------------------
  0%|          | 0/1 [00:00<?, ?it/s]
Assembling Patch 0
Step            Ranks                     Compression  Elapsed Time (s)
Intg_int        1,1                            71.75        1.67
Intg_str        1,2,2                          47.72        1.68
H               3,3,3,3,3,5                   112.62        1.68
S               1,1,1,1,1,1                 16905.78        1.68
Intg_out        1,3,4,4,3                     148.85        1.82
B_out           3,4,4,4,4,3                   146.80        1.82
---------------------------------------------------------------------------
Final Operators (Elapsed Time: 2.15 s)
Step            Ranks                     Compression
H               3,3,3,2                      4173.28
S               1,1,1,1                     17014.15
B_out           3,4,4,3                      2288.11
===========================================================================
Running batched GMRES on CPU
-- (1): |r| = 0.000083469508, |r|/|b| = 0.000002290322, Elapsed Time = 0.039 s
-- (2): |r| = 0.000000015110, |r|/|b| = 0.000000000415, Elapsed Time = 0.075 s
-- Converged!
Running batched GMRES on CPU
-- (1): |r| = 0.000085140305, |r|/|b| = 0.000002336167, Elapsed Time = 0.107 s
-- (2): |r| = 0.000000015625, |r|/|b| = 0.000000000429, Elapsed Time = 0.213 s
-- Converged!
Running batched GMRES on CPU
-- (1): |r| = 0.000084880252, |r|/|b| = 0.000002329031, Elapsed Time = 0.074 s
-- (2): |r| = 0.000000015436, |r|/|b| = 0.000000000424, Elapsed Time = 0.147 s
-- Converged!
Running batched GMRES on CPU
-- (1): |r| = 0.000089404024, |r|/|b| = 0.000002453159, Elapsed Time = 0.060 s
-- (2): |r| = 0.000000016712, |r|/|b| = 0.000000000459, Elapsed Time = 0.120 s
-- Converged!
Finished iteration! Run time = 7.983 s, Elapsed time = 8.045
================================================================================
Already ran case 1: N=16, G=1, A=12, B=12, p=2, q=2, eps=1e-08, device=gpu
================================================================================
Running case 2: N=16, G=1, A=12, B=12, p=2, q=2, eps=1e-05, device=cpu
Running batched GMRES on CPU
-- (1): |r| = 0.000088007062, |r|/|b| = 0.000002414828, Elapsed Time = 0.107 s
-- (2): |r| = 0.000000016526, |r|/|b| = 0.000000000453, Elapsed Time = 0.213 s
-- Converged!
Running batched GMRES on CPU
-- (1): |r| = 0.000085645240, |r|/|b| = 0.000002350022, Elapsed Time = 0.073 s
-- (2): |r| = 0.000000015752, |r|/|b| = 0.000000000432, Elapsed Time = 0.145 s
-- Converged!
Running batched GMRES on CPU
-- (1): |r| = 0.000091853682, |r|/|b| = 0.000002520375, Elapsed Time = 0.059 s
-- (2): |r| = 0.000000017992, |r|/|b| = 0.000000000494, Elapsed Time = 0.119 s
-- Converged!
Finished iteration! Run time = 2.860 s, Elapsed time = 11.005
================================================================================
Already ran case 3: N=16, G=1, A=12, B=12, p=2, q=2, eps=1e-05, device=gpu
================================================================================
Running case 4: N=16, G=1, A=12, B=12, p=2, q=2, eps=0.001, device=cpu
Running batched GMRES on CPU
-- (1): |r| = 0.000085506668, |r|/|b| = 0.000002346220, Elapsed Time = 0.110 s
-- (2): |r| = 0.000000015872, |r|/|b| = 0.000000000436, Elapsed Time = 0.219 s
-- Converged!
Running batched GMRES on CPU
-- (1): |r| = 0.000088066744, |r|/|b| = 0.000002416466, Elapsed Time = 0.073 s
-- (2): |r| = 0.000000015400, |r|/|b| = 0.000000000423, Elapsed Time = 0.146 s
-- Converged!
Running batched GMRES on CPU
-- (1): |r| = 0.000090392181, |r|/|b| = 0.000002480273, Elapsed Time = 0.060 s
-- (2): |r| = 0.000000017144, |r|/|b| = 0.000000000470, Elapsed Time = 0.119 s
-- Converged!
Finished iteration! Run time = 2.829 s, Elapsed time = 13.913
================================================================================
Already ran case 5: N=16, G=1, A=12, B=12, p=2, q=2, eps=0.001, device=gpu
IGAMesh(id=1, name=None, num_patches=1, reflective_boundaries=False)
  -> Patch(material=Source, source=IsotropicInternalSource, id=0, name=None, shape=(13, 13), backend=geomdl)
================================================================================
Running case 6: N=16, G=1, A=13, B=13, p=3, q=3, eps=1e-08, device=cpu
===========================================================================
Running MatrixAssembler.build()
Discretization: N = 16, G = 1, P = 1, A = 13, B = 13
Operators: H, S, q, B_out
---------------------------------------------------------------------------
  0%|          | 0/1 [00:00<?, ?it/s]
Assembling Patch 0
Step            Shape                     Compression  Elapsed Time (s)
H               2704,2704                       1.00        2.24
S               1,169,169                       1.00        2.24
B_out           2704,2704                       1.00        2.49
---------------------------------------------------------------------------
Final Operators (Elapsed Time: 2.82 s)
Step            Shape                     Compression
H               2704,2704                      36.12
S               2704,2704                     255.82
q               2704                            1.00
B_out           2704,2704                     946.00
===========================================================================
===========================================================================
Running TTAssembler.build()
Discretization: N = 16, G = 1, P = 1, A = 13, B = 13
Operators: H, S, B_out
---------------------------------------------------------------------------
  0%|          | 0/1 [00:00<?, ?it/s]
Assembling Patch 0
Step            Ranks                     Compression  Elapsed Time (s)
Intg_int        1,1                            84.25        2.18
Intg_str        1,2,2                          56.06        2.19
H               3,3,3,3,3,5                   132.61        2.19
S               1,1,1,1,1,1                 20086.86        2.19
Intg_out        1,3,4,4,3                     175.49        2.39
B_out           3,4,4,4,4,3                   173.43        2.39
---------------------------------------------------------------------------
Final Operators (Elapsed Time: 2.71 s)
Step            Ranks                     Compression
H               3,3,3,2                      4967.13
S               1,1,1,1                     20197.83
B_out           3,4,4,3                      2713.03
===========================================================================
Running batched GMRES on CPU
-- (1): |r| = 0.001383115335, |r|/|b| = 0.000039517581, Elapsed Time = 0.042 s
-- (2): |r| = 0.000113703049, |r|/|b| = 0.000003248659, Elapsed Time = 0.084 s
-- (3): |r| = 0.000005373632, |r|/|b| = 0.000000153532, Elapsed Time = 0.125 s
-- Converged!
Running batched GMRES on CPU
-- (1): |r| = 0.001422946949, |r|/|b| = 0.000040655627, Elapsed Time = 0.119 s
-- (2): |r| = 0.000114913425, |r|/|b| = 0.000003283241, Elapsed Time = 0.237 s
-- (3): |r| = 0.000005566419, |r|/|b| = 0.000000159041, Elapsed Time = 0.353 s
-- Converged!
Running batched GMRES on CPU
-- (1): |r| = 0.001398513585, |r|/|b| = 0.000039957531, Elapsed Time = 0.078 s
-- (2): |r| = 0.000114609009, |r|/|b| = 0.000003274543, Elapsed Time = 0.157 s
-- (3): |r| = 0.000005529342, |r|/|b| = 0.000000157981, Elapsed Time = 0.235 s
-- Converged!
Running batched GMRES on CPU
-- (1): |r| = 0.001436401498, |r|/|b| = 0.000041040043, Elapsed Time = 0.065 s
-- (2): |r| = 0.000115205562, |r|/|b| = 0.000003291587, Elapsed Time = 0.130 s
-- (3): |r| = 0.000005564414, |r|/|b| = 0.000000158983, Elapsed Time = 0.196 s
-- Converged!
Finished iteration! Run time = 9.984 s, Elapsed time = 24.042
================================================================================
Already ran case 7: N=16, G=1, A=13, B=13, p=3, q=3, eps=1e-08, device=gpu
================================================================================
Running case 8: N=16, G=1, A=13, B=13, p=3, q=3, eps=1e-05, device=cpu
Running batched GMRES on CPU
-- (1): |r| = 0.001436412588, |r|/|b| = 0.000041040360, Elapsed Time = 0.119 s
-- (2): |r| = 0.000115284311, |r|/|b| = 0.000003293837, Elapsed Time = 0.238 s
-- (3): |r| = 0.000005599898, |r|/|b| = 0.000000159997, Elapsed Time = 0.359 s
-- Converged!
Running batched GMRES on CPU
-- (1): |r| = 0.001408199409, |r|/|b| = 0.000040234269, Elapsed Time = 0.078 s
-- (2): |r| = 0.000114756249, |r|/|b| = 0.000003278750, Elapsed Time = 0.156 s
-- (3): |r| = 0.000005560533, |r|/|b| = 0.000000158872, Elapsed Time = 0.233 s
-- Converged!
Running batched GMRES on CPU
-- (1): |r| = 0.001431059952, |r|/|b| = 0.000040887427, Elapsed Time = 0.065 s
-- (2): |r| = 0.000115301508, |r|/|b| = 0.000003294329, Elapsed Time = 0.131 s
-- (3): |r| = 0.000005643065, |r|/|b| = 0.000000161230, Elapsed Time = 0.195 s
-- Converged!
Finished iteration! Run time = 3.266 s, Elapsed time = 27.388
================================================================================
Already ran case 9: N=16, G=1, A=13, B=13, p=3, q=3, eps=1e-05, device=gpu
================================================================================
Running case 10: N=16, G=1, A=13, B=13, p=3, q=3, eps=0.001, device=cpu
Running batched GMRES on CPU
-- (1): |r| = 0.001441602540, |r|/|b| = 0.000041188644, Elapsed Time = 0.117 s
-- (2): |r| = 0.000115368035, |r|/|b| = 0.000003296230, Elapsed Time = 0.233 s
-- (3): |r| = 0.000005610981, |r|/|b| = 0.000000160314, Elapsed Time = 0.347 s
-- Converged!
Running batched GMRES on CPU
-- (1): |r| = 0.001428913169, |r|/|b| = 0.000040826091, Elapsed Time = 0.078 s
-- (2): |r| = 0.000115010187, |r|/|b| = 0.000003286005, Elapsed Time = 0.156 s
-- (3): |r| = 0.000005600173, |r|/|b| = 0.000000160005, Elapsed Time = 0.236 s
-- Converged!
Running batched GMRES on CPU
-- (1): |r| = 0.001436650268, |r|/|b| = 0.000041047151, Elapsed Time = 0.065 s
-- (2): |r| = 0.000115729923, |r|/|b| = 0.000003306569, Elapsed Time = 0.131 s
-- (3): |r| = 0.000005749837, |r|/|b| = 0.000000164281, Elapsed Time = 0.195 s
-- Converged!
Finished iteration! Run time = 3.258 s, Elapsed time = 30.725
================================================================================
Already ran case 11: N=16, G=1, A=13, B=13, p=3, q=3, eps=0.001, device=gpu
IGAMesh(id=2, name=None, num_patches=1, reflective_boundaries=False)
  -> Patch(material=Source, source=IsotropicInternalSource, id=0, name=None, shape=(14, 14), backend=geomdl)
================================================================================
Running case 12: N=16, G=1, A=14, B=14, p=4, q=4, eps=1e-08, device=cpu
===========================================================================
Running MatrixAssembler.build()
Discretization: N = 16, G = 1, P = 1, A = 14, B = 14
Operators: H, S, q, B_out
---------------------------------------------------------------------------
  0%|          | 0/1 [00:00<?, ?it/s]
Assembling Patch 0
Step            Shape                     Compression  Elapsed Time (s)
H               3136,3136                       1.00        3.35
S               1,196,196                       1.00        3.35
B_out           3136,3136                       1.00        3.64
---------------------------------------------------------------------------
Final Operators (Elapsed Time: 3.94 s)
Step            Shape                     Compression
H               3136,3136                      27.12
S               3136,3136                     255.87
q               3136                            1.00
B_out           3136,3136                     994.49
===========================================================================
===========================================================================
Running TTAssembler.build()
Discretization: N = 16, G = 1, P = 1, A = 14, B = 14
Operators: H, S, B_out
---------------------------------------------------------------------------
  0%|          | 0/1 [00:00<?, ?it/s]
Assembling Patch 0
Step            Ranks                     Compression  Elapsed Time (s)
Intg_int        1,1                            97.75        3.28
Intg_str        1,2,2                          65.06        3.29
H               3,3,3,3,3,5                   154.20        3.29
S               1,1,1,1,1,1                 23527.50        3.29
Intg_out        1,3,4,4,3                     204.27        3.56
B_out           3,4,4,4,4,3                   202.19        3.56
---------------------------------------------------------------------------
Final Operators (Elapsed Time: 3.86 s)
Step            Ranks                     Compression
H               3,3,3,2                      5826.12
S               1,1,1,1                     23640.62
B_out           3,4,4,3                      3172.42
===========================================================================
Running batched GMRES on CPU
-- (1): |r| = 0.003125664202, |r|/|b| = 0.000093025720, Elapsed Time = 0.047 s
-- (2): |r| = 0.000442843761, |r|/|b| = 0.000013179874, Elapsed Time = 0.094 s
-- (3): |r| = 0.000168269014, |r|/|b| = 0.000005008006, Elapsed Time = 0.140 s
-- (4): |r| = 0.000054498103, |r|/|b| = 0.000001621967, Elapsed Time = 0.187 s
-- (5): |r| = 0.000022407647, |r|/|b| = 0.000000666894, Elapsed Time = 0.233 s
-- Converged!
Running batched GMRES on CPU
-- (1): |r| = 0.003140370448, |r|/|b| = 0.000093463406, Elapsed Time = 0.128 s
-- (2): |r| = 0.000452651102, |r|/|b| = 0.000013471759, Elapsed Time = 0.257 s
-- (3): |r| = 0.000168316789, |r|/|b| = 0.000005009428, Elapsed Time = 0.401 s
-- (4): |r| = 0.000054559285, |r|/|b| = 0.000001623788, Elapsed Time = 0.533 s
-- (5): |r| = 0.000022067618, |r|/|b| = 0.000000656774, Elapsed Time = 0.664 s
-- Converged!
Running batched GMRES on CPU
-- (1): |r| = 0.003139869232, |r|/|b| = 0.000093448489, Elapsed Time = 0.100 s
-- (2): |r| = 0.000448080967, |r|/|b| = 0.000013335743, Elapsed Time = 0.200 s
-- (3): |r| = 0.000169142748, |r|/|b| = 0.000005034010, Elapsed Time = 0.288 s
-- (4): |r| = 0.000054926350, |r|/|b| = 0.000001634713, Elapsed Time = 0.374 s
-- (5): |r| = 0.000022340620, |r|/|b| = 0.000000664899, Elapsed Time = 0.461 s
-- Converged!
Running batched GMRES on CPU
-- (1): |r| = 0.003137618154, |r|/|b| = 0.000093381493, Elapsed Time = 0.074 s
-- (2): |r| = 0.000451678735, |r|/|b| = 0.000013442819, Elapsed Time = 0.148 s
-- (3): |r| = 0.000168278701, |r|/|b| = 0.000005008295, Elapsed Time = 0.222 s
-- (4): |r| = 0.000054638694, |r|/|b| = 0.000001626152, Elapsed Time = 0.296 s
-- (5): |r| = 0.000022078303, |r|/|b| = 0.000000657092, Elapsed Time = 0.370 s
-- Converged!
Finished iteration! Run time = 14.041 s, Elapsed time = 44.890
================================================================================
Already ran case 13: N=16, G=1, A=14, B=14, p=4, q=4, eps=1e-08, device=gpu
================================================================================
Running case 14: N=16, G=1, A=14, B=14, p=4, q=4, eps=1e-05, device=cpu
Running batched GMRES on CPU
-- (1): |r| = 0.003149947196, |r|/|b| = 0.000093748428, Elapsed Time = 0.124 s
-- (2): |r| = 0.000453623569, |r|/|b| = 0.000013500701, Elapsed Time = 0.249 s
-- (3): |r| = 0.000168612717, |r|/|b| = 0.000005018236, Elapsed Time = 0.381 s
-- (4): |r| = 0.000054604055, |r|/|b| = 0.000001625121, Elapsed Time = 0.511 s
-- (5): |r| = 0.000022212463, |r|/|b| = 0.000000661085, Elapsed Time = 0.633 s
-- Converged!
Running batched GMRES on CPU
-- (1): |r| = 0.003140320259, |r|/|b| = 0.000093461912, Elapsed Time = 0.083 s
-- (2): |r| = 0.000450619520, |r|/|b| = 0.000013411295, Elapsed Time = 0.166 s
-- (3): |r| = 0.000168935798, |r|/|b| = 0.000005027851, Elapsed Time = 0.248 s
-- (4): |r| = 0.000054811400, |r|/|b| = 0.000001631292, Elapsed Time = 0.331 s
-- (5): |r| = 0.000022270945, |r|/|b| = 0.000000662826, Elapsed Time = 0.413 s
-- Converged!
Running batched GMRES on CPU
-- (1): |r| = 0.003168894657, |r|/|b| = 0.000094312341, Elapsed Time = 0.073 s
-- (2): |r| = 0.000451341625, |r|/|b| = 0.000013432786, Elapsed Time = 0.145 s
-- (3): |r| = 0.000168912908, |r|/|b| = 0.000005027170, Elapsed Time = 0.217 s
-- (4): |r| = 0.000054738130, |r|/|b| = 0.000001629111, Elapsed Time = 0.290 s
-- (5): |r| = 0.000022099684, |r|/|b| = 0.000000657729, Elapsed Time = 0.360 s
-- Converged!
Finished iteration! Run time = 4.099 s, Elapsed time = 49.069
================================================================================
Already ran case 15: N=16, G=1, A=14, B=14, p=4, q=4, eps=1e-05, device=gpu
================================================================================
Running case 16: N=16, G=1, A=14, B=14, p=4, q=4, eps=0.001, device=cpu
Running batched GMRES on CPU
-- (1): |r| = 0.003161520943, |r|/|b| = 0.000094092885, Elapsed Time = 0.124 s
-- (2): |r| = 0.000453481488, |r|/|b| = 0.000013496473, Elapsed Time = 0.246 s
-- (3): |r| = 0.000168195751, |r|/|b| = 0.000005005826, Elapsed Time = 0.367 s
-- (4): |r| = 0.000054333028, |r|/|b| = 0.000001617054, Elapsed Time = 0.487 s
-- (5): |r| = 0.000022055841, |r|/|b| = 0.000000656424, Elapsed Time = 0.607 s
-- Converged!
Running batched GMRES on CPU
-- (1): |r| = 0.003143253221, |r|/|b| = 0.000093549203, Elapsed Time = 0.082 s
-- (2): |r| = 0.000452293797, |r|/|b| = 0.000013461125, Elapsed Time = 0.164 s
-- (3): |r| = 0.000168426728, |r|/|b| = 0.000005012700, Elapsed Time = 0.245 s
-- (4): |r| = 0.000054522957, |r|/|b| = 0.000001622707, Elapsed Time = 0.327 s
-- (5): |r| = 0.000022218063, |r|/|b| = 0.000000661252, Elapsed Time = 0.408 s
-- Converged!
Running batched GMRES on CPU
-- (1): |r| = 0.003179832047, |r|/|b| = 0.000094637859, Elapsed Time = 0.072 s
-- (2): |r| = 0.000452501265, |r|/|b| = 0.000013467300, Elapsed Time = 0.143 s
-- (3): |r| = 0.000168006550, |r|/|b| = 0.000005000195, Elapsed Time = 0.215 s
-- (4): |r| = 0.000054131331, |r|/|b| = 0.000001611052, Elapsed Time = 0.285 s
-- (5): |r| = 0.000022003346, |r|/|b| = 0.000000654861, Elapsed Time = 0.355 s
-- Converged!
Finished iteration! Run time = 4.012 s, Elapsed time = 53.162
================================================================================
Already ran case 17: N=16, G=1, A=14, B=14, p=4, q=4, eps=0.001, device=gpu
IGAMesh(id=3, name=None, num_patches=1, reflective_boundaries=False)
  -> Patch(material=Source, source=IsotropicInternalSource, id=0, name=None, shape=(16, 16), backend=geomdl)
================================================================================
Running case 18: N=16, G=1, A=16, B=16, p=6, q=6, eps=1e-08, device=cpu
===========================================================================
Running MatrixAssembler.build()
Discretization: N = 16, G = 1, P = 1, A = 16, B = 16
Operators: H, S, q, B_out
---------------------------------------------------------------------------
  0%|          | 0/1 [00:00<?, ?it/s]
Assembling Patch 0
Step            Shape                     Compression  Elapsed Time (s)
H               4096,4096                       1.00        7.74
S               1,256,256                       1.00        7.75
B_out           4096,4096                       1.00        8.31
---------------------------------------------------------------------------
Final Operators (Elapsed Time: 8.63 s)
Step            Shape                     Compression
H               4096,4096                      18.94
S               4096,4096                     255.92
q               4096                            1.00
B_out           4096,4096                    1142.16
===========================================================================
===========================================================================
Running TTAssembler.build()
Discretization: N = 16, G = 1, P = 1, A = 16, B = 16
Operators: H, S, B_out
---------------------------------------------------------------------------
  0%|          | 0/1 [00:00<?, ?it/s]
Assembling Patch 0
Step            Ranks                     Compression  Elapsed Time (s)
Intg_int        1,1                           127.75        7.57
Intg_str        1,2,2                          85.06        7.60
H               3,3,3,3,3,5                   202.19        7.60
S               1,1,1,1,1,1                 31184.42        7.60
Intg_out        1,3,4,4,3                     268.25        8.09
B_out           3,4,4,4,4,3                   266.14        8.09
---------------------------------------------------------------------------
Final Operators (Elapsed Time: 8.4 s)
Step            Ranks                     Compression
H               3,3,3,2                      7738.57
S               1,1,1,1                     31300.78
B_out           3,4,4,3                      4194.30
===========================================================================
Running batched GMRES on CPU
-- (1): |r| = 0.005166198681, |r|/|b| = 0.000167423105, Elapsed Time = 0.056 s
-- (2): |r| = 0.001764605087, |r|/|b| = 0.000057186276, Elapsed Time = 0.113 s
-- (3): |r| = 0.000971900406, |r|/|b| = 0.000031496772, Elapsed Time = 0.169 s
-- (4): |r| = 0.000555438266, |r|/|b| = 0.000018000314, Elapsed Time = 0.224 s
-- (5): |r| = 0.000308531813, |r|/|b| = 0.000009998716, Elapsed Time = 0.280 s
-- (6): |r| = 0.000235927291, |r|/|b| = 0.000007645792, Elapsed Time = 0.336 s
-- (7): |r| = 0.000179829102, |r|/|b| = 0.000005827795, Elapsed Time = 0.392 s
-- (8): |r| = 0.000149637032, |r|/|b| = 0.000004849348, Elapsed Time = 0.447 s
-- (9): |r| = 0.000128308922, |r|/|b| = 0.000004158160, Elapsed Time = 0.503 s
-- (10): |r| = 0.000111222823, |r|/|b| = 0.000003604443, Elapsed Time = 0.559 s
-- (11): |r| = 0.000099799609, |r|/|b| = 0.000003234247, Elapsed Time = 0.614 s
-- (12): |r| = 0.000089305489, |r|/|b| = 0.000002894159, Elapsed Time = 0.670 s
-- (13): |r| = 0.000080657771, |r|/|b| = 0.000002613909, Elapsed Time = 0.727 s
-- (14): |r| = 0.000072784287, |r|/|b| = 0.000002358750, Elapsed Time = 0.782 s
-- (15): |r| = 0.000066737779, |r|/|b| = 0.000002162798, Elapsed Time = 0.844 s
-- (16): |r| = 0.000061887602, |r|/|b| = 0.000002005617, Elapsed Time = 0.900 s
-- (17): |r| = 0.000057804617, |r|/|b| = 0.000001873298, Elapsed Time = 0.955 s
-- (18): |r| = 0.000053721789, |r|/|b| = 0.000001740984, Elapsed Time = 1.017 s
-- (19): |r| = 0.000050148434, |r|/|b| = 0.000001625181, Elapsed Time = 1.076 s
-- (20): |r| = 0.000046796965, |r|/|b| = 0.000001516568, Elapsed Time = 1.135 s
-- (21): |r| = 0.000043709207, |r|/|b| = 0.000001416502, Elapsed Time = 1.194 s
-- (22): |r| = 0.000041306649, |r|/|b| = 0.000001338641, Elapsed Time = 1.255 s
-- (23): |r| = 0.000039196310, |r|/|b| = 0.000001270251, Elapsed Time = 1.315 s
-- (24): |r| = 0.000037182241, |r|/|b| = 0.000001204980, Elapsed Time = 1.374 s
-- (25): |r| = 0.000035214965, |r|/|b| = 0.000001141226, Elapsed Time = 1.433 s
-- (26): |r| = 0.000033391897, |r|/|b| = 0.000001082145, Elapsed Time = 1.492 s
-- (27): |r| = 0.000031654204, |r|/|b| = 0.000001025831, Elapsed Time = 1.555 s
-- (28): |r| = 0.000030178130, |r|/|b| = 0.000000977995, Elapsed Time = 1.614 s
-- Converged!
Running batched GMRES on CPU
-- (1): |r| = 0.005212865917, |r|/|b| = 0.000168935470, Elapsed Time = 0.133 s
-- (2): |r| = 0.001775116133, |r|/|b| = 0.000057526912, Elapsed Time = 0.265 s
-- (3): |r| = 0.000982654031, |r|/|b| = 0.000031845270, Elapsed Time = 0.402 s
-- (4): |r| = 0.000559927999, |r|/|b| = 0.000018145815, Elapsed Time = 0.536 s
-- (5): |r| = 0.000310875128, |r|/|b| = 0.000010074657, Elapsed Time = 0.670 s
-- (6): |r| = 0.000237445921, |r|/|b| = 0.000007695007, Elapsed Time = 0.802 s
-- (7): |r| = 0.000180913562, |r|/|b| = 0.000005862940, Elapsed Time = 0.934 s
-- (8): |r| = 0.000150256607, |r|/|b| = 0.000004869427, Elapsed Time = 1.069 s
-- (9): |r| = 0.000128786968, |r|/|b| = 0.000004173652, Elapsed Time = 1.203 s
-- (10): |r| = 0.000111734519, |r|/|b| = 0.000003621026, Elapsed Time = 1.338 s
-- (11): |r| = 0.000100300351, |r|/|b| = 0.000003250474, Elapsed Time = 1.473 s
-- (12): |r| = 0.000089586020, |r|/|b| = 0.000002903251, Elapsed Time = 1.606 s
-- (13): |r| = 0.000080928464, |r|/|b| = 0.000002622682, Elapsed Time = 1.738 s
-- (14): |r| = 0.000072987735, |r|/|b| = 0.000002365343, Elapsed Time = 1.869 s
-- (15): |r| = 0.000066847959, |r|/|b| = 0.000002166369, Elapsed Time = 2.002 s
-- (16): |r| = 0.000061980813, |r|/|b| = 0.000002008637, Elapsed Time = 2.135 s
-- (17): |r| = 0.000057824370, |r|/|b| = 0.000001873938, Elapsed Time = 2.267 s
-- (18): |r| = 0.000053707121, |r|/|b| = 0.000001740509, Elapsed Time = 2.402 s
-- (19): |r| = 0.000050091833, |r|/|b| = 0.000001623346, Elapsed Time = 2.537 s
-- (20): |r| = 0.000046621216, |r|/|b| = 0.000001510873, Elapsed Time = 2.670 s
-- (21): |r| = 0.000043584110, |r|/|b| = 0.000001412448, Elapsed Time = 2.802 s
-- (22): |r| = 0.000041337638, |r|/|b| = 0.000001339646, Elapsed Time = 2.932 s
-- (23): |r| = 0.000039262079, |r|/|b| = 0.000001272382, Elapsed Time = 3.064 s
-- (24): |r| = 0.000037257966, |r|/|b| = 0.000001207434, Elapsed Time = 3.196 s
-- (25): |r| = 0.000035294927, |r|/|b| = 0.000001143817, Elapsed Time = 3.331 s
-- (26): |r| = 0.000033517659, |r|/|b| = 0.000001086220, Elapsed Time = 3.465 s
-- (27): |r| = 0.000031737436, |r|/|b| = 0.000001028528, Elapsed Time = 3.600 s
-- (28): |r| = 0.000030218875, |r|/|b| = 0.000000979315, Elapsed Time = 3.733 s
-- Converged!
Running batched GMRES on CPU
-- (1): |r| = 0.005195535194, |r|/|b| = 0.000168373826, Elapsed Time = 0.094 s
-- (2): |r| = 0.001773952304, |r|/|b| = 0.000057489195, Elapsed Time = 0.188 s
-- (3): |r| = 0.000976641248, |r|/|b| = 0.000031650411, Elapsed Time = 0.284 s
-- (4): |r| = 0.000556445105, |r|/|b| = 0.000018032943, Elapsed Time = 0.378 s
-- (5): |r| = 0.000308989824, |r|/|b| = 0.000010013559, Elapsed Time = 0.472 s
-- (6): |r| = 0.000235563331, |r|/|b| = 0.000007633997, Elapsed Time = 0.568 s
-- (7): |r| = 0.000179079765, |r|/|b| = 0.000005803511, Elapsed Time = 0.663 s
-- (8): |r| = 0.000149368139, |r|/|b| = 0.000004840634, Elapsed Time = 0.758 s
-- (9): |r| = 0.000128025713, |r|/|b| = 0.000004148981, Elapsed Time = 0.852 s
-- (10): |r| = 0.000111032253, |r|/|b| = 0.000003598267, Elapsed Time = 0.947 s
-- (11): |r| = 0.000099573367, |r|/|b| = 0.000003226915, Elapsed Time = 1.045 s
-- (12): |r| = 0.000089148711, |r|/|b| = 0.000002889079, Elapsed Time = 1.141 s
-- (13): |r| = 0.000080528729, |r|/|b| = 0.000002609727, Elapsed Time = 1.236 s
-- (14): |r| = 0.000072730358, |r|/|b| = 0.000002357002, Elapsed Time = 1.330 s
-- (15): |r| = 0.000066750469, |r|/|b| = 0.000002163210, Elapsed Time = 1.424 s
-- (16): |r| = 0.000061965743, |r|/|b| = 0.000002008149, Elapsed Time = 1.516 s
-- (17): |r| = 0.000057814564, |r|/|b| = 0.000001873620, Elapsed Time = 1.608 s
-- (18): |r| = 0.000053688494, |r|/|b| = 0.000001739905, Elapsed Time = 1.701 s
-- (19): |r| = 0.000050099554, |r|/|b| = 0.000001623597, Elapsed Time = 1.794 s
-- (20): |r| = 0.000046674510, |r|/|b| = 0.000001512600, Elapsed Time = 1.888 s
-- (21): |r| = 0.000043653964, |r|/|b| = 0.000001414712, Elapsed Time = 1.981 s
-- (22): |r| = 0.000041346176, |r|/|b| = 0.000001339922, Elapsed Time = 2.075 s
-- (23): |r| = 0.000039252103, |r|/|b| = 0.000001272059, Elapsed Time = 2.169 s
-- (24): |r| = 0.000037201771, |r|/|b| = 0.000001205613, Elapsed Time = 2.263 s
-- (25): |r| = 0.000035262368, |r|/|b| = 0.000001142762, Elapsed Time = 2.355 s
-- (26): |r| = 0.000033471141, |r|/|b| = 0.000001084713, Elapsed Time = 2.447 s
-- (27): |r| = 0.000031692193, |r|/|b| = 0.000001027062, Elapsed Time = 2.540 s
-- (28): |r| = 0.000030238101, |r|/|b| = 0.000000979938, Elapsed Time = 2.632 s
-- Converged!
Running batched GMRES on CPU
-- (1): |r| = 0.005232850461, |r|/|b| = 0.000169583117, Elapsed Time = 0.082 s
-- (2): |r| = 0.001775661087, |r|/|b| = 0.000057544572, Elapsed Time = 0.163 s
-- (3): |r| = 0.000978534061, |r|/|b| = 0.000031711752, Elapsed Time = 0.244 s
-- (4): |r| = 0.000556764867, |r|/|b| = 0.000018043306, Elapsed Time = 0.323 s
-- (5): |r| = 0.000309968480, |r|/|b| = 0.000010045275, Elapsed Time = 0.403 s
-- (6): |r| = 0.000236520185, |r|/|b| = 0.000007665006, Elapsed Time = 0.483 s
-- (7): |r| = 0.000180741528, |r|/|b| = 0.000005857364, Elapsed Time = 0.563 s
-- (8): |r| = 0.000150198904, |r|/|b| = 0.000004867557, Elapsed Time = 0.642 s
-- (9): |r| = 0.000128939691, |r|/|b| = 0.000004178601, Elapsed Time = 0.722 s
-- (10): |r| = 0.000111845703, |r|/|b| = 0.000003624629, Elapsed Time = 0.806 s
-- (11): |r| = 0.000100223085, |r|/|b| = 0.000003247970, Elapsed Time = 0.885 s
-- (12): |r| = 0.000089552871, |r|/|b| = 0.000002902176, Elapsed Time = 0.966 s
-- (13): |r| = 0.000080939418, |r|/|b| = 0.000002623037, Elapsed Time = 1.047 s
-- (14): |r| = 0.000072992601, |r|/|b| = 0.000002365501, Elapsed Time = 1.128 s
-- (15): |r| = 0.000066802548, |r|/|b| = 0.000002164897, Elapsed Time = 1.212 s
-- (16): |r| = 0.000061916869, |r|/|b| = 0.000002006565, Elapsed Time = 1.293 s
-- (17): |r| = 0.000057845389, |r|/|b| = 0.000001874619, Elapsed Time = 1.375 s
-- (18): |r| = 0.000053773747, |r|/|b| = 0.000001742668, Elapsed Time = 1.455 s
-- (19): |r| = 0.000050172931, |r|/|b| = 0.000001625975, Elapsed Time = 1.536 s
-- (20): |r| = 0.000046763002, |r|/|b| = 0.000001515468, Elapsed Time = 1.616 s
-- (21): |r| = 0.000043723955, |r|/|b| = 0.000001416980, Elapsed Time = 1.697 s
-- (22): |r| = 0.000041460271, |r|/|b| = 0.000001343620, Elapsed Time = 1.777 s
-- (23): |r| = 0.000039343644, |r|/|b| = 0.000001275025, Elapsed Time = 1.857 s
-- (24): |r| = 0.000037302057, |r|/|b| = 0.000001208863, Elapsed Time = 1.937 s
-- (25): |r| = 0.000035292652, |r|/|b| = 0.000001143743, Elapsed Time = 2.016 s
-- (26): |r| = 0.000033512546, |r|/|b| = 0.000001086055, Elapsed Time = 2.097 s
-- (27): |r| = 0.000031686796, |r|/|b| = 0.000001026887, Elapsed Time = 2.177 s
-- (28): |r| = 0.000030140167, |r|/|b| = 0.000000976765, Elapsed Time = 2.258 s
-- Converged!
Finished iteration! Run time = 34.771 s, Elapsed time = 88.062
================================================================================
Already ran case 19: N=16, G=1, A=16, B=16, p=6, q=6, eps=1e-08, device=gpu
================================================================================
Running case 20: N=16, G=1, A=16, B=16, p=6, q=6, eps=1e-05, device=cpu
Running batched GMRES on CPU
-- (1): |r| = 0.005242607958, |r|/|b| = 0.000169899332, Elapsed Time = 0.136 s
-- (2): |r| = 0.001775625587, |r|/|b| = 0.000057543422, Elapsed Time = 0.274 s
-- (3): |r| = 0.000979878630, |r|/|b| = 0.000031755326, Elapsed Time = 0.409 s
-- (4): |r| = 0.000555815190, |r|/|b| = 0.000018012529, Elapsed Time = 0.543 s
-- (5): |r| = 0.000309844731, |r|/|b| = 0.000010041264, Elapsed Time = 0.678 s
-- (6): |r| = 0.000236889375, |r|/|b| = 0.000007676970, Elapsed Time = 0.812 s
-- (7): |r| = 0.000181540055, |r|/|b| = 0.000005883243, Elapsed Time = 0.945 s
-- (8): |r| = 0.000150820919, |r|/|b| = 0.000004887715, Elapsed Time = 1.078 s
-- (9): |r| = 0.000129379745, |r|/|b| = 0.000004192862, Elapsed Time = 1.211 s
-- (10): |r| = 0.000112324051, |r|/|b| = 0.000003640131, Elapsed Time = 1.345 s
-- (11): |r| = 0.000100738638, |r|/|b| = 0.000003264678, Elapsed Time = 1.476 s
-- (12): |r| = 0.000089924653, |r|/|b| = 0.000002914225, Elapsed Time = 1.611 s
-- (13): |r| = 0.000081300595, |r|/|b| = 0.000002634742, Elapsed Time = 1.744 s
-- (14): |r| = 0.000073229314, |r|/|b| = 0.000002373172, Elapsed Time = 1.878 s
-- (15): |r| = 0.000067077675, |r|/|b| = 0.000002173814, Elapsed Time = 2.012 s
-- (16): |r| = 0.000062121486, |r|/|b| = 0.000002013196, Elapsed Time = 2.144 s
-- (17): |r| = 0.000058050917, |r|/|b| = 0.000001881280, Elapsed Time = 2.277 s
-- (18): |r| = 0.000053929544, |r|/|b| = 0.000001747717, Elapsed Time = 2.412 s
-- (19): |r| = 0.000050232795, |r|/|b| = 0.000001627915, Elapsed Time = 2.546 s
-- (20): |r| = 0.000046932783, |r|/|b| = 0.000001520970, Elapsed Time = 2.680 s
-- (21): |r| = 0.000043973902, |r|/|b| = 0.000001425080, Elapsed Time = 2.812 s
-- (22): |r| = 0.000041712090, |r|/|b| = 0.000001351781, Elapsed Time = 2.945 s
-- (23): |r| = 0.000039562578, |r|/|b| = 0.000001282121, Elapsed Time = 3.077 s
-- (24): |r| = 0.000037525968, |r|/|b| = 0.000001216119, Elapsed Time = 3.208 s
-- (25): |r| = 0.000035482071, |r|/|b| = 0.000001149882, Elapsed Time = 3.340 s
-- (26): |r| = 0.000033649670, |r|/|b| = 0.000001090499, Elapsed Time = 3.472 s
-- (27): |r| = 0.000031982483, |r|/|b| = 0.000001036469, Elapsed Time = 3.606 s
-- (28): |r| = 0.000030442226, |r|/|b| = 0.000000986554, Elapsed Time = 3.738 s
-- Converged!
Running batched GMRES on CPU
-- (1): |r| = 0.005229968715, |r|/|b| = 0.000169489727, Elapsed Time = 0.096 s
-- (2): |r| = 0.001775425706, |r|/|b| = 0.000057536944, Elapsed Time = 0.191 s
-- (3): |r| = 0.000981966989, |r|/|b| = 0.000031823004, Elapsed Time = 0.284 s
-- (4): |r| = 0.000556695795, |r|/|b| = 0.000018041067, Elapsed Time = 0.378 s
-- (5): |r| = 0.000310181922, |r|/|b| = 0.000010052192, Elapsed Time = 0.473 s
-- (6): |r| = 0.000236806219, |r|/|b| = 0.000007674276, Elapsed Time = 0.567 s
-- (7): |r| = 0.000181056508, |r|/|b| = 0.000005867572, Elapsed Time = 0.662 s
-- (8): |r| = 0.000150389754, |r|/|b| = 0.000004873742, Elapsed Time = 0.757 s
-- (9): |r| = 0.000129056966, |r|/|b| = 0.000004182402, Elapsed Time = 0.853 s
-- (10): |r| = 0.000111981063, |r|/|b| = 0.000003629016, Elapsed Time = 0.947 s
-- (11): |r| = 0.000100391534, |r|/|b| = 0.000003253429, Elapsed Time = 1.040 s
-- (12): |r| = 0.000089739409, |r|/|b| = 0.000002908222, Elapsed Time = 1.133 s
-- (13): |r| = 0.000081080879, |r|/|b| = 0.000002627621, Elapsed Time = 1.226 s
-- (14): |r| = 0.000073146644, |r|/|b| = 0.000002370493, Elapsed Time = 1.318 s
-- (15): |r| = 0.000066961996, |r|/|b| = 0.000002170065, Elapsed Time = 1.411 s
-- (16): |r| = 0.000062117376, |r|/|b| = 0.000002013063, Elapsed Time = 1.507 s
-- (17): |r| = 0.000057985468, |r|/|b| = 0.000001879159, Elapsed Time = 1.601 s
-- (18): |r| = 0.000053809423, |r|/|b| = 0.000001743824, Elapsed Time = 1.695 s
-- (19): |r| = 0.000050180272, |r|/|b| = 0.000001626213, Elapsed Time = 1.788 s
-- (20): |r| = 0.000046799728, |r|/|b| = 0.000001516658, Elapsed Time = 1.882 s
-- (21): |r| = 0.000043740062, |r|/|b| = 0.000001417502, Elapsed Time = 1.974 s
-- (22): |r| = 0.000041514674, |r|/|b| = 0.000001345383, Elapsed Time = 2.067 s
-- (23): |r| = 0.000039374869, |r|/|b| = 0.000001276037, Elapsed Time = 2.162 s
-- (24): |r| = 0.000037386366, |r|/|b| = 0.000001211595, Elapsed Time = 2.256 s
-- (25): |r| = 0.000035340141, |r|/|b| = 0.000001145282, Elapsed Time = 2.350 s
-- (26): |r| = 0.000033558165, |r|/|b| = 0.000001087533, Elapsed Time = 2.446 s
-- (27): |r| = 0.000031744190, |r|/|b| = 0.000001028747, Elapsed Time = 2.539 s
-- (28): |r| = 0.000030182286, |r|/|b| = 0.000000978130, Elapsed Time = 2.644 s
-- Converged!
Running batched GMRES on CPU
-- (1): |r| = 0.005246152525, |r|/|b| = 0.000170014202, Elapsed Time = 0.080 s
-- (2): |r| = 0.001775142910, |r|/|b| = 0.000057527779, Elapsed Time = 0.161 s
-- (3): |r| = 0.000980543553, |r|/|b| = 0.000031776874, Elapsed Time = 0.242 s
-- (4): |r| = 0.000556881798, |r|/|b| = 0.000018047095, Elapsed Time = 0.323 s
-- (5): |r| = 0.000310438953, |r|/|b| = 0.000010060522, Elapsed Time = 0.404 s
-- (6): |r| = 0.000237292394, |r|/|b| = 0.000007690031, Elapsed Time = 0.484 s
-- (7): |r| = 0.000181757976, |r|/|b| = 0.000005890305, Elapsed Time = 0.564 s
-- (8): |r| = 0.000150867027, |r|/|b| = 0.000004889209, Elapsed Time = 0.645 s
-- (9): |r| = 0.000129531000, |r|/|b| = 0.000004197764, Elapsed Time = 0.725 s
-- (10): |r| = 0.000112293266, |r|/|b| = 0.000003639134, Elapsed Time = 0.806 s
-- (11): |r| = 0.000100697339, |r|/|b| = 0.000003263340, Elapsed Time = 0.887 s
-- (12): |r| = 0.000089971727, |r|/|b| = 0.000002915750, Elapsed Time = 0.966 s
-- (13): |r| = 0.000081379022, |r|/|b| = 0.000002637283, Elapsed Time = 1.045 s
-- (14): |r| = 0.000073247101, |r|/|b| = 0.000002373749, Elapsed Time = 1.123 s
-- (15): |r| = 0.000067078631, |r|/|b| = 0.000002173845, Elapsed Time = 1.203 s
-- (16): |r| = 0.000062148037, |r|/|b| = 0.000002014057, Elapsed Time = 1.282 s
-- (17): |r| = 0.000058072537, |r|/|b| = 0.000001881980, Elapsed Time = 1.361 s
-- (18): |r| = 0.000053946009, |r|/|b| = 0.000001748250, Elapsed Time = 1.441 s
-- (19): |r| = 0.000050270400, |r|/|b| = 0.000001629133, Elapsed Time = 1.520 s
-- (20): |r| = 0.000046925627, |r|/|b| = 0.000001520738, Elapsed Time = 1.600 s
-- (21): |r| = 0.000043868969, |r|/|b| = 0.000001421680, Elapsed Time = 1.680 s
-- (22): |r| = 0.000041627946, |r|/|b| = 0.000001349054, Elapsed Time = 1.761 s
-- (23): |r| = 0.000039513701, |r|/|b| = 0.000001280537, Elapsed Time = 1.842 s
-- (24): |r| = 0.000037432565, |r|/|b| = 0.000001213092, Elapsed Time = 1.924 s
-- (25): |r| = 0.000035414059, |r|/|b| = 0.000001147678, Elapsed Time = 2.005 s
-- (26): |r| = 0.000033597192, |r|/|b| = 0.000001088798, Elapsed Time = 2.087 s
-- (27): |r| = 0.000031919870, |r|/|b| = 0.000001034440, Elapsed Time = 2.168 s
-- (28): |r| = 0.000030416713, |r|/|b| = 0.000000985727, Elapsed Time = 2.249 s
-- Converged!
Finished iteration! Run time = 11.428 s, Elapsed time = 99.571
================================================================================
Already ran case 21: N=16, G=1, A=16, B=16, p=6, q=6, eps=1e-05, device=gpu
================================================================================
Running case 22: N=16, G=1, A=16, B=16, p=6, q=6, eps=0.001, device=cpu
Running batched GMRES on CPU
-- (1): |r| = 0.005249444750, |r|/|b| = 0.000170120895, Elapsed Time = 0.135 s
-- (2): |r| = 0.001776840551, |r|/|b| = 0.000057582796, Elapsed Time = 0.270 s
-- (3): |r| = 0.000981063611, |r|/|b| = 0.000031793728, Elapsed Time = 0.405 s
-- (4): |r| = 0.000556262575, |r|/|b| = 0.000018027028, Elapsed Time = 0.539 s
-- (5): |r| = 0.000310096553, |r|/|b| = 0.000010049425, Elapsed Time = 0.674 s
-- (6): |r| = 0.000236759176, |r|/|b| = 0.000007672751, Elapsed Time = 0.811 s
-- (7): |r| = 0.000181299832, |r|/|b| = 0.000005875458, Elapsed Time = 0.946 s
-- (8): |r| = 0.000150553564, |r|/|b| = 0.000004879051, Elapsed Time = 1.081 s
-- (9): |r| = 0.000129305196, |r|/|b| = 0.000004190446, Elapsed Time = 1.216 s
-- (10): |r| = 0.000112161973, |r|/|b| = 0.000003634879, Elapsed Time = 1.349 s
-- (11): |r| = 0.000100589929, |r|/|b| = 0.000003259859, Elapsed Time = 1.482 s
-- (12): |r| = 0.000089859002, |r|/|b| = 0.000002912097, Elapsed Time = 1.623 s
-- (13): |r| = 0.000081303603, |r|/|b| = 0.000002634839, Elapsed Time = 1.761 s
-- (14): |r| = 0.000073160348, |r|/|b| = 0.000002370937, Elapsed Time = 1.899 s
-- (15): |r| = 0.000067064571, |r|/|b| = 0.000002173389, Elapsed Time = 2.030 s
-- (16): |r| = 0.000062108682, |r|/|b| = 0.000002012781, Elapsed Time = 2.160 s
-- (17): |r| = 0.000057983248, |r|/|b| = 0.000001879087, Elapsed Time = 2.289 s
-- (18): |r| = 0.000053839229, |r|/|b| = 0.000001744790, Elapsed Time = 2.418 s
-- (19): |r| = 0.000050208607, |r|/|b| = 0.000001627131, Elapsed Time = 2.548 s
-- (20): |r| = 0.000046833163, |r|/|b| = 0.000001517741, Elapsed Time = 2.678 s
-- (21): |r| = 0.000043710395, |r|/|b| = 0.000001416541, Elapsed Time = 2.807 s
-- (22): |r| = 0.000041384837, |r|/|b| = 0.000001341175, Elapsed Time = 2.937 s
-- (23): |r| = 0.000039295746, |r|/|b| = 0.000001273473, Elapsed Time = 3.066 s
-- (24): |r| = 0.000037246720, |r|/|b| = 0.000001207070, Elapsed Time = 3.197 s
-- (25): |r| = 0.000035238626, |r|/|b| = 0.000001141992, Elapsed Time = 3.326 s
-- (26): |r| = 0.000033487439, |r|/|b| = 0.000001085241, Elapsed Time = 3.455 s
-- (27): |r| = 0.000031691752, |r|/|b| = 0.000001027048, Elapsed Time = 3.584 s
-- (28): |r| = 0.000030184006, |r|/|b| = 0.000000978185, Elapsed Time = 3.715 s
-- Converged!
Running batched GMRES on CPU
-- (1): |r| = 0.005232848114, |r|/|b| = 0.000169583041, Elapsed Time = 0.091 s
-- (2): |r| = 0.001776744064, |r|/|b| = 0.000057579669, Elapsed Time = 0.182 s
-- (3): |r| = 0.000981973989, |r|/|b| = 0.000031823231, Elapsed Time = 0.272 s
-- (4): |r| = 0.000556507372, |r|/|b| = 0.000018034961, Elapsed Time = 0.362 s
-- (5): |r| = 0.000310066175, |r|/|b| = 0.000010048441, Elapsed Time = 0.458 s
-- (6): |r| = 0.000236558002, |r|/|b| = 0.000007666232, Elapsed Time = 0.547 s
-- (7): |r| = 0.000180674210, |r|/|b| = 0.000005855183, Elapsed Time = 0.636 s
-- (8): |r| = 0.000150227039, |r|/|b| = 0.000004868469, Elapsed Time = 0.728 s
-- (9): |r| = 0.000128958225, |r|/|b| = 0.000004179202, Elapsed Time = 0.819 s
-- (10): |r| = 0.000111931430, |r|/|b| = 0.000003627407, Elapsed Time = 0.910 s
-- (11): |r| = 0.000100332284, |r|/|b| = 0.000003251509, Elapsed Time = 1.002 s
-- (12): |r| = 0.000089706378, |r|/|b| = 0.000002907151, Elapsed Time = 1.092 s
-- (13): |r| = 0.000081069998, |r|/|b| = 0.000002627268, Elapsed Time = 1.190 s
-- (14): |r| = 0.000073052749, |r|/|b| = 0.000002367450, Elapsed Time = 1.279 s
-- (15): |r| = 0.000066966947, |r|/|b| = 0.000002170225, Elapsed Time = 1.370 s
-- (16): |r| = 0.000062080161, |r|/|b| = 0.000002011857, Elapsed Time = 1.460 s
-- (17): |r| = 0.000057970265, |r|/|b| = 0.000001878666, Elapsed Time = 1.549 s
-- (18): |r| = 0.000053822800, |r|/|b| = 0.000001744257, Elapsed Time = 1.638 s
-- (19): |r| = 0.000050168962, |r|/|b| = 0.000001625846, Elapsed Time = 1.727 s
-- (20): |r| = 0.000046876212, |r|/|b| = 0.000001519137, Elapsed Time = 1.817 s
-- (21): |r| = 0.000043878974, |r|/|b| = 0.000001422004, Elapsed Time = 1.910 s
-- (22): |r| = 0.000041595185, |r|/|b| = 0.000001347992, Elapsed Time = 2.001 s
-- (23): |r| = 0.000039384746, |r|/|b| = 0.000001276358, Elapsed Time = 2.094 s
-- (24): |r| = 0.000037396954, |r|/|b| = 0.000001211938, Elapsed Time = 2.185 s
-- (25): |r| = 0.000035333470, |r|/|b| = 0.000001145066, Elapsed Time = 2.274 s
-- (26): |r| = 0.000033563816, |r|/|b| = 0.000001087716, Elapsed Time = 2.362 s
-- (27): |r| = 0.000031715493, |r|/|b| = 0.000001027817, Elapsed Time = 2.451 s
-- (28): |r| = 0.000030166524, |r|/|b| = 0.000000977619, Elapsed Time = 2.540 s
-- Converged!
Running batched GMRES on CPU
-- (1): |r| = 0.005247363564, |r|/|b| = 0.000170053449, Elapsed Time = 0.076 s
-- (2): |r| = 0.001775586588, |r|/|b| = 0.000057542158, Elapsed Time = 0.152 s
-- (3): |r| = 0.000981489974, |r|/|b| = 0.000031807545, Elapsed Time = 0.229 s
-- (4): |r| = 0.000556922899, |r|/|b| = 0.000018048427, Elapsed Time = 0.305 s
-- (5): |r| = 0.000310577754, |r|/|b| = 0.000010065020, Elapsed Time = 0.382 s
-- (6): |r| = 0.000237472282, |r|/|b| = 0.000007695861, Elapsed Time = 0.458 s
-- (7): |r| = 0.000181841165, |r|/|b| = 0.000005893001, Elapsed Time = 0.534 s
-- (8): |r| = 0.000150911797, |r|/|b| = 0.000004890660, Elapsed Time = 0.610 s
-- (9): |r| = 0.000129504819, |r|/|b| = 0.000004196915, Elapsed Time = 0.686 s
-- (10): |r| = 0.000112466120, |r|/|b| = 0.000003644735, Elapsed Time = 0.763 s
-- (11): |r| = 0.000100811949, |r|/|b| = 0.000003267054, Elapsed Time = 0.839 s
-- (12): |r| = 0.000089977342, |r|/|b| = 0.000002915932, Elapsed Time = 0.915 s
-- (13): |r| = 0.000081368317, |r|/|b| = 0.000002636936, Elapsed Time = 0.991 s
-- (14): |r| = 0.000073216944, |r|/|b| = 0.000002372771, Elapsed Time = 1.067 s
-- (15): |r| = 0.000066992136, |r|/|b| = 0.000002171041, Elapsed Time = 1.144 s
-- (16): |r| = 0.000062096750, |r|/|b| = 0.000002012395, Elapsed Time = 1.220 s
-- (17): |r| = 0.000058010389, |r|/|b| = 0.000001879966, Elapsed Time = 1.296 s
-- (18): |r| = 0.000053883745, |r|/|b| = 0.000001746232, Elapsed Time = 1.371 s
-- (19): |r| = 0.000050225718, |r|/|b| = 0.000001627685, Elapsed Time = 1.448 s
-- (20): |r| = 0.000046888433, |r|/|b| = 0.000001519533, Elapsed Time = 1.525 s
-- (21): |r| = 0.000043869112, |r|/|b| = 0.000001421684, Elapsed Time = 1.601 s
-- (22): |r| = 0.000041577295, |r|/|b| = 0.000001347412, Elapsed Time = 1.678 s
-- (23): |r| = 0.000039489140, |r|/|b| = 0.000001279741, Elapsed Time = 1.755 s
-- (24): |r| = 0.000037489498, |r|/|b| = 0.000001214937, Elapsed Time = 1.831 s
-- (25): |r| = 0.000035414469, |r|/|b| = 0.000001147691, Elapsed Time = 1.907 s
-- (26): |r| = 0.000033626322, |r|/|b| = 0.000001089742, Elapsed Time = 1.984 s
-- (27): |r| = 0.000031913407, |r|/|b| = 0.000001034231, Elapsed Time = 2.060 s
-- (28): |r| = 0.000030365754, |r|/|b| = 0.000000984075, Elapsed Time = 2.136 s
-- Converged!
Finished iteration! Run time = 11.151 s, Elapsed time = 110.804
================================================================================
Already ran case 23: N=16, G=1, A=16, B=16, p=6, q=6, eps=0.001, device=gpu
IGAMesh(id=4, name=None, num_patches=1, reflective_boundaries=False)
  -> Patch(material=Source, source=IsotropicInternalSource, id=0, name=None, shape=(12, 12), backend=geomdl)
================================================================================
Running case 24: N=64, G=1, A=12, B=12, p=2, q=2, eps=1e-08, device=cpu
===========================================================================
Running MatrixAssembler.build()
Discretization: N = 64, G = 1, P = 1, A = 12, B = 12
Operators: H, S, q, B_out
---------------------------------------------------------------------------
  0%|          | 0/1 [00:00<?, ?it/s]
Assembling Patch 0
Step            Shape                     Compression  Elapsed Time (s)
H               9216,9216                       1.00        1.73
S               1,144,144                       1.00        1.74
B_out           9216,9216                       1.00        1.93
---------------------------------------------------------------------------
Final Operators (Elapsed Time: 2.23 s)
Step            Shape                     Compression
H               9216,9216                     222.07
S               9216,9216                    4081.83
q               9216                            1.00
B_out           9216,9216                    3706.83
===========================================================================
===========================================================================
Running TTAssembler.build()
Discretization: N = 64, G = 1, P = 1, A = 12, B = 12
Operators: H, S, B_out
---------------------------------------------------------------------------
  0%|          | 0/1 [00:00<?, ?it/s]
Assembling Patch 0
Step            Ranks                     Compression  Elapsed Time (s)
Intg_int        1,1                            71.75        1.64
Intg_str        1,2,2                          47.72        1.64
H               3,3,3,3,3,5                   445.04        1.64
S               1,1,1,1,1,1                251285.96        1.64
Intg_out        1,3,4,4,3                     580.79        1.79
B_out           3,4,4,4,4,3                   573.02        1.79
---------------------------------------------------------------------------
Final Operators (Elapsed Time: 2.11 s)
Step            Ranks                     Compression
H               3,3,3,2                     57079.74
S               1,1,1,1                    252781.71
B_out           3,4,4,3                     31978.41
===========================================================================
Running batched GMRES on CPU
-- (1): |r| = 0.000591935079, |r|/|b| = 0.000008121061, Elapsed Time = 0.081 s
-- (2): |r| = 0.000000306774, |r|/|b| = 0.000000004209, Elapsed Time = 0.160 s
-- Converged!
Running batched GMRES on CPU
-- (1): |r| = 0.000591935079, |r|/|b| = 0.000008121061, Elapsed Time = 0.233 s
-- (2): |r| = 0.000000306938, |r|/|b| = 0.000000004211, Elapsed Time = 0.466 s
-- Converged!
Running batched GMRES on CPU
-- (1): |r| = 0.000591935079, |r|/|b| = 0.000008121061, Elapsed Time = 0.168 s
-- (2): |r| = 0.000000306937, |r|/|b| = 0.000000004211, Elapsed Time = 0.340 s
-- Converged!
Running batched GMRES on CPU
-- (1): |r| = 0.000591935079, |r|/|b| = 0.000008121061, Elapsed Time = 0.123 s
-- (2): |r| = 0.000000307004, |r|/|b| = 0.000000004212, Elapsed Time = 0.245 s
-- Converged!
Finished iteration! Run time = 10.610 s, Elapsed time = 121.541
================================================================================
Already ran case 25: N=64, G=1, A=12, B=12, p=2, q=2, eps=1e-08, device=gpu
================================================================================
Running case 26: N=64, G=1, A=12, B=12, p=2, q=2, eps=1e-05, device=cpu
Running batched GMRES on CPU
-- (1): |r| = 0.000591935079, |r|/|b| = 0.000008121061, Elapsed Time = 0.232 s
-- (2): |r| = 0.000000306933, |r|/|b| = 0.000000004211, Elapsed Time = 0.461 s
-- Converged!
Running batched GMRES on CPU
-- (1): |r| = 0.000591935079, |r|/|b| = 0.000008121061, Elapsed Time = 0.171 s
-- (2): |r| = 0.000000306939, |r|/|b| = 0.000000004211, Elapsed Time = 0.340 s
-- Converged!
Running batched GMRES on CPU
-- (1): |r| = 0.000591935079, |r|/|b| = 0.000008121061, Elapsed Time = 0.120 s
-- (2): |r| = 0.000000307014, |r|/|b| = 0.000000004212, Elapsed Time = 0.236 s
-- Converged!
Finished iteration! Run time = 5.346 s, Elapsed time = 126.969
================================================================================
Already ran case 27: N=64, G=1, A=12, B=12, p=2, q=2, eps=1e-05, device=gpu
================================================================================
Running case 28: N=64, G=1, A=12, B=12, p=2, q=2, eps=0.001, device=cpu
Running batched GMRES on CPU
-- (1): |r| = 0.000591935079, |r|/|b| = 0.000008121061, Elapsed Time = 0.234 s
-- (2): |r| = 0.000000307033, |r|/|b| = 0.000000004212, Elapsed Time = 0.466 s
-- Converged!
Running batched GMRES on CPU
-- (1): |r| = 0.000591935079, |r|/|b| = 0.000008121061, Elapsed Time = 0.173 s
-- (2): |r| = 0.000000306996, |r|/|b| = 0.000000004212, Elapsed Time = 0.343 s
-- Converged!
Running batched GMRES on CPU
-- (1): |r| = 0.000591935079, |r|/|b| = 0.000008121061, Elapsed Time = 0.120 s
-- (2): |r| = 0.000000306951, |r|/|b| = 0.000000004211, Elapsed Time = 0.245 s
-- Converged!
Finished iteration! Run time = 5.318 s, Elapsed time = 132.370
================================================================================
Already ran case 29: N=64, G=1, A=12, B=12, p=2, q=2, eps=0.001, device=gpu
IGAMesh(id=5, name=None, num_patches=1, reflective_boundaries=False)
  -> Patch(material=Source, source=IsotropicInternalSource, id=0, name=None, shape=(13, 13), backend=geomdl)
================================================================================
Running case 30: N=64, G=1, A=13, B=13, p=3, q=3, eps=1e-08, device=cpu
===========================================================================
Running MatrixAssembler.build()
Discretization: N = 64, G = 1, P = 1, A = 13, B = 13
Operators: H, S, q, B_out
---------------------------------------------------------------------------
  0%|          | 0/1 [00:00<?, ?it/s]
Assembling Patch 0
Step            Shape                     Compression  Elapsed Time (s)
H               10816,10816                     1.00        2.37
S               1,169,169                       1.00        2.37
B_out           10816,10816                     1.00        2.64
---------------------------------------------------------------------------
Final Operators (Elapsed Time: 2.97 s)
Step            Shape                     Compression
H               10816,10816                   144.49
S               10816,10816                  4085.70
q               10816                           1.00
B_out           10816,10816                  3784.36
===========================================================================
===========================================================================
Running TTAssembler.build()
Discretization: N = 64, G = 1, P = 1, A = 13, B = 13
Operators: H, S, B_out
---------------------------------------------------------------------------
  0%|          | 0/1 [00:00<?, ?it/s]
Assembling Patch 0
Step            Ranks                     Compression  Elapsed Time (s)
Intg_int        1,1                            84.25        2.22
Intg_str        1,2,2                          56.06        2.23
H               3,3,3,3,3,5                   524.96        2.23
S               1,1,1,1,1,1                301509.94        2.23
Intg_out        1,3,4,4,3                     687.18        2.44
B_out           3,4,4,4,4,3                   679.27        2.44
---------------------------------------------------------------------------
Final Operators (Elapsed Time: 2.76 s)
Step            Ranks                     Compression
H               3,3,3,2                     69304.42
S               1,1,1,1                    303072.17
B_out           3,4,4,3                     38596.46
===========================================================================
Running batched GMRES on CPU
-- (1): |r| = 0.003876381328, |r|/|b| = 0.000055376876, Elapsed Time = 0.095 s
-- (2): |r| = 0.000324692186, |r|/|b| = 0.000004638460, Elapsed Time = 0.190 s
-- (3): |r| = 0.000042568639, |r|/|b| = 0.000000608123, Elapsed Time = 0.284 s
-- Converged!
Running batched GMRES on CPU
-- (1): |r| = 0.003876423445, |r|/|b| = 0.000055377478, Elapsed Time = 0.255 s
-- (2): |r| = 0.000324692102, |r|/|b| = 0.000004638459, Elapsed Time = 0.507 s
-- (3): |r| = 0.000042561716, |r|/|b| = 0.000000608025, Elapsed Time = 0.760 s
-- Converged!
Running batched GMRES on CPU
-- (1): |r| = 0.003876442813, |r|/|b| = 0.000055377754, Elapsed Time = 0.186 s
-- (2): |r| = 0.000324692122, |r|/|b| = 0.000004638459, Elapsed Time = 0.369 s
-- (3): |r| = 0.000042575316, |r|/|b| = 0.000000608219, Elapsed Time = 0.554 s
-- Converged!
Running batched GMRES on CPU
-- (1): |r| = 0.003877802157, |r|/|b| = 0.000055397174, Elapsed Time = 0.154 s
-- (2): |r| = 0.000324688136, |r|/|b| = 0.000004638402, Elapsed Time = 0.298 s
-- (3): |r| = 0.000042759424, |r|/|b| = 0.000000610849, Elapsed Time = 0.447 s
-- Converged!
Finished iteration! Run time = 13.367 s, Elapsed time = 145.866
================================================================================
Already ran case 31: N=64, G=1, A=13, B=13, p=3, q=3, eps=1e-08, device=gpu
================================================================================
Running case 32: N=64, G=1, A=13, B=13, p=3, q=3, eps=1e-05, device=cpu
Running batched GMRES on CPU
-- (1): |r| = 0.003876753056, |r|/|b| = 0.000055382187, Elapsed Time = 0.213 s
-- (2): |r| = 0.000324691104, |r|/|b| = 0.000004638444, Elapsed Time = 0.423 s
-- (3): |r| = 0.000042603235, |r|/|b| = 0.000000608618, Elapsed Time = 0.633 s
-- Converged!
Running batched GMRES on CPU
-- (1): |r| = 0.003876782529, |r|/|b| = 0.000055382608, Elapsed Time = 0.161 s
-- (2): |r| = 0.000324691066, |r|/|b| = 0.000004638444, Elapsed Time = 0.320 s
-- (3): |r| = 0.000042598212, |r|/|b| = 0.000000608546, Elapsed Time = 0.479 s
-- Converged!
Running batched GMRES on CPU
-- (1): |r| = 0.003876595660, |r|/|b| = 0.000055379938, Elapsed Time = 0.121 s
-- (2): |r| = 0.000324691843, |r|/|b| = 0.000004638455, Elapsed Time = 0.247 s
-- (3): |r| = 0.000042653145, |r|/|b| = 0.000000609331, Elapsed Time = 0.375 s
-- Converged!
Finished iteration! Run time = 5.518 s, Elapsed time = 151.466
================================================================================
Already ran case 33: N=64, G=1, A=13, B=13, p=3, q=3, eps=1e-05, device=gpu
================================================================================
Running case 34: N=64, G=1, A=13, B=13, p=3, q=3, eps=0.001, device=cpu
Running batched GMRES on CPU
-- (1): |r| = 0.003876848670, |r|/|b| = 0.000055383552, Elapsed Time = 0.215 s
-- (2): |r| = 0.000324690669, |r|/|b| = 0.000004638438, Elapsed Time = 0.430 s
-- (3): |r| = 0.000042659579, |r|/|b| = 0.000000609423, Elapsed Time = 0.641 s
-- Converged!
Running batched GMRES on CPU
-- (1): |r| = 0.003877045752, |r|/|b| = 0.000055386368, Elapsed Time = 0.155 s
-- (2): |r| = 0.000324690218, |r|/|b| = 0.000004638432, Elapsed Time = 0.311 s
-- (3): |r| = 0.000042681099, |r|/|b| = 0.000000609730, Elapsed Time = 0.468 s
-- Converged!
Running batched GMRES on CPU
-- (1): |r| = 0.003876824454, |r|/|b| = 0.000055383206, Elapsed Time = 0.117 s
-- (2): |r| = 0.000324690893, |r|/|b| = 0.000004638441, Elapsed Time = 0.242 s
-- (3): |r| = 0.000042662664, |r|/|b| = 0.000000609467, Elapsed Time = 0.363 s
-- Converged!
Finished iteration! Run time = 5.340 s, Elapsed time = 156.888
================================================================================
Already ran case 35: N=64, G=1, A=13, B=13, p=3, q=3, eps=0.001, device=gpu
IGAMesh(id=6, name=None, num_patches=1, reflective_boundaries=False)
  -> Patch(material=Source, source=IsotropicInternalSource, id=0, name=None, shape=(14, 14), backend=geomdl)
================================================================================
Running case 36: N=64, G=1, A=14, B=14, p=4, q=4, eps=1e-08, device=cpu
===========================================================================
Running MatrixAssembler.build()
Discretization: N = 64, G = 1, P = 1, A = 14, B = 14
Operators: H, S, q, B_out
---------------------------------------------------------------------------
  0%|          | 0/1 [00:00<?, ?it/s]
Assembling Patch 0
Step            Shape                     Compression  Elapsed Time (s)
H               12544,12544                     1.00        3.54
S               1,196,196                       1.00        3.55
B_out           12544,12544                     1.00        3.88
---------------------------------------------------------------------------
Final Operators (Elapsed Time: 4.19 s)
Step            Shape                     Compression
H               12544,12544                   108.46
S               12544,12544                  4088.34
q               12544                           1.00
B_out           12544,12544                  3978.26
===========================================================================
===========================================================================
Running TTAssembler.build()
Discretization: N = 64, G = 1, P = 1, A = 14, B = 14
Operators: H, S, B_out
---------------------------------------------------------------------------
  0%|          | 0/1 [00:00<?, ?it/s]
Assembling Patch 0
Step            Ranks                     Compression  Elapsed Time (s)
Intg_int        1,1                            97.75        3.37
Intg_str        1,2,2                          65.06        3.38
H               3,3,3,3,3,5                   611.29        3.38
S               1,1,1,1,1,1                355999.86        3.38
Intg_out        1,3,4,4,3                     802.16        3.69
B_out           3,4,4,4,4,3                   794.13        3.69
---------------------------------------------------------------------------
Final Operators (Elapsed Time: 4.0 s)
Step            Ranks                     Compression
H               3,3,3,2                     82642.82
S               1,1,1,1                    357618.04
B_out           3,4,4,3                     45795.09
===========================================================================
Running batched GMRES on CPU
-- (1): |r| = 0.008788863434, |r|/|b| = 0.000130786658, Elapsed Time = 0.106 s
-- (2): |r| = 0.001337963761, |r|/|b| = 0.000019910175, Elapsed Time = 0.211 s
-- (3): |r| = 0.000479338598, |r|/|b| = 0.000007133015, Elapsed Time = 0.316 s
-- (4): |r| = 0.000203131668, |r|/|b| = 0.000003022793, Elapsed Time = 0.420 s
-- (5): |r| = 0.000079572004, |r|/|b| = 0.000001184107, Elapsed Time = 0.524 s
-- (6): |r| = 0.000034596568, |r|/|b| = 0.000000514830, Elapsed Time = 0.628 s
-- Converged!
Running batched GMRES on CPU
-- (1): |r| = 0.008791535798, |r|/|b| = 0.000130826426, Elapsed Time = 0.231 s
-- (2): |r| = 0.001342211753, |r|/|b| = 0.000019973389, Elapsed Time = 0.460 s
-- (3): |r| = 0.000480206022, |r|/|b| = 0.000007145923, Elapsed Time = 0.694 s
-- (4): |r| = 0.000203042450, |r|/|b| = 0.000003021465, Elapsed Time = 0.926 s
-- (5): |r| = 0.000079813369, |r|/|b| = 0.000001187699, Elapsed Time = 1.153 s
-- (6): |r| = 0.000034935608, |r|/|b| = 0.000000519875, Elapsed Time = 1.382 s
-- Converged!
Running batched GMRES on CPU
-- (1): |r| = 0.008791591718, |r|/|b| = 0.000130827258, Elapsed Time = 0.177 s
-- (2): |r| = 0.001341317475, |r|/|b| = 0.000019960081, Elapsed Time = 0.353 s
-- (3): |r| = 0.000480084804, |r|/|b| = 0.000007144119, Elapsed Time = 0.531 s
-- (4): |r| = 0.000202938635, |r|/|b| = 0.000003019920, Elapsed Time = 0.707 s
-- (5): |r| = 0.000079704344, |r|/|b| = 0.000001186077, Elapsed Time = 0.881 s
-- (6): |r| = 0.000034873755, |r|/|b| = 0.000000518955, Elapsed Time = 1.058 s
-- Converged!
Running batched GMRES on CPU
-- (1): |r| = 0.008842507471, |r|/|b| = 0.000131584933, Elapsed Time = 0.131 s
-- (2): |r| = 0.001343575767, |r|/|b| = 0.000019993687, Elapsed Time = 0.268 s
-- (3): |r| = 0.000480744631, |r|/|b| = 0.000007153938, Elapsed Time = 0.401 s
-- (4): |r| = 0.000202808721, |r|/|b| = 0.000003017987, Elapsed Time = 0.537 s
-- (5): |r| = 0.000080270417, |r|/|b| = 0.000001194500, Elapsed Time = 0.660 s
-- (6): |r| = 0.000035160185, |r|/|b| = 0.000000523217, Elapsed Time = 0.794 s
-- Converged!
Finished iteration! Run time = 18.295 s, Elapsed time = 175.311
================================================================================
Already ran case 37: N=64, G=1, A=14, B=14, p=4, q=4, eps=1e-08, device=gpu
================================================================================
Running case 38: N=64, G=1, A=14, B=14, p=4, q=4, eps=1e-05, device=cpu
Running batched GMRES on CPU
-- (1): |r| = 0.008794488795, |r|/|b| = 0.000130870369, Elapsed Time = 0.228 s
-- (2): |r| = 0.001342604336, |r|/|b| = 0.000019979231, Elapsed Time = 0.457 s
-- (3): |r| = 0.000480194158, |r|/|b| = 0.000007145746, Elapsed Time = 0.687 s
-- (4): |r| = 0.000203005302, |r|/|b| = 0.000003020912, Elapsed Time = 0.914 s
-- (5): |r| = 0.000079885133, |r|/|b| = 0.000001188767, Elapsed Time = 1.142 s
-- (6): |r| = 0.000034955230, |r|/|b| = 0.000000520167, Elapsed Time = 1.370 s
-- Converged!
Running batched GMRES on CPU
-- (1): |r| = 0.008793334709, |r|/|b| = 0.000130853195, Elapsed Time = 0.175 s
-- (2): |r| = 0.001341728188, |r|/|b| = 0.000019966193, Elapsed Time = 0.351 s
-- (3): |r| = 0.000480154151, |r|/|b| = 0.000007145151, Elapsed Time = 0.525 s
-- (4): |r| = 0.000202905887, |r|/|b| = 0.000003019433, Elapsed Time = 0.700 s
-- (5): |r| = 0.000079762772, |r|/|b| = 0.000001186946, Elapsed Time = 0.875 s
-- (6): |r| = 0.000034898167, |r|/|b| = 0.000000519318, Elapsed Time = 1.049 s
-- Converged!
Running batched GMRES on CPU
-- (1): |r| = 0.008858833016, |r|/|b| = 0.000131827872, Elapsed Time = 0.133 s
-- (2): |r| = 0.001343417193, |r|/|b| = 0.000019991327, Elapsed Time = 0.264 s
-- (3): |r| = 0.000480383513, |r|/|b| = 0.000007148564, Elapsed Time = 0.401 s
-- (4): |r| = 0.000203084673, |r|/|b| = 0.000003022093, Elapsed Time = 0.532 s
-- (5): |r| = 0.000079888308, |r|/|b| = 0.000001188814, Elapsed Time = 0.668 s
-- (6): |r| = 0.000034918725, |r|/|b| = 0.000000519624, Elapsed Time = 0.800 s
-- Converged!
Finished iteration! Run time = 7.294 s, Elapsed time = 182.687
================================================================================
Already ran case 39: N=64, G=1, A=14, B=14, p=4, q=4, eps=1e-05, device=gpu
================================================================================
Running case 40: N=64, G=1, A=14, B=14, p=4, q=4, eps=0.001, device=cpu
Running batched GMRES on CPU
-- (1): |r| = 0.008789815472, |r|/|b| = 0.000130800825, Elapsed Time = 0.229 s
-- (2): |r| = 0.001342584403, |r|/|b| = 0.000019978935, Elapsed Time = 0.457 s
-- (3): |r| = 0.000480194867, |r|/|b| = 0.000007145757, Elapsed Time = 0.686 s
-- (4): |r| = 0.000203047501, |r|/|b| = 0.000003021540, Elapsed Time = 0.914 s
-- (5): |r| = 0.000079963008, |r|/|b| = 0.000001189926, Elapsed Time = 1.142 s
-- (6): |r| = 0.000034933903, |r|/|b| = 0.000000519850, Elapsed Time = 1.372 s
-- Converged!
Running batched GMRES on CPU
-- (1): |r| = 0.008789132662, |r|/|b| = 0.000130790665, Elapsed Time = 0.176 s
-- (2): |r| = 0.001341384800, |r|/|b| = 0.000019961083, Elapsed Time = 0.352 s
-- (3): |r| = 0.000480077327, |r|/|b| = 0.000007144008, Elapsed Time = 0.533 s
-- (4): |r| = 0.000202931612, |r|/|b| = 0.000003019816, Elapsed Time = 0.707 s
-- (5): |r| = 0.000079711357, |r|/|b| = 0.000001186181, Elapsed Time = 0.881 s
-- (6): |r| = 0.000034866287, |r|/|b| = 0.000000518844, Elapsed Time = 1.056 s
-- Converged!
Running batched GMRES on CPU
-- (1): |r| = 0.008858237843, |r|/|b| = 0.000131819016, Elapsed Time = 0.138 s
-- (2): |r| = 0.001342677826, |r|/|b| = 0.000019980325, Elapsed Time = 0.278 s
-- (3): |r| = 0.000480320423, |r|/|b| = 0.000007147625, Elapsed Time = 0.418 s
-- (4): |r| = 0.000203034607, |r|/|b| = 0.000003021348, Elapsed Time = 0.556 s
-- (5): |r| = 0.000080047921, |r|/|b| = 0.000001191189, Elapsed Time = 0.692 s
-- (6): |r| = 0.000035047340, |r|/|b| = 0.000000521538, Elapsed Time = 0.826 s
-- Converged!
Finished iteration! Run time = 7.400 s, Elapsed time = 190.168
================================================================================
Already ran case 41: N=64, G=1, A=14, B=14, p=4, q=4, eps=0.001, device=gpu
IGAMesh(id=7, name=None, num_patches=1, reflective_boundaries=False)
  -> Patch(material=Source, source=IsotropicInternalSource, id=0, name=None, shape=(16, 16), backend=geomdl)
================================================================================
Running case 42: N=64, G=1, A=16, B=16, p=6, q=6, eps=1e-08, device=cpu
===========================================================================
Running MatrixAssembler.build()
Discretization: N = 64, G = 1, P = 1, A = 16, B = 16
Operators: H, S, q, B_out
---------------------------------------------------------------------------
  0%|          | 0/1 [00:00<?, ?it/s]
Assembling Patch 0
Step            Shape                     Compression  Elapsed Time (s)
H               16384,16384                     1.00        8.12
S               1,256,256                       1.00        8.14
B_out           16384,16384                     1.00        8.82
---------------------------------------------------------------------------
Final Operators (Elapsed Time: 9.12 s)
Step            Shape                     Compression
H               16384,16384                    75.75
S               16384,16384                  4091.50
q               16384                           1.00
B_out           16384,16384                  4568.88
===========================================================================
===========================================================================
Running TTAssembler.build()
Discretization: N = 64, G = 1, P = 1, A = 16, B = 16
Operators: H, S, B_out
---------------------------------------------------------------------------
  0%|          | 0/1 [00:00<?, ?it/s]
Assembling Patch 0
Step            Ranks                     Compression  Elapsed Time (s)
Intg_int        1,1                           127.75        7.58
Intg_str        1,2,2                          85.06        7.60
H               3,3,3,3,3,5                   803.20        7.60
S               1,1,1,1,1,1                477643.16        7.60
Intg_out        1,3,4,4,3                    1057.83        8.19
B_out           3,4,4,4,4,3                  1049.63        8.19
---------------------------------------------------------------------------
Final Operators (Elapsed Time: 8.5 s)
Step            Ranks                     Compression
H               3,3,3,2                    112598.77
S               1,1,1,1                    479349.03
B_out           3,4,4,3                     61908.55
===========================================================================
Running batched GMRES on CPU
-- (1): |r| = 0.015833936852, |r|/|b| = 0.000256568421, Elapsed Time = 0.138 s
-- (2): |r| = 0.004311415264, |r|/|b| = 0.000069860895, Elapsed Time = 0.277 s
-- (3): |r| = 0.002365329477, |r|/|b| = 0.000038327098, Elapsed Time = 0.412 s
-- (4): |r| = 0.001508140061, |r|/|b| = 0.000024437455, Elapsed Time = 0.547 s
-- (5): |r| = 0.001030046359, |r|/|b| = 0.000016690566, Elapsed Time = 0.682 s
-- (6): |r| = 0.000748275341, |r|/|b| = 0.000012124832, Elapsed Time = 0.817 s
-- (7): |r| = 0.000564843456, |r|/|b| = 0.000009152556, Elapsed Time = 0.952 s
-- (8): |r| = 0.000461491024, |r|/|b| = 0.000007477864, Elapsed Time = 1.087 s
-- (9): |r| = 0.000391300656, |r|/|b| = 0.000006340520, Elapsed Time = 1.222 s
-- (10): |r| = 0.000336530431, |r|/|b| = 0.000005453039, Elapsed Time = 1.356 s
-- (11): |r| = 0.000281713110, |r|/|b| = 0.000004564796, Elapsed Time = 1.492 s
-- (12): |r| = 0.000245079946, |r|/|b| = 0.000003971203, Elapsed Time = 1.626 s
-- (13): |r| = 0.000218334664, |r|/|b| = 0.000003537830, Elapsed Time = 1.761 s
-- (14): |r| = 0.000195902944, |r|/|b| = 0.000003174353, Elapsed Time = 1.895 s
-- (15): |r| = 0.000172315125, |r|/|b| = 0.000002792143, Elapsed Time = 2.031 s
-- (16): |r| = 0.000153762049, |r|/|b| = 0.000002491515, Elapsed Time = 2.165 s
-- (17): |r| = 0.000141476406, |r|/|b| = 0.000002292442, Elapsed Time = 2.300 s
-- (18): |r| = 0.000130648484, |r|/|b| = 0.000002116989, Elapsed Time = 2.435 s
-- (19): |r| = 0.000119526274, |r|/|b| = 0.000001936768, Elapsed Time = 2.570 s
-- (20): |r| = 0.000109470933, |r|/|b| = 0.000001773835, Elapsed Time = 2.704 s
-- (21): |r| = 0.000102818404, |r|/|b| = 0.000001666039, Elapsed Time = 2.838 s
-- (22): |r| = 0.000097201841, |r|/|b| = 0.000001575030, Elapsed Time = 2.973 s
-- (23): |r| = 0.000091619392, |r|/|b| = 0.000001484573, Elapsed Time = 3.107 s
-- (24): |r| = 0.000085956776, |r|/|b| = 0.000001392818, Elapsed Time = 3.242 s
-- (25): |r| = 0.000080941464, |r|/|b| = 0.000001311551, Elapsed Time = 3.376 s
-- (26): |r| = 0.000077075070, |r|/|b| = 0.000001248902, Elapsed Time = 3.511 s
-- (27): |r| = 0.000073431029, |r|/|b| = 0.000001189855, Elapsed Time = 3.646 s
-- (28): |r| = 0.000069221429, |r|/|b| = 0.000001121644, Elapsed Time = 3.780 s
-- (29): |r| = 0.000065860962, |r|/|b| = 0.000001067192, Elapsed Time = 3.915 s
-- (30): |r| = 0.000063291231, |r|/|b| = 0.000001025552, Elapsed Time = 4.050 s
-- (31): |r| = 0.000060739651, |r|/|b| = 0.000000984207, Elapsed Time = 4.185 s
-- Converged!
Running batched GMRES on CPU
-- (1): |r| = 0.015845689925, |r|/|b| = 0.000256758865, Elapsed Time = 0.304 s
-- (2): |r| = 0.004311738270, |r|/|b| = 0.000069866129, Elapsed Time = 0.607 s
-- (3): |r| = 0.002366024727, |r|/|b| = 0.000038338364, Elapsed Time = 0.907 s
-- (4): |r| = 0.001508482797, |r|/|b| = 0.000024443008, Elapsed Time = 1.208 s
-- (5): |r| = 0.001030288650, |r|/|b| = 0.000016694492, Elapsed Time = 1.512 s
-- (6): |r| = 0.000747474969, |r|/|b| = 0.000012111863, Elapsed Time = 1.813 s
-- (7): |r| = 0.000564375921, |r|/|b| = 0.000009144980, Elapsed Time = 2.113 s
-- (8): |r| = 0.000461174558, |r|/|b| = 0.000007472736, Elapsed Time = 2.414 s
-- (9): |r| = 0.000390964695, |r|/|b| = 0.000006335076, Elapsed Time = 2.717 s
-- (10): |r| = 0.000336166885, |r|/|b| = 0.000005447149, Elapsed Time = 3.020 s
-- (11): |r| = 0.000281757177, |r|/|b| = 0.000004565510, Elapsed Time = 3.320 s
-- (12): |r| = 0.000245362056, |r|/|b| = 0.000003975774, Elapsed Time = 3.624 s
-- (13): |r| = 0.000218382053, |r|/|b| = 0.000003538598, Elapsed Time = 3.926 s
-- (14): |r| = 0.000195781538, |r|/|b| = 0.000003172386, Elapsed Time = 4.226 s
-- (15): |r| = 0.000172766949, |r|/|b| = 0.000002799464, Elapsed Time = 4.528 s
-- (16): |r| = 0.000154270913, |r|/|b| = 0.000002499760, Elapsed Time = 4.833 s
-- (17): |r| = 0.000141485955, |r|/|b| = 0.000002292596, Elapsed Time = 5.132 s
-- (18): |r| = 0.000130303802, |r|/|b| = 0.000002111404, Elapsed Time = 5.434 s
-- (19): |r| = 0.000119095562, |r|/|b| = 0.000001929789, Elapsed Time = 5.734 s
-- (20): |r| = 0.000108812722, |r|/|b| = 0.000001763169, Elapsed Time = 6.037 s
-- (21): |r| = 0.000102254384, |r|/|b| = 0.000001656900, Elapsed Time = 6.340 s
-- (22): |r| = 0.000096758875, |r|/|b| = 0.000001567852, Elapsed Time = 6.643 s
-- (23): |r| = 0.000091213988, |r|/|b| = 0.000001478004, Elapsed Time = 6.943 s
-- (24): |r| = 0.000084856093, |r|/|b| = 0.000001374983, Elapsed Time = 7.245 s
-- (25): |r| = 0.000080079716, |r|/|b| = 0.000001297588, Elapsed Time = 7.548 s
-- (26): |r| = 0.000076215052, |r|/|b| = 0.000001234966, Elapsed Time = 7.849 s
-- (27): |r| = 0.000072579253, |r|/|b| = 0.000001176053, Elapsed Time = 8.150 s
-- (28): |r| = 0.000068042855, |r|/|b| = 0.000001102546, Elapsed Time = 8.453 s
-- (29): |r| = 0.000064050793, |r|/|b| = 0.000001037860, Elapsed Time = 8.755 s
-- (30): |r| = 0.000061307424, |r|/|b| = 0.000000993407, Elapsed Time = 9.055 s
-- Converged!
Running batched GMRES on CPU
-- (1): |r| = 0.015848931512, |r|/|b| = 0.000256811390, Elapsed Time = 0.241 s
-- (2): |r| = 0.004311815941, |r|/|b| = 0.000069867388, Elapsed Time = 0.484 s
-- (3): |r| = 0.002366568088, |r|/|b| = 0.000038347168, Elapsed Time = 0.726 s
-- (4): |r| = 0.001508463866, |r|/|b| = 0.000024442702, Elapsed Time = 0.969 s
-- (5): |r| = 0.001029943519, |r|/|b| = 0.000016688900, Elapsed Time = 1.211 s
-- (6): |r| = 0.000746797844, |r|/|b| = 0.000012100891, Elapsed Time = 1.453 s
-- (7): |r| = 0.000564039555, |r|/|b| = 0.000009139530, Elapsed Time = 1.696 s
-- (8): |r| = 0.000460906861, |r|/|b| = 0.000007468398, Elapsed Time = 1.939 s
-- (9): |r| = 0.000390703985, |r|/|b| = 0.000006330852, Elapsed Time = 2.179 s
-- (10): |r| = 0.000335651839, |r|/|b| = 0.000005438803, Elapsed Time = 2.421 s
-- (11): |r| = 0.000281674637, |r|/|b| = 0.000004564172, Elapsed Time = 2.663 s
-- (12): |r| = 0.000245650184, |r|/|b| = 0.000003980443, Elapsed Time = 2.907 s
-- (13): |r| = 0.000218675918, |r|/|b| = 0.000003543360, Elapsed Time = 3.151 s
-- (14): |r| = 0.000196104137, |r|/|b| = 0.000003177613, Elapsed Time = 3.395 s
-- (15): |r| = 0.000173209519, |r|/|b| = 0.000002806636, Elapsed Time = 3.638 s
-- (16): |r| = 0.000154792966, |r|/|b| = 0.000002508219, Elapsed Time = 3.882 s
-- (17): |r| = 0.000142279578, |r|/|b| = 0.000002305456, Elapsed Time = 4.124 s
-- (18): |r| = 0.000131191720, |r|/|b| = 0.000002125792, Elapsed Time = 4.366 s
-- (19): |r| = 0.000119186804, |r|/|b| = 0.000001931268, Elapsed Time = 4.610 s
-- (20): |r| = 0.000108673324, |r|/|b| = 0.000001760910, Elapsed Time = 4.853 s
-- (21): |r| = 0.000102155993, |r|/|b| = 0.000001655305, Elapsed Time = 5.094 s
-- (22): |r| = 0.000096462040, |r|/|b| = 0.000001563042, Elapsed Time = 5.339 s
-- (23): |r| = 0.000090411184, |r|/|b| = 0.000001464996, Elapsed Time = 5.581 s
-- (24): |r| = 0.000084434890, |r|/|b| = 0.000001368158, Elapsed Time = 5.821 s
-- (25): |r| = 0.000080161867, |r|/|b| = 0.000001298919, Elapsed Time = 6.064 s
-- (26): |r| = 0.000076437006, |r|/|b| = 0.000001238563, Elapsed Time = 6.306 s
-- (27): |r| = 0.000072761998, |r|/|b| = 0.000001179014, Elapsed Time = 6.549 s
-- (28): |r| = 0.000068492834, |r|/|b| = 0.000001109838, Elapsed Time = 6.793 s
-- (29): |r| = 0.000065041327, |r|/|b| = 0.000001053910, Elapsed Time = 7.034 s
-- (30): |r| = 0.000062252335, |r|/|b| = 0.000001008718, Elapsed Time = 7.276 s
-- (31): |r| = 0.000059594179, |r|/|b| = 0.000000965646, Elapsed Time = 7.519 s
-- Converged!
Running batched GMRES on CPU
-- (1): |r| = 0.015851179664, |r|/|b| = 0.000256847819, Elapsed Time = 0.169 s
-- (2): |r| = 0.004311925722, |r|/|b| = 0.000069869167, Elapsed Time = 0.338 s
-- (3): |r| = 0.002368036573, |r|/|b| = 0.000038370963, Elapsed Time = 0.505 s
-- (4): |r| = 0.001509754580, |r|/|b| = 0.000024463616, Elapsed Time = 0.678 s
-- (5): |r| = 0.001033281345, |r|/|b| = 0.000016742985, Elapsed Time = 0.840 s
-- (6): |r| = 0.000750944225, |r|/|b| = 0.000012168078, Elapsed Time = 1.007 s
-- (7): |r| = 0.000565942066, |r|/|b| = 0.000009170358, Elapsed Time = 1.168 s
-- (8): |r| = 0.000461149748, |r|/|b| = 0.000007472334, Elapsed Time = 1.333 s
-- (9): |r| = 0.000390465962, |r|/|b| = 0.000006326995, Elapsed Time = 1.501 s
-- (10): |r| = 0.000336022354, |r|/|b| = 0.000005444807, Elapsed Time = 1.667 s
-- (11): |r| = 0.000281988474, |r|/|b| = 0.000004569258, Elapsed Time = 1.836 s
-- (12): |r| = 0.000246159177, |r|/|b| = 0.000003988690, Elapsed Time = 2.008 s
-- (13): |r| = 0.000219728923, |r|/|b| = 0.000003560422, Elapsed Time = 2.173 s
-- (14): |r| = 0.000197611916, |r|/|b| = 0.000003202045, Elapsed Time = 2.337 s
-- (15): |r| = 0.000172108588, |r|/|b| = 0.000002788797, Elapsed Time = 2.503 s
-- (16): |r| = 0.000151785765, |r|/|b| = 0.000002459492, Elapsed Time = 2.669 s
-- (17): |r| = 0.000138051282, |r|/|b| = 0.000002236942, Elapsed Time = 2.834 s
-- (18): |r| = 0.000125471882, |r|/|b| = 0.000002033109, Elapsed Time = 3.010 s
-- (19): |r| = 0.000112980151, |r|/|b| = 0.000001830697, Elapsed Time = 3.179 s
-- (20): |r| = 0.000102803008, |r|/|b| = 0.000001665789, Elapsed Time = 3.345 s
-- (21): |r| = 0.000096612008, |r|/|b| = 0.000001565472, Elapsed Time = 3.511 s
-- (22): |r| = 0.000091405328, |r|/|b| = 0.000001481105, Elapsed Time = 3.675 s
-- (23): |r| = 0.000085749767, |r|/|b| = 0.000001389464, Elapsed Time = 3.839 s
-- (24): |r| = 0.000080139439, |r|/|b| = 0.000001298556, Elapsed Time = 4.005 s
-- (25): |r| = 0.000076224319, |r|/|b| = 0.000001235116, Elapsed Time = 4.173 s
-- (26): |r| = 0.000072808605, |r|/|b| = 0.000001179769, Elapsed Time = 4.343 s
-- (27): |r| = 0.000069369797, |r|/|b| = 0.000001124048, Elapsed Time = 4.514 s
-- (28): |r| = 0.000065503963, |r|/|b| = 0.000001061407, Elapsed Time = 4.683 s
-- (29): |r| = 0.000062458954, |r|/|b| = 0.000001012066, Elapsed Time = 4.852 s
-- (30): |r| = 0.000059848406, |r|/|b| = 0.000000969766, Elapsed Time = 5.025 s
-- Converged!
Finished iteration! Run time = 53.283 s, Elapsed time = 243.583
================================================================================
Already ran case 43: N=64, G=1, A=16, B=16, p=6, q=6, eps=1e-08, device=gpu
================================================================================
Running case 44: N=64, G=1, A=16, B=16, p=6, q=6, eps=1e-05, device=cpu
Running batched GMRES on CPU
-- (1): |r| = 0.015852192566, |r|/|b| = 0.000256864231, Elapsed Time = 0.303 s
-- (2): |r| = 0.004311887288, |r|/|b| = 0.000069868544, Elapsed Time = 0.609 s
-- (3): |r| = 0.002366267443, |r|/|b| = 0.000038342297, Elapsed Time = 0.912 s
-- (4): |r| = 0.001509641269, |r|/|b| = 0.000024461780, Elapsed Time = 1.214 s
-- (5): |r| = 0.001031392975, |r|/|b| = 0.000016712386, Elapsed Time = 1.517 s
-- (6): |r| = 0.000748839568, |r|/|b| = 0.000012133974, Elapsed Time = 1.819 s
-- (7): |r| = 0.000565367444, |r|/|b| = 0.000009161047, Elapsed Time = 2.118 s
-- (8): |r| = 0.000461791348, |r|/|b| = 0.000007482730, Elapsed Time = 2.418 s
-- (9): |r| = 0.000391397323, |r|/|b| = 0.000006342086, Elapsed Time = 2.720 s
-- (10): |r| = 0.000336906134, |r|/|b| = 0.000005459127, Elapsed Time = 3.019 s
-- (11): |r| = 0.000282756837, |r|/|b| = 0.000004581708, Elapsed Time = 3.319 s
-- (12): |r| = 0.000246727877, |r|/|b| = 0.000003997905, Elapsed Time = 3.619 s
-- (13): |r| = 0.000220377808, |r|/|b| = 0.000003570937, Elapsed Time = 3.917 s
-- (14): |r| = 0.000198124310, |r|/|b| = 0.000003210348, Elapsed Time = 4.221 s
-- (15): |r| = 0.000171777704, |r|/|b| = 0.000002783435, Elapsed Time = 4.521 s
-- (16): |r| = 0.000151198997, |r|/|b| = 0.000002449984, Elapsed Time = 4.821 s
-- (17): |r| = 0.000137098426, |r|/|b| = 0.000002221502, Elapsed Time = 5.122 s
-- (18): |r| = 0.000124210762, |r|/|b| = 0.000002012674, Elapsed Time = 5.422 s
-- (19): |r| = 0.000112444828, |r|/|b| = 0.000001822023, Elapsed Time = 5.723 s
-- (20): |r| = 0.000102644269, |r|/|b| = 0.000001663217, Elapsed Time = 6.023 s
-- (21): |r| = 0.000096300086, |r|/|b| = 0.000001560418, Elapsed Time = 6.321 s
-- (22): |r| = 0.000091044663, |r|/|b| = 0.000001475261, Elapsed Time = 6.620 s
-- (23): |r| = 0.000085466559, |r|/|b| = 0.000001384875, Elapsed Time = 6.923 s
-- (24): |r| = 0.000079844031, |r|/|b| = 0.000001293769, Elapsed Time = 7.225 s
-- (25): |r| = 0.000075911780, |r|/|b| = 0.000001230052, Elapsed Time = 7.524 s
-- (26): |r| = 0.000072471798, |r|/|b| = 0.000001174312, Elapsed Time = 7.828 s
-- (27): |r| = 0.000069154170, |r|/|b| = 0.000001120554, Elapsed Time = 8.130 s
-- (28): |r| = 0.000065272199, |r|/|b| = 0.000001057651, Elapsed Time = 8.430 s
-- (29): |r| = 0.000062047485, |r|/|b| = 0.000001005399, Elapsed Time = 8.733 s
-- (30): |r| = 0.000059503288, |r|/|b| = 0.000000964174, Elapsed Time = 9.036 s
-- Converged!
Running batched GMRES on CPU
-- (1): |r| = 0.015849935499, |r|/|b| = 0.000256827659, Elapsed Time = 0.256 s
-- (2): |r| = 0.004311842451, |r|/|b| = 0.000069867817, Elapsed Time = 0.497 s
-- (3): |r| = 0.002366271953, |r|/|b| = 0.000038342370, Elapsed Time = 0.741 s
-- (4): |r| = 0.001509378737, |r|/|b| = 0.000024457526, Elapsed Time = 0.982 s
-- (5): |r| = 0.001030946608, |r|/|b| = 0.000016705153, Elapsed Time = 1.224 s
-- (6): |r| = 0.000748564490, |r|/|b| = 0.000012129517, Elapsed Time = 1.465 s
-- (7): |r| = 0.000565347760, |r|/|b| = 0.000009160728, Elapsed Time = 1.706 s
-- (8): |r| = 0.000461563236, |r|/|b| = 0.000007479034, Elapsed Time = 1.946 s
-- (9): |r| = 0.000391273227, |r|/|b| = 0.000006340075, Elapsed Time = 2.188 s
-- (10): |r| = 0.000336630287, |r|/|b| = 0.000005454657, Elapsed Time = 2.427 s
-- (11): |r| = 0.000281930694, |r|/|b| = 0.000004568321, Elapsed Time = 2.668 s
-- (12): |r| = 0.000245742632, |r|/|b| = 0.000003981941, Elapsed Time = 2.909 s
-- (13): |r| = 0.000218777505, |r|/|b| = 0.000003545006, Elapsed Time = 3.150 s
-- (14): |r| = 0.000196333800, |r|/|b| = 0.000003181335, Elapsed Time = 3.391 s
-- (15): |r| = 0.000171521637, |r|/|b| = 0.000002779286, Elapsed Time = 3.635 s
-- (16): |r| = 0.000151854423, |r|/|b| = 0.000002460604, Elapsed Time = 3.876 s
-- (17): |r| = 0.000138223659, |r|/|b| = 0.000002239735, Elapsed Time = 4.117 s
-- (18): |r| = 0.000126208815, |r|/|b| = 0.000002045050, Elapsed Time = 4.357 s
-- (19): |r| = 0.000114286387, |r|/|b| = 0.000001851863, Elapsed Time = 4.596 s
-- (20): |r| = 0.000104129131, |r|/|b| = 0.000001687278, Elapsed Time = 4.835 s
-- (21): |r| = 0.000098060967, |r|/|b| = 0.000001588951, Elapsed Time = 5.079 s
-- (22): |r| = 0.000092872238, |r|/|b| = 0.000001504874, Elapsed Time = 5.319 s
-- (23): |r| = 0.000087285170, |r|/|b| = 0.000001414343, Elapsed Time = 5.560 s
-- (24): |r| = 0.000081484067, |r|/|b| = 0.000001320344, Elapsed Time = 5.801 s
-- (25): |r| = 0.000077481431, |r|/|b| = 0.000001255486, Elapsed Time = 6.042 s
-- (26): |r| = 0.000073886855, |r|/|b| = 0.000001197241, Elapsed Time = 6.283 s
-- (27): |r| = 0.000070162802, |r|/|b| = 0.000001136897, Elapsed Time = 6.525 s
-- (28): |r| = 0.000066461732, |r|/|b| = 0.000001076926, Elapsed Time = 6.765 s
-- (29): |r| = 0.000063568607, |r|/|b| = 0.000001030047, Elapsed Time = 7.009 s
-- (30): |r| = 0.000060905139, |r|/|b| = 0.000000986889, Elapsed Time = 7.251 s
-- Converged!
Running batched GMRES on CPU
-- (1): |r| = 0.015854614106, |r|/|b| = 0.000256903469, Elapsed Time = 0.166 s
-- (2): |r| = 0.004312150513, |r|/|b| = 0.000069872809, Elapsed Time = 0.331 s
-- (3): |r| = 0.002368151155, |r|/|b| = 0.000038372820, Elapsed Time = 0.497 s
-- (4): |r| = 0.001510185409, |r|/|b| = 0.000024470597, Elapsed Time = 0.663 s
-- (5): |r| = 0.001032287622, |r|/|b| = 0.000016726883, Elapsed Time = 0.828 s
-- (6): |r| = 0.000749315041, |r|/|b| = 0.000012141679, Elapsed Time = 0.990 s
-- (7): |r| = 0.000565172637, |r|/|b| = 0.000009157890, Elapsed Time = 1.159 s
-- (8): |r| = 0.000461189336, |r|/|b| = 0.000007472975, Elapsed Time = 1.324 s
-- (9): |r| = 0.000390515922, |r|/|b| = 0.000006327804, Elapsed Time = 1.482 s
-- (10): |r| = 0.000336040146, |r|/|b| = 0.000005445095, Elapsed Time = 1.639 s
-- (11): |r| = 0.000282172540, |r|/|b| = 0.000004572240, Elapsed Time = 1.808 s
-- (12): |r| = 0.000246451148, |r|/|b| = 0.000003993421, Elapsed Time = 1.975 s
-- (13): |r| = 0.000220096681, |r|/|b| = 0.000003566381, Elapsed Time = 2.139 s
-- (14): |r| = 0.000198131734, |r|/|b| = 0.000003210468, Elapsed Time = 2.304 s
-- (15): |r| = 0.000171591945, |r|/|b| = 0.000002780425, Elapsed Time = 2.462 s
-- (16): |r| = 0.000150987893, |r|/|b| = 0.000002446563, Elapsed Time = 2.627 s
-- (17): |r| = 0.000137182911, |r|/|b| = 0.000002222871, Elapsed Time = 2.796 s
-- (18): |r| = 0.000124683386, |r|/|b| = 0.000002020333, Elapsed Time = 2.962 s
-- (19): |r| = 0.000112152443, |r|/|b| = 0.000001817285, Elapsed Time = 3.131 s
-- (20): |r| = 0.000101918003, |r|/|b| = 0.000001651449, Elapsed Time = 3.296 s
-- (21): |r| = 0.000095952128, |r|/|b| = 0.000001554780, Elapsed Time = 3.465 s
-- (22): |r| = 0.000090786973, |r|/|b| = 0.000001471085, Elapsed Time = 3.630 s
-- (23): |r| = 0.000084996601, |r|/|b| = 0.000001377260, Elapsed Time = 3.793 s
-- (24): |r| = 0.000079516426, |r|/|b| = 0.000001288461, Elapsed Time = 3.957 s
-- (25): |r| = 0.000075732005, |r|/|b| = 0.000001227139, Elapsed Time = 4.116 s
-- (26): |r| = 0.000072350130, |r|/|b| = 0.000001172340, Elapsed Time = 4.282 s
-- (27): |r| = 0.000069006884, |r|/|b| = 0.000001118167, Elapsed Time = 4.447 s
-- (28): |r| = 0.000065231443, |r|/|b| = 0.000001056991, Elapsed Time = 4.611 s
-- (29): |r| = 0.000062187368, |r|/|b| = 0.000001007666, Elapsed Time = 4.777 s
-- (30): |r| = 0.000059608120, |r|/|b| = 0.000000965872, Elapsed Time = 4.942 s
-- Converged!
Finished iteration! Run time = 26.121 s, Elapsed time = 269.787
================================================================================
Already ran case 45: N=64, G=1, A=16, B=16, p=6, q=6, eps=1e-05, device=gpu
================================================================================
Running case 46: N=64, G=1, A=16, B=16, p=6, q=6, eps=0.001, device=cpu
Running batched GMRES on CPU
-- (1): |r| = 0.015871769484, |r|/|b| = 0.000257181450, Elapsed Time = 0.304 s
-- (2): |r| = 0.004312204601, |r|/|b| = 0.000069873686, Elapsed Time = 0.607 s
-- (3): |r| = 0.002365620977, |r|/|b| = 0.000038331821, Elapsed Time = 0.907 s
-- (4): |r| = 0.001510227285, |r|/|b| = 0.000024471275, Elapsed Time = 1.204 s
-- (5): |r| = 0.001032455036, |r|/|b| = 0.000016729595, Elapsed Time = 1.501 s
-- (6): |r| = 0.000750046272, |r|/|b| = 0.000012153528, Elapsed Time = 1.803 s
-- (7): |r| = 0.000566169945, |r|/|b| = 0.000009174050, Elapsed Time = 2.105 s
-- (8): |r| = 0.000462066979, |r|/|b| = 0.000007487196, Elapsed Time = 2.409 s
-- (9): |r| = 0.000391458852, |r|/|b| = 0.000006343083, Elapsed Time = 2.712 s
-- (10): |r| = 0.000336842085, |r|/|b| = 0.000005458089, Elapsed Time = 3.014 s
-- (11): |r| = 0.000282180850, |r|/|b| = 0.000004572375, Elapsed Time = 3.316 s
-- (12): |r| = 0.000245720540, |r|/|b| = 0.000003981583, Elapsed Time = 3.617 s
-- (13): |r| = 0.000218936501, |r|/|b| = 0.000003547582, Elapsed Time = 3.919 s
-- (14): |r| = 0.000196547808, |r|/|b| = 0.000003184802, Elapsed Time = 4.219 s
-- (15): |r| = 0.000172016756, |r|/|b| = 0.000002787309, Elapsed Time = 4.520 s
-- (16): |r| = 0.000152729243, |r|/|b| = 0.000002474779, Elapsed Time = 4.822 s
-- (17): |r| = 0.000139647648, |r|/|b| = 0.000002262809, Elapsed Time = 5.125 s
-- (18): |r| = 0.000128204465, |r|/|b| = 0.000002077387, Elapsed Time = 5.427 s
-- (19): |r| = 0.000115755973, |r|/|b| = 0.000001875675, Elapsed Time = 5.729 s
-- (20): |r| = 0.000105380983, |r|/|b| = 0.000001707562, Elapsed Time = 6.031 s
-- (21): |r| = 0.000099301048, |r|/|b| = 0.000001609045, Elapsed Time = 6.332 s
-- (22): |r| = 0.000093837440, |r|/|b| = 0.000001520514, Elapsed Time = 6.633 s
-- (23): |r| = 0.000087752798, |r|/|b| = 0.000001421920, Elapsed Time = 6.932 s
-- (24): |r| = 0.000081925294, |r|/|b| = 0.000001327493, Elapsed Time = 7.235 s
-- (25): |r| = 0.000078016791, |r|/|b| = 0.000001264161, Elapsed Time = 7.535 s
-- (26): |r| = 0.000074435574, |r|/|b| = 0.000001206132, Elapsed Time = 7.835 s
-- (27): |r| = 0.000070439369, |r|/|b| = 0.000001141379, Elapsed Time = 8.137 s
-- (28): |r| = 0.000066871024, |r|/|b| = 0.000001083558, Elapsed Time = 8.440 s
-- (29): |r| = 0.000064161206, |r|/|b| = 0.000001039649, Elapsed Time = 8.740 s
-- (30): |r| = 0.000061624409, |r|/|b| = 0.000000998544, Elapsed Time = 9.041 s
-- Converged!
Running batched GMRES on CPU
-- (1): |r| = 0.015842596203, |r|/|b| = 0.000256708735, Elapsed Time = 0.245 s
-- (2): |r| = 0.004311661527, |r|/|b| = 0.000069864886, Elapsed Time = 0.487 s
-- (3): |r| = 0.002366299178, |r|/|b| = 0.000038342811, Elapsed Time = 0.729 s
-- (4): |r| = 0.001509225488, |r|/|b| = 0.000024455043, Elapsed Time = 0.972 s
-- (5): |r| = 0.001031019774, |r|/|b| = 0.000016706339, Elapsed Time = 1.217 s
-- (6): |r| = 0.000748786173, |r|/|b| = 0.000012133109, Elapsed Time = 1.464 s
-- (7): |r| = 0.000565176842, |r|/|b| = 0.000009157958, Elapsed Time = 1.706 s
-- (8): |r| = 0.000461457547, |r|/|b| = 0.000007477321, Elapsed Time = 1.951 s
-- (9): |r| = 0.000391030290, |r|/|b| = 0.000006336139, Elapsed Time = 2.193 s
-- (10): |r| = 0.000336357800, |r|/|b| = 0.000005450242, Elapsed Time = 2.436 s
-- (11): |r| = 0.000281814792, |r|/|b| = 0.000004566443, Elapsed Time = 2.679 s
-- (12): |r| = 0.000245660622, |r|/|b| = 0.000003980612, Elapsed Time = 2.923 s
-- (13): |r| = 0.000218794191, |r|/|b| = 0.000003545276, Elapsed Time = 3.165 s
-- (14): |r| = 0.000196120465, |r|/|b| = 0.000003177878, Elapsed Time = 3.407 s
-- (15): |r| = 0.000171833218, |r|/|b| = 0.000002784335, Elapsed Time = 3.650 s
-- (16): |r| = 0.000152726242, |r|/|b| = 0.000002474731, Elapsed Time = 3.894 s
-- (17): |r| = 0.000139696371, |r|/|b| = 0.000002263599, Elapsed Time = 4.137 s
-- (18): |r| = 0.000128131752, |r|/|b| = 0.000002076209, Elapsed Time = 4.380 s
-- (19): |r| = 0.000115993466, |r|/|b| = 0.000001879524, Elapsed Time = 4.623 s
-- (20): |r| = 0.000105718019, |r|/|b| = 0.000001713023, Elapsed Time = 4.867 s
-- (21): |r| = 0.000099509357, |r|/|b| = 0.000001612420, Elapsed Time = 5.110 s
-- (22): |r| = 0.000094051235, |r|/|b| = 0.000001523978, Elapsed Time = 5.354 s
-- (23): |r| = 0.000088470750, |r|/|b| = 0.000001433554, Elapsed Time = 5.599 s
-- (24): |r| = 0.000082606380, |r|/|b| = 0.000001338529, Elapsed Time = 5.839 s
-- (25): |r| = 0.000078428807, |r|/|b| = 0.000001270837, Elapsed Time = 6.082 s
-- (26): |r| = 0.000074783800, |r|/|b| = 0.000001211775, Elapsed Time = 6.325 s
-- (27): |r| = 0.000071192361, |r|/|b| = 0.000001153580, Elapsed Time = 6.570 s
-- (28): |r| = 0.000066997344, |r|/|b| = 0.000001085605, Elapsed Time = 6.811 s
-- (29): |r| = 0.000063649067, |r|/|b| = 0.000001031351, Elapsed Time = 7.054 s
-- (30): |r| = 0.000060777244, |r|/|b| = 0.000000984816, Elapsed Time = 7.296 s
-- Converged!
Running batched GMRES on CPU
-- (1): |r| = 0.015842962348, |r|/|b| = 0.000256714668, Elapsed Time = 0.165 s
-- (2): |r| = 0.004311697693, |r|/|b| = 0.000069865472, Elapsed Time = 0.333 s
-- (3): |r| = 0.002368014485, |r|/|b| = 0.000038370605, Elapsed Time = 0.503 s
-- (4): |r| = 0.001510425903, |r|/|b| = 0.000024474494, Elapsed Time = 0.661 s
-- (5): |r| = 0.001033265664, |r|/|b| = 0.000016742731, Elapsed Time = 0.829 s
-- (6): |r| = 0.000750490697, |r|/|b| = 0.000012160729, Elapsed Time = 0.998 s
-- (7): |r| = 0.000565894908, |r|/|b| = 0.000009169593, Elapsed Time = 1.163 s
-- (8): |r| = 0.000461321094, |r|/|b| = 0.000007475110, Elapsed Time = 1.331 s
-- (9): |r| = 0.000390490630, |r|/|b| = 0.000006327394, Elapsed Time = 1.499 s
-- (10): |r| = 0.000335882012, |r|/|b| = 0.000005442533, Elapsed Time = 1.666 s
-- (11): |r| = 0.000282151328, |r|/|b| = 0.000004571897, Elapsed Time = 1.831 s
-- (12): |r| = 0.000246440540, |r|/|b| = 0.000003993249, Elapsed Time = 1.998 s
-- (13): |r| = 0.000220232287, |r|/|b| = 0.000003568579, Elapsed Time = 2.164 s
-- (14): |r| = 0.000198457402, |r|/|b| = 0.000003215745, Elapsed Time = 2.331 s
-- (15): |r| = 0.000172487953, |r|/|b| = 0.000002794944, Elapsed Time = 2.500 s
-- (16): |r| = 0.000152371004, |r|/|b| = 0.000002468975, Elapsed Time = 2.670 s
-- (17): |r| = 0.000139207157, |r|/|b| = 0.000002255672, Elapsed Time = 2.838 s
-- (18): |r| = 0.000127455215, |r|/|b| = 0.000002065247, Elapsed Time = 3.003 s
-- (19): |r| = 0.000113936021, |r|/|b| = 0.000001846186, Elapsed Time = 3.167 s
-- (20): |r| = 0.000103185918, |r|/|b| = 0.000001671994, Elapsed Time = 3.339 s
-- (21): |r| = 0.000097195062, |r|/|b| = 0.000001574920, Elapsed Time = 3.505 s
-- (22): |r| = 0.000091792877, |r|/|b| = 0.000001487385, Elapsed Time = 3.673 s
-- (23): |r| = 0.000085028120, |r|/|b| = 0.000001377770, Elapsed Time = 3.847 s
-- (24): |r| = 0.000079184696, |r|/|b| = 0.000001283085, Elapsed Time = 4.012 s
-- (25): |r| = 0.000075397939, |r|/|b| = 0.000001221726, Elapsed Time = 4.180 s
-- (26): |r| = 0.000071906776, |r|/|b| = 0.000001165156, Elapsed Time = 4.346 s
-- (27): |r| = 0.000067939779, |r|/|b| = 0.000001100876, Elapsed Time = 4.515 s
-- (28): |r| = 0.000064206451, |r|/|b| = 0.000001040382, Elapsed Time = 4.678 s
-- (29): |r| = 0.000061594626, |r|/|b| = 0.000000998061, Elapsed Time = 4.845 s
-- Converged!
Finished iteration! Run time = 26.080 s, Elapsed time = 295.950
================================================================================
Already ran case 47: N=64, G=1, A=16, B=16, p=6, q=6, eps=0.001, device=gpu
IGAMesh(id=8, name=None, num_patches=1, reflective_boundaries=False)
  -> Patch(material=Source, source=IsotropicInternalSource, id=0, name=None, shape=(12, 12), backend=geomdl)
================================================================================
Running case 48: N=256, G=1, A=12, B=12, p=2, q=2, eps=1e-08, device=cpu
===========================================================================
Running MatrixAssembler.build()
Discretization: N = 256, G = 1, P = 1, A = 12, B = 12
Operators: H, S, q, B_out
---------------------------------------------------------------------------
  0%|          | 0/1 [00:00<?, ?it/s]
Assembling Patch 0
Step            Shape                     Compression  Elapsed Time (s)
H               36864,36864                     1.00        2.00
S               1,144,144                       1.00        2.00
B_out           36864,36864                     1.00        2.25
---------------------------------------------------------------------------
Final Operators (Elapsed Time: 2.56 s)
Step            Shape                     Compression
H               36864,36864                   888.29
S               36864,36864                 64687.48
q               36864                           1.00
B_out           36864,36864                 14827.82
===========================================================================
===========================================================================
Running TTAssembler.build()
Discretization: N = 256, G = 1, P = 1, A = 12, B = 12
Operators: H, S, B_out
---------------------------------------------------------------------------
  0%|          | 0/1 [00:00<?, ?it/s]
Assembling Patch 0
Step            Ranks                     Compression  Elapsed Time (s)
Intg_int        1,1                            71.75        1.64
Intg_str        1,2,2                          47.72        1.65
H               3,3,3,3,3,5                  1738.18        1.65
S               1,1,1,1,1,1               3131231.56        1.65
Intg_out        1,3,4,4,3                    2214.61        1.82
B_out           3,4,4,4,4,3                  2186.33        1.82
---------------------------------------------------------------------------
Final Operators (Elapsed Time: 2.13 s)
Step            Ranks                     Compression
H               3,3,3,2                    577786.78
S               1,1,1,1                   3145728.00
B_out           3,4,4,3                    339738.62
===========================================================================
Running batched GMRES on CPU
-- (1): |r| = 0.001343513777, |r|/|b| = 0.000009216177, Elapsed Time = 0.425 s
-- (2): |r| = 0.000001920353, |r|/|b| = 0.000000013173, Elapsed Time = 0.852 s
-- Converged!
Running batched GMRES on CPU
-- (1): |r| = 0.001343513777, |r|/|b| = 0.000009216177, Elapsed Time = 0.649 s
-- (2): |r| = 0.000001926732, |r|/|b| = 0.000000013217, Elapsed Time = 1.296 s
-- Converged!
Running batched GMRES on CPU
-- (1): |r| = 0.001343513777, |r|/|b| = 0.000009216177, Elapsed Time = 0.586 s
-- (2): |r| = 0.000001926637, |r|/|b| = 0.000000013216, Elapsed Time = 1.166 s
-- Converged!
Running batched GMRES on CPU
-- (1): |r| = 0.001343513777, |r|/|b| = 0.000009216177, Elapsed Time = 0.472 s
-- (2): |r| = 0.000001931854, |r|/|b| = 0.000000013252, Elapsed Time = 0.939 s
-- Converged!
Finished iteration! Run time = 16.697 s, Elapsed time = 312.783
================================================================================
Already ran case 49: N=256, G=1, A=12, B=12, p=2, q=2, eps=1e-08, device=gpu
================================================================================
Running case 50: N=256, G=1, A=12, B=12, p=2, q=2, eps=1e-05, device=cpu
Running batched GMRES on CPU
-- (1): |r| = 0.001343513777, |r|/|b| = 0.000009216177, Elapsed Time = 0.640 s
-- (2): |r| = 0.000001929535, |r|/|b| = 0.000000013236, Elapsed Time = 1.286 s
-- Converged!
Running batched GMRES on CPU
-- (1): |r| = 0.001343513777, |r|/|b| = 0.000009216177, Elapsed Time = 0.577 s
-- (2): |r| = 0.000001929554, |r|/|b| = 0.000000013236, Elapsed Time = 1.156 s
-- Converged!
Running batched GMRES on CPU
-- (1): |r| = 0.001343513777, |r|/|b| = 0.000009216177, Elapsed Time = 0.464 s
-- (2): |r| = 0.000001932027, |r|/|b| = 0.000000013253, Elapsed Time = 0.927 s
-- Converged!
Finished iteration! Run time = 10.075 s, Elapsed time = 322.940
================================================================================
Already ran case 51: N=256, G=1, A=12, B=12, p=2, q=2, eps=1e-05, device=gpu
================================================================================
Running case 52: N=256, G=1, A=12, B=12, p=2, q=2, eps=0.001, device=cpu
Running batched GMRES on CPU
-- (1): |r| = 0.001343513777, |r|/|b| = 0.000009216177, Elapsed Time = 0.648 s
-- (2): |r| = 0.000001931008, |r|/|b| = 0.000000013246, Elapsed Time = 1.290 s
-- Converged!
Running batched GMRES on CPU
-- (1): |r| = 0.001343513777, |r|/|b| = 0.000009216177, Elapsed Time = 0.590 s
-- (2): |r| = 0.000001931039, |r|/|b| = 0.000000013246, Elapsed Time = 1.172 s
-- Converged!
Running batched GMRES on CPU
-- (1): |r| = 0.001343513777, |r|/|b| = 0.000009216177, Elapsed Time = 0.474 s
-- (2): |r| = 0.000001932041, |r|/|b| = 0.000000013253, Elapsed Time = 0.941 s
-- Converged!
Finished iteration! Run time = 10.168 s, Elapsed time = 333.189
================================================================================
Already ran case 53: N=256, G=1, A=12, B=12, p=2, q=2, eps=0.001, device=gpu
IGAMesh(id=9, name=None, num_patches=1, reflective_boundaries=False)
  -> Patch(material=Source, source=IsotropicInternalSource, id=0, name=None, shape=(13, 13), backend=geomdl)
================================================================================
Running case 54: N=256, G=1, A=13, B=13, p=3, q=3, eps=1e-08, device=cpu
===========================================================================
Running MatrixAssembler.build()
Discretization: N = 256, G = 1, P = 1, A = 13, B = 13
Operators: H, S, q, B_out
---------------------------------------------------------------------------
  0%|          | 0/1 [00:00<?, ?it/s]
Assembling Patch 0
Step            Shape                     Compression  Elapsed Time (s)
H               43264,43264                     1.00        2.75
S               1,169,169                       1.00        2.76
B_out           43264,43264                     1.00        3.12
---------------------------------------------------------------------------
Final Operators (Elapsed Time: 3.42 s)
Step            Shape                     Compression
H               43264,43264                   577.95
S               43264,43264                 64917.76
q               43264                           1.00
B_out           43264,43264                 15137.80
===========================================================================
===========================================================================
Running TTAssembler.build()
Discretization: N = 256, G = 1, P = 1, A = 13, B = 13
Operators: H, S, B_out
---------------------------------------------------------------------------
  0%|          | 0/1 [00:00<?, ?it/s]
Assembling Patch 0
Step            Ranks                     Compression  Elapsed Time (s)
Intg_int        1,1                            84.25        2.20
Intg_str        1,2,2                          56.06        2.21
H               3,3,3,3,3,5                  2057.29        2.21
S               1,1,1,1,1,1               3867301.02        2.21
Intg_out        1,3,4,4,3                    2637.67        2.46
B_out           3,4,4,4,4,3                  2608.50        2.46
---------------------------------------------------------------------------
Final Operators (Elapsed Time: 2.77 s)
Step            Ranks                     Compression
H               3,3,3,2                    733453.64
S               1,1,1,1                   3883347.92
B_out           3,4,4,3                    427833.99
===========================================================================
Running batched GMRES on CPU
-- (1): |r| = 0.008678820120, |r|/|b| = 0.000061991572, Elapsed Time = 0.626 s
-- (2): |r| = 0.000700730591, |r|/|b| = 0.000005005219, Elapsed Time = 1.250 s
-- (3): |r| = 0.000090402202, |r|/|b| = 0.000000645730, Elapsed Time = 1.876 s
-- Converged!
Running batched GMRES on CPU
-- (1): |r| = 0.008678820120, |r|/|b| = 0.000061991572, Elapsed Time = 1.024 s
-- (2): |r| = 0.000700735408, |r|/|b| = 0.000005005253, Elapsed Time = 2.042 s
-- (3): |r| = 0.000090594014, |r|/|b| = 0.000000647100, Elapsed Time = 3.063 s
-- Converged!
Running batched GMRES on CPU
-- (1): |r| = 0.008678820120, |r|/|b| = 0.000061991572, Elapsed Time = 0.862 s
-- (2): |r| = 0.000700735297, |r|/|b| = 0.000005005252, Elapsed Time = 1.716 s
-- (3): |r| = 0.000090505064, |r|/|b| = 0.000000646465, Elapsed Time = 2.558 s
-- Converged!
Running batched GMRES on CPU
-- (1): |r| = 0.008678820138, |r|/|b| = 0.000061991572, Elapsed Time = 0.697 s
-- (2): |r| = 0.000700739897, |r|/|b| = 0.000005005285, Elapsed Time = 1.388 s
-- (3): |r| = 0.000090502506, |r|/|b| = 0.000000646446, Elapsed Time = 2.076 s
-- Converged!
Finished iteration! Run time = 26.955 s, Elapsed time = 360.277
================================================================================
Already ran case 55: N=256, G=1, A=13, B=13, p=3, q=3, eps=1e-08, device=gpu
================================================================================
Running case 56: N=256, G=1, A=13, B=13, p=3, q=3, eps=1e-05, device=cpu
Running batched GMRES on CPU
-- (1): |r| = 0.008678820120, |r|/|b| = 0.000061991572, Elapsed Time = 1.018 s
-- (2): |r| = 0.000700735638, |r|/|b| = 0.000005005255, Elapsed Time = 2.037 s
-- (3): |r| = 0.000090572949, |r|/|b| = 0.000000646950, Elapsed Time = 3.055 s
-- Converged!
Running batched GMRES on CPU
-- (1): |r| = 0.008678820120, |r|/|b| = 0.000061991572, Elapsed Time = 0.854 s
-- (2): |r| = 0.000700735353, |r|/|b| = 0.000005005253, Elapsed Time = 1.715 s
-- (3): |r| = 0.000090419259, |r|/|b| = 0.000000645852, Elapsed Time = 2.570 s
-- Converged!
Running batched GMRES on CPU
-- (1): |r| = 0.008678820129, |r|/|b| = 0.000061991572, Elapsed Time = 0.698 s
-- (2): |r| = 0.000700747423, |r|/|b| = 0.000005005339, Elapsed Time = 1.395 s
-- (3): |r| = 0.000090669922, |r|/|b| = 0.000000647642, Elapsed Time = 2.091 s
-- Converged!
Finished iteration! Run time = 17.550 s, Elapsed time = 377.908
================================================================================
Already ran case 57: N=256, G=1, A=13, B=13, p=3, q=3, eps=1e-05, device=gpu
================================================================================
Running case 58: N=256, G=1, A=13, B=13, p=3, q=3, eps=0.001, device=cpu
Running batched GMRES on CPU
-- (1): |r| = 0.008678820120, |r|/|b| = 0.000061991572, Elapsed Time = 1.021 s
-- (2): |r| = 0.000700738006, |r|/|b| = 0.000005005271, Elapsed Time = 2.041 s
-- (3): |r| = 0.000090673863, |r|/|b| = 0.000000647670, Elapsed Time = 3.058 s
-- Converged!
Running batched GMRES on CPU
-- (1): |r| = 0.008678820120, |r|/|b| = 0.000061991572, Elapsed Time = 0.850 s
-- (2): |r| = 0.000700735361, |r|/|b| = 0.000005005253, Elapsed Time = 1.697 s
-- (3): |r| = 0.000090391788, |r|/|b| = 0.000000645656, Elapsed Time = 2.561 s
-- Converged!
Running batched GMRES on CPU
-- (1): |r| = 0.008678820129, |r|/|b| = 0.000061991572, Elapsed Time = 0.685 s
-- (2): |r| = 0.000700735909, |r|/|b| = 0.000005005256, Elapsed Time = 1.381 s
-- (3): |r| = 0.000090405234, |r|/|b| = 0.000000645752, Elapsed Time = 2.073 s
-- Converged!
Finished iteration! Run time = 17.415 s, Elapsed time = 395.404
================================================================================
Already ran case 59: N=256, G=1, A=13, B=13, p=3, q=3, eps=0.001, device=gpu
IGAMesh(id=10, name=None, num_patches=1, reflective_boundaries=False)
  -> Patch(material=Source, source=IsotropicInternalSource, id=0, name=None, shape=(14, 14), backend=geomdl)
================================================================================
Running case 60: N=256, G=1, A=14, B=14, p=4, q=4, eps=1e-08, device=cpu
===========================================================================
Running MatrixAssembler.build()
Discretization: N = 256, G = 1, P = 1, A = 14, B = 14
Operators: H, S, q, B_out
---------------------------------------------------------------------------
  0%|          | 0/1 [00:00<?, ?it/s]
Assembling Patch 0
Step            Shape                     Compression  Elapsed Time (s)
H               50176,50176                     1.00        4.39
S               1,196,196                       1.00        4.41
B_out           50176,50176                     1.00        4.89
---------------------------------------------------------------------------
Final Operators (Elapsed Time: 5.2 s)
Step            Shape                     Compression
H               50176,50176                   433.85
S               50176,50176                 65075.24
q               50176                           1.00
B_out           50176,50176                 15913.32
===========================================================================
===========================================================================
Running TTAssembler.build()
Discretization: N = 256, G = 1, P = 1, A = 14, B = 14
Operators: H, S, B_out
---------------------------------------------------------------------------
  0%|          | 0/1 [00:00<?, ?it/s]
Assembling Patch 0
Step            Ranks                     Compression  Elapsed Time (s)
Intg_int        1,1                            97.75        3.32
Intg_str        1,2,2                          65.06        3.33
H               3,3,3,3,3,5                  2402.17        3.33
S               1,1,1,1,1,1               4679611.48        3.33
Intg_out        1,3,4,4,3                    3095.53        3.75
B_out           3,4,4,4,4,3                  3065.62        3.75
---------------------------------------------------------------------------
Final Operators (Elapsed Time: 4.07 s)
Step            Ranks                     Compression
H               3,3,3,2                    909548.76
S               1,1,1,1                   4697072.72
B_out           3,4,4,3                    526701.04
===========================================================================
Running batched GMRES on CPU
-- (1): |r| = 0.020096270220, |r|/|b| = 0.000149525820, Elapsed Time = 0.890 s
-- (2): |r| = 0.003275015828, |r|/|b| = 0.000024367677, Elapsed Time = 1.773 s
-- (3): |r| = 0.001161843412, |r|/|b| = 0.000008644668, Elapsed Time = 2.656 s
-- (4): |r| = 0.000465387711, |r|/|b| = 0.000003462706, Elapsed Time = 3.529 s
-- (5): |r| = 0.000171140569, |r|/|b| = 0.000001273367, Elapsed Time = 4.421 s
-- (6): |r| = 0.000065766506, |r|/|b| = 0.000000489334, Elapsed Time = 5.316 s
-- Converged!
Running batched GMRES on CPU
-- (1): |r| = 0.020096270332, |r|/|b| = 0.000149525821, Elapsed Time = 1.158 s
-- (2): |r| = 0.003275714846, |r|/|b| = 0.000024372878, Elapsed Time = 2.299 s
-- (3): |r| = 0.001162247179, |r|/|b| = 0.000008647672, Elapsed Time = 3.456 s
-- (4): |r| = 0.000465834033, |r|/|b| = 0.000003466027, Elapsed Time = 4.628 s
-- (5): |r| = 0.000171409365, |r|/|b| = 0.000001275367, Elapsed Time = 5.776 s
-- (6): |r| = 0.000065854623, |r|/|b| = 0.000000489990, Elapsed Time = 6.938 s
-- Converged!
Running batched GMRES on CPU
-- (1): |r| = 0.020096270237, |r|/|b| = 0.000149525820, Elapsed Time = 1.073 s
-- (2): |r| = 0.003275508746, |r|/|b| = 0.000024371345, Elapsed Time = 2.143 s
-- (3): |r| = 0.001162233568, |r|/|b| = 0.000008647571, Elapsed Time = 3.216 s
-- (4): |r| = 0.000465791838, |r|/|b| = 0.000003465713, Elapsed Time = 4.295 s
-- (5): |r| = 0.000171380686, |r|/|b| = 0.000001275154, Elapsed Time = 5.380 s
-- (6): |r| = 0.000065862105, |r|/|b| = 0.000000490045, Elapsed Time = 6.460 s
-- Converged!
Running batched GMRES on CPU
-- (1): |r| = 0.020096270621, |r|/|b| = 0.000149525823, Elapsed Time = 0.869 s
-- (2): |r| = 0.003279379994, |r|/|b| = 0.000024400149, Elapsed Time = 1.748 s
-- (3): |r| = 0.001162093707, |r|/|b| = 0.000008646531, Elapsed Time = 2.624 s
-- (4): |r| = 0.000465633928, |r|/|b| = 0.000003464538, Elapsed Time = 3.504 s
-- (5): |r| = 0.000171028417, |r|/|b| = 0.000001272533, Elapsed Time = 4.392 s
-- (6): |r| = 0.000065644392, |r|/|b| = 0.000000488426, Elapsed Time = 5.288 s
-- Converged!
Finished iteration! Run time = 44.859 s, Elapsed time = 440.398
================================================================================
Already ran case 61: N=256, G=1, A=14, B=14, p=4, q=4, eps=1e-08, device=gpu
================================================================================
Running case 62: N=256, G=1, A=14, B=14, p=4, q=4, eps=1e-05, device=cpu
Running batched GMRES on CPU
-- (1): |r| = 0.020096270376, |r|/|b| = 0.000149525821, Elapsed Time = 1.129 s
-- (2): |r| = 0.003274256626, |r|/|b| = 0.000024362028, Elapsed Time = 2.304 s
-- (3): |r| = 0.001161205251, |r|/|b| = 0.000008639920, Elapsed Time = 3.438 s
-- (4): |r| = 0.000465193840, |r|/|b| = 0.000003461264, Elapsed Time = 4.597 s
-- (5): |r| = 0.000170814154, |r|/|b| = 0.000001270939, Elapsed Time = 5.760 s
-- (6): |r| = 0.000065596274, |r|/|b| = 0.000000488068, Elapsed Time = 6.872 s
-- Converged!
Running batched GMRES on CPU
-- (1): |r| = 0.020096270232, |r|/|b| = 0.000149525820, Elapsed Time = 1.080 s
-- (2): |r| = 0.003275298702, |r|/|b| = 0.000024369782, Elapsed Time = 2.156 s
-- (3): |r| = 0.001162206492, |r|/|b| = 0.000008647370, Elapsed Time = 3.233 s
-- (4): |r| = 0.000465881216, |r|/|b| = 0.000003466378, Elapsed Time = 4.296 s
-- (5): |r| = 0.000171502218, |r|/|b| = 0.000001276058, Elapsed Time = 5.378 s
-- (6): |r| = 0.000065887373, |r|/|b| = 0.000000490233, Elapsed Time = 6.438 s
-- Converged!
Running batched GMRES on CPU
-- (1): |r| = 0.020096271402, |r|/|b| = 0.000149525829, Elapsed Time = 0.899 s
-- (2): |r| = 0.003275259431, |r|/|b| = 0.000024369490, Elapsed Time = 1.813 s
-- (3): |r| = 0.001161734926, |r|/|b| = 0.000008643861, Elapsed Time = 2.713 s
-- (4): |r| = 0.000465366078, |r|/|b| = 0.000003462545, Elapsed Time = 3.605 s
-- (5): |r| = 0.000170885380, |r|/|b| = 0.000001271469, Elapsed Time = 4.506 s
-- (6): |r| = 0.000065524289, |r|/|b| = 0.000000487532, Elapsed Time = 5.406 s
-- Converged!
Finished iteration! Run time = 28.107 s, Elapsed time = 468.587
================================================================================
Already ran case 63: N=256, G=1, A=14, B=14, p=4, q=4, eps=1e-05, device=gpu
================================================================================
Running case 64: N=256, G=1, A=14, B=14, p=4, q=4, eps=0.001, device=cpu
Running batched GMRES on CPU
-- (1): |r| = 0.020096270234, |r|/|b| = 0.000149525820, Elapsed Time = 1.213 s
-- (2): |r| = 0.003271983428, |r|/|b| = 0.000024345115, Elapsed Time = 2.422 s
-- (3): |r| = 0.001160476134, |r|/|b| = 0.000008634495, Elapsed Time = 3.633 s
-- (4): |r| = 0.000464843037, |r|/|b| = 0.000003458654, Elapsed Time = 4.846 s
-- (5): |r| = 0.000170728209, |r|/|b| = 0.000001270299, Elapsed Time = 6.056 s
-- (6): |r| = 0.000065557162, |r|/|b| = 0.000000487777, Elapsed Time = 7.265 s
-- Converged!
Running batched GMRES on CPU
-- (1): |r| = 0.020096270223, |r|/|b| = 0.000149525820, Elapsed Time = 1.089 s
-- (2): |r| = 0.003274767611, |r|/|b| = 0.000024365830, Elapsed Time = 2.165 s
-- (3): |r| = 0.001161668485, |r|/|b| = 0.000008643367, Elapsed Time = 3.250 s
-- (4): |r| = 0.000465440024, |r|/|b| = 0.000003463095, Elapsed Time = 4.329 s
-- (5): |r| = 0.000171064342, |r|/|b| = 0.000001272800, Elapsed Time = 5.414 s
-- (6): |r| = 0.000065548762, |r|/|b| = 0.000000487714, Elapsed Time = 6.499 s
-- Converged!
Running batched GMRES on CPU
-- (1): |r| = 0.020096270293, |r|/|b| = 0.000149525821, Elapsed Time = 0.914 s
-- (2): |r| = 0.003275413358, |r|/|b| = 0.000024370635, Elapsed Time = 1.818 s
-- (3): |r| = 0.001162270803, |r|/|b| = 0.000008647848, Elapsed Time = 2.722 s
-- (4): |r| = 0.000466047360, |r|/|b| = 0.000003467614, Elapsed Time = 3.605 s
-- (5): |r| = 0.000171591900, |r|/|b| = 0.000001276725, Elapsed Time = 4.473 s
-- (6): |r| = 0.000065825998, |r|/|b| = 0.000000489777, Elapsed Time = 5.352 s
-- Converged!
Finished iteration! Run time = 28.896 s, Elapsed time = 497.567
================================================================================
Already ran case 65: N=256, G=1, A=14, B=14, p=4, q=4, eps=0.001, device=gpu
IGAMesh(id=11, name=None, num_patches=1, reflective_boundaries=False)
  -> Patch(material=Source, source=IsotropicInternalSource, id=0, name=None, shape=(16, 16), backend=geomdl)
================================================================================
Running case 66: N=256, G=1, A=16, B=16, p=6, q=6, eps=1e-08, device=cpu
===========================================================================
Running MatrixAssembler.build()
Discretization: N = 256, G = 1, P = 1, A = 16, B = 16
Operators: H, S, q, B_out
---------------------------------------------------------------------------
  0%|          | 0/1 [00:00<?, ?it/s]
Assembling Patch 0
Step            Shape                     Compression  Elapsed Time (s)
H               65536,65536                     1.00       10.29
S               1,256,256                       1.00       10.33
B_out           65536,65536                     1.00       11.42
---------------------------------------------------------------------------
Final Operators (Elapsed Time: 11.73 s)
Step            Shape                     Compression
H               65536,65536                   303.01
S               65536,65536                 65265.12
q               65536                           1.00
B_out           65536,65536                 18275.76
===========================================================================
===========================================================================
Running TTAssembler.build()
Discretization: N = 256, G = 1, P = 1, A = 16, B = 16
Operators: H, S, B_out
---------------------------------------------------------------------------
  0%|          | 0/1 [00:00<?, ?it/s]
Assembling Patch 0
Step            Ranks                     Compression  Elapsed Time (s)
Intg_int        1,1                           127.75        7.55
Intg_str        1,2,2                          85.06        7.57
H               3,3,3,3,3,5                  3169.10        7.57
S               1,1,1,1,1,1               6527305.92        7.58
Intg_out        1,3,4,4,3                    4115.09        8.71
B_out           3,4,4,4,4,3                  4084.04        8.72
---------------------------------------------------------------------------
Final Operators (Elapsed Time: 9.03 s)
Step            Ranks                     Compression
H               3,3,3,2                   1322342.15
S               1,1,1,1                   6547206.24
B_out           3,4,4,3                    756156.21
===========================================================================
Running batched GMRES on CPU
-- (1): |r| = 0.039786295875, |r|/|b| = 0.000322342675, Elapsed Time = 1.217 s
-- (2): |r| = 0.010064461770, |r|/|b| = 0.000081540778, Elapsed Time = 2.428 s
-- (3): |r| = 0.005041831193, |r|/|b| = 0.000040848169, Elapsed Time = 3.786 s
-- (4): |r| = 0.003222301344, |r|/|b| = 0.000026106608, Elapsed Time = 5.072 s
-- (5): |r| = 0.002206309895, |r|/|b| = 0.000017875196, Elapsed Time = 6.318 s
-- (6): |r| = 0.001656097799, |r|/|b| = 0.000013417459, Elapsed Time = 7.561 s
-- (7): |r| = 0.001293645116, |r|/|b| = 0.000010480921, Elapsed Time = 8.810 s
-- (8): |r| = 0.001030910119, |r|/|b| = 0.000008352281, Elapsed Time = 10.063 s
-- (9): |r| = 0.000857128070, |r|/|b| = 0.000006944325, Elapsed Time = 11.354 s
-- (10): |r| = 0.000741785080, |r|/|b| = 0.000006009833, Elapsed Time = 12.619 s
-- (11): |r| = 0.000653551878, |r|/|b| = 0.000005294980, Elapsed Time = 13.911 s
-- (12): |r| = 0.000581874520, |r|/|b| = 0.000004714261, Elapsed Time = 15.197 s
-- (13): |r| = 0.000517795001, |r|/|b| = 0.000004195098, Elapsed Time = 16.497 s
-- (14): |r| = 0.000464877400, |r|/|b| = 0.000003766368, Elapsed Time = 17.774 s
-- (15): |r| = 0.000424974002, |r|/|b| = 0.000003443076, Elapsed Time = 19.067 s
-- (16): |r| = 0.000391312324, |r|/|b| = 0.000003170354, Elapsed Time = 20.365 s
-- (17): |r| = 0.000359007632, |r|/|b| = 0.000002908627, Elapsed Time = 21.672 s
-- (18): |r| = 0.000330235797, |r|/|b| = 0.000002675522, Elapsed Time = 23.013 s
-- (19): |r| = 0.000307761115, |r|/|b| = 0.000002493435, Elapsed Time = 24.304 s
-- (20): |r| = 0.000288341595, |r|/|b| = 0.000002336101, Elapsed Time = 25.645 s
-- (21): |r| = 0.000270828470, |r|/|b| = 0.000002194212, Elapsed Time = 27.000 s
-- (22): |r| = 0.000253118200, |r|/|b| = 0.000002050726, Elapsed Time = 28.289 s
-- (23): |r| = 0.000237351036, |r|/|b| = 0.000001922983, Elapsed Time = 29.453 s
-- (24): |r| = 0.000224757645, |r|/|b| = 0.000001820953, Elapsed Time = 30.617 s
-- (25): |r| = 0.000213519404, |r|/|b| = 0.000001729903, Elapsed Time = 31.810 s
-- (26): |r| = 0.000202070477, |r|/|b| = 0.000001637145, Elapsed Time = 33.049 s
-- (27): |r| = 0.000190830786, |r|/|b| = 0.000001546083, Elapsed Time = 34.289 s
-- (28): |r| = 0.000181987626, |r|/|b| = 0.000001474437, Elapsed Time = 35.544 s
-- (29): |r| = 0.000174346937, |r|/|b| = 0.000001412533, Elapsed Time = 36.902 s
-- (30): |r| = 0.000167078607, |r|/|b| = 0.000001353646, Elapsed Time = 38.192 s
-- (31): |r| = 0.000159360496, |r|/|b| = 0.000001291115, Elapsed Time = 39.473 s
-- (32): |r| = 0.000151817074, |r|/|b| = 0.000001229999, Elapsed Time = 40.790 s
-- (33): |r| = 0.000145834597, |r|/|b| = 0.000001181530, Elapsed Time = 41.953 s
-- (34): |r| = 0.000140443078, |r|/|b| = 0.000001137849, Elapsed Time = 43.085 s
-- (35): |r| = 0.000135074508, |r|/|b| = 0.000001094354, Elapsed Time = 44.261 s
-- (36): |r| = 0.000128780888, |r|/|b| = 0.000001043364, Elapsed Time = 45.525 s
-- (37): |r| = 0.000123510842, |r|/|b| = 0.000001000667, Elapsed Time = 46.761 s
-- (38): |r| = 0.000119218992, |r|/|b| = 0.000000965895, Elapsed Time = 48.104 s
-- Converged!
Running batched GMRES on CPU
-- (1): |r| = 0.039786521969, |r|/|b| = 0.000322344507, Elapsed Time = 1.548 s
-- (2): |r| = 0.010064954819, |r|/|b| = 0.000081544773, Elapsed Time = 3.077 s
-- (3): |r| = 0.005042657515, |r|/|b| = 0.000040854864, Elapsed Time = 4.613 s
-- (4): |r| = 0.003222128092, |r|/|b| = 0.000026105204, Elapsed Time = 6.153 s
-- (5): |r| = 0.002206352927, |r|/|b| = 0.000017875545, Elapsed Time = 7.690 s
-- (6): |r| = 0.001655870039, |r|/|b| = 0.000013415614, Elapsed Time = 9.225 s
-- (7): |r| = 0.001293102010, |r|/|b| = 0.000010476521, Elapsed Time = 10.756 s
-- (8): |r| = 0.001030555171, |r|/|b| = 0.000008349405, Elapsed Time = 12.304 s
-- (9): |r| = 0.000857291238, |r|/|b| = 0.000006945647, Elapsed Time = 13.839 s
-- (10): |r| = 0.000741733659, |r|/|b| = 0.000006009416, Elapsed Time = 15.377 s
-- (11): |r| = 0.000653638472, |r|/|b| = 0.000005295682, Elapsed Time = 16.904 s
-- (12): |r| = 0.000582081057, |r|/|b| = 0.000004715934, Elapsed Time = 18.435 s
-- (13): |r| = 0.000517969482, |r|/|b| = 0.000004196512, Elapsed Time = 19.977 s
-- (14): |r| = 0.000465085370, |r|/|b| = 0.000003768053, Elapsed Time = 21.503 s
-- (15): |r| = 0.000425260244, |r|/|b| = 0.000003445395, Elapsed Time = 23.044 s
-- (16): |r| = 0.000391573970, |r|/|b| = 0.000003172474, Elapsed Time = 24.584 s
-- (17): |r| = 0.000359525855, |r|/|b| = 0.000002912825, Elapsed Time = 26.107 s
-- (18): |r| = 0.000330831088, |r|/|b| = 0.000002680344, Elapsed Time = 27.649 s
-- (19): |r| = 0.000308277084, |r|/|b| = 0.000002497615, Elapsed Time = 29.189 s
-- (20): |r| = 0.000288531288, |r|/|b| = 0.000002337638, Elapsed Time = 30.726 s
-- (21): |r| = 0.000270742335, |r|/|b| = 0.000002193514, Elapsed Time = 32.241 s
-- (22): |r| = 0.000252948105, |r|/|b| = 0.000002049348, Elapsed Time = 33.745 s
-- (23): |r| = 0.000237129536, |r|/|b| = 0.000001921188, Elapsed Time = 35.283 s
-- (24): |r| = 0.000224765780, |r|/|b| = 0.000001821019, Elapsed Time = 36.811 s
-- (25): |r| = 0.000213526686, |r|/|b| = 0.000001729962, Elapsed Time = 38.313 s
-- (26): |r| = 0.000202054147, |r|/|b| = 0.000001637013, Elapsed Time = 39.827 s
-- (27): |r| = 0.000190885079, |r|/|b| = 0.000001546523, Elapsed Time = 41.308 s
-- (28): |r| = 0.000182002537, |r|/|b| = 0.000001474558, Elapsed Time = 42.757 s
-- (29): |r| = 0.000174277579, |r|/|b| = 0.000001411971, Elapsed Time = 44.221 s
-- (30): |r| = 0.000166844492, |r|/|b| = 0.000001351749, Elapsed Time = 45.679 s
-- (31): |r| = 0.000159189833, |r|/|b| = 0.000001289732, Elapsed Time = 47.188 s
-- (32): |r| = 0.000151446759, |r|/|b| = 0.000001226999, Elapsed Time = 48.704 s
-- (33): |r| = 0.000145351738, |r|/|b| = 0.000001177618, Elapsed Time = 50.162 s
-- (34): |r| = 0.000139936935, |r|/|b| = 0.000001133748, Elapsed Time = 51.624 s
-- (35): |r| = 0.000134547182, |r|/|b| = 0.000001090081, Elapsed Time = 53.093 s
-- (36): |r| = 0.000128184231, |r|/|b| = 0.000001038530, Elapsed Time = 54.561 s
-- (37): |r| = 0.000122785109, |r|/|b| = 0.000000994787, Elapsed Time = 56.050 s
-- Converged!
Running batched GMRES on CPU
-- (1): |r| = 0.039786530753, |r|/|b| = 0.000322344578, Elapsed Time = 1.442 s
-- (2): |r| = 0.010064918816, |r|/|b| = 0.000081544481, Elapsed Time = 2.896 s
-- (3): |r| = 0.005042540274, |r|/|b| = 0.000040853914, Elapsed Time = 4.352 s
-- (4): |r| = 0.003222069901, |r|/|b| = 0.000026104733, Elapsed Time = 5.782 s
-- (5): |r| = 0.002206379627, |r|/|b| = 0.000017875761, Elapsed Time = 7.167 s
-- (6): |r| = 0.001656002091, |r|/|b| = 0.000013416684, Elapsed Time = 8.602 s
-- (7): |r| = 0.001293297618, |r|/|b| = 0.000010478106, Elapsed Time = 10.032 s
-- (8): |r| = 0.001030644705, |r|/|b| = 0.000008350131, Elapsed Time = 11.426 s
-- (9): |r| = 0.000857372471, |r|/|b| = 0.000006946305, Elapsed Time = 12.789 s
-- (10): |r| = 0.000741803081, |r|/|b| = 0.000006009979, Elapsed Time = 14.172 s
-- (11): |r| = 0.000653748099, |r|/|b| = 0.000005296570, Elapsed Time = 15.558 s
-- (12): |r| = 0.000582080408, |r|/|b| = 0.000004715929, Elapsed Time = 16.936 s
-- (13): |r| = 0.000518022377, |r|/|b| = 0.000004196941, Elapsed Time = 18.319 s
-- (14): |r| = 0.000465118122, |r|/|b| = 0.000003768318, Elapsed Time = 19.703 s
-- (15): |r| = 0.000425240147, |r|/|b| = 0.000003445233, Elapsed Time = 21.132 s
-- (16): |r| = 0.000391584584, |r|/|b| = 0.000003172560, Elapsed Time = 22.569 s
-- (17): |r| = 0.000359341480, |r|/|b| = 0.000002911331, Elapsed Time = 24.014 s
-- (18): |r| = 0.000330596119, |r|/|b| = 0.000002678441, Elapsed Time = 25.459 s
-- (19): |r| = 0.000308092829, |r|/|b| = 0.000002496122, Elapsed Time = 26.894 s
-- (20): |r| = 0.000288520049, |r|/|b| = 0.000002337547, Elapsed Time = 28.334 s
-- (21): |r| = 0.000270847459, |r|/|b| = 0.000002194366, Elapsed Time = 29.779 s
-- (22): |r| = 0.000253161345, |r|/|b| = 0.000002051076, Elapsed Time = 31.211 s
-- (23): |r| = 0.000237301046, |r|/|b| = 0.000001922578, Elapsed Time = 32.654 s
-- (24): |r| = 0.000224862953, |r|/|b| = 0.000001821806, Elapsed Time = 34.084 s
-- (25): |r| = 0.000213612673, |r|/|b| = 0.000001730658, Elapsed Time = 35.520 s
-- (26): |r| = 0.000202289802, |r|/|b| = 0.000001638922, Elapsed Time = 36.968 s
-- (27): |r| = 0.000191278320, |r|/|b| = 0.000001549709, Elapsed Time = 38.406 s
-- (28): |r| = 0.000182409279, |r|/|b| = 0.000001477853, Elapsed Time = 39.844 s
-- (29): |r| = 0.000174774144, |r|/|b| = 0.000001415994, Elapsed Time = 41.241 s
-- (30): |r| = 0.000167598348, |r|/|b| = 0.000001357857, Elapsed Time = 42.624 s
-- (31): |r| = 0.000160163431, |r|/|b| = 0.000001297620, Elapsed Time = 44.027 s
-- (32): |r| = 0.000152364930, |r|/|b| = 0.000001234438, Elapsed Time = 45.464 s
-- (33): |r| = 0.000146109741, |r|/|b| = 0.000001183759, Elapsed Time = 46.901 s
-- (34): |r| = 0.000140713158, |r|/|b| = 0.000001140037, Elapsed Time = 48.289 s
-- (35): |r| = 0.000135478767, |r|/|b| = 0.000001097629, Elapsed Time = 49.673 s
-- (36): |r| = 0.000129225120, |r|/|b| = 0.000001046963, Elapsed Time = 51.112 s
-- (37): |r| = 0.000123651401, |r|/|b| = 0.000001001805, Elapsed Time = 52.569 s
-- (38): |r| = 0.000119294411, |r|/|b| = 0.000000966506, Elapsed Time = 54.006 s
-- Converged!
Running batched GMRES on CPU
-- (1): |r| = 0.039823331416, |r|/|b| = 0.000322642731, Elapsed Time = 1.333 s
-- (2): |r| = 0.010068767794, |r|/|b| = 0.000081575665, Elapsed Time = 2.752 s
-- (3): |r| = 0.005045354094, |r|/|b| = 0.000040876711, Elapsed Time = 4.152 s
-- (4): |r| = 0.003224339725, |r|/|b| = 0.000026123123, Elapsed Time = 5.545 s
-- (5): |r| = 0.002206374435, |r|/|b| = 0.000017875719, Elapsed Time = 6.917 s
-- (6): |r| = 0.001655729590, |r|/|b| = 0.000013414476, Elapsed Time = 8.288 s
-- (7): |r| = 0.001291310002, |r|/|b| = 0.000010462002, Elapsed Time = 9.639 s
-- (8): |r| = 0.001029538268, |r|/|b| = 0.000008341167, Elapsed Time = 11.024 s
-- (9): |r| = 0.000857239395, |r|/|b| = 0.000006945227, Elapsed Time = 12.344 s
-- (10): |r| = 0.000741472301, |r|/|b| = 0.000006007299, Elapsed Time = 13.644 s
-- (11): |r| = 0.000653739294, |r|/|b| = 0.000005296499, Elapsed Time = 15.016 s
-- (12): |r| = 0.000581780416, |r|/|b| = 0.000004713499, Elapsed Time = 16.399 s
-- (13): |r| = 0.000517864556, |r|/|b| = 0.000004195662, Elapsed Time = 17.716 s
-- (14): |r| = 0.000464928945, |r|/|b| = 0.000003766785, Elapsed Time = 19.068 s
-- (15): |r| = 0.000424995309, |r|/|b| = 0.000003443249, Elapsed Time = 20.336 s
-- (16): |r| = 0.000391417276, |r|/|b| = 0.000003171205, Elapsed Time = 21.626 s
-- (17): |r| = 0.000358934061, |r|/|b| = 0.000002908031, Elapsed Time = 22.907 s
-- (18): |r| = 0.000330123050, |r|/|b| = 0.000002674608, Elapsed Time = 24.154 s
-- (19): |r| = 0.000307409250, |r|/|b| = 0.000002490584, Elapsed Time = 25.407 s
-- (20): |r| = 0.000288040410, |r|/|b| = 0.000002333661, Elapsed Time = 26.709 s
-- (21): |r| = 0.000269939840, |r|/|b| = 0.000002187013, Elapsed Time = 27.950 s
-- (22): |r| = 0.000252102726, |r|/|b| = 0.000002042499, Elapsed Time = 29.286 s
-- (23): |r| = 0.000236645455, |r|/|b| = 0.000001917266, Elapsed Time = 30.588 s
-- (24): |r| = 0.000224330664, |r|/|b| = 0.000001817494, Elapsed Time = 31.790 s
-- (25): |r| = 0.000213349066, |r|/|b| = 0.000001728523, Elapsed Time = 32.981 s
-- (26): |r| = 0.000202215851, |r|/|b| = 0.000001638323, Elapsed Time = 34.201 s
-- (27): |r| = 0.000190967302, |r|/|b| = 0.000001547189, Elapsed Time = 35.439 s
-- (28): |r| = 0.000181962246, |r|/|b| = 0.000001474231, Elapsed Time = 36.677 s
-- (29): |r| = 0.000174214256, |r|/|b| = 0.000001411458, Elapsed Time = 38.024 s
-- (30): |r| = 0.000166823574, |r|/|b| = 0.000001351580, Elapsed Time = 39.398 s
-- (31): |r| = 0.000158755491, |r|/|b| = 0.000001286213, Elapsed Time = 40.780 s
-- (32): |r| = 0.000151265108, |r|/|b| = 0.000001225527, Elapsed Time = 42.184 s
-- (33): |r| = 0.000145481631, |r|/|b| = 0.000001178671, Elapsed Time = 43.555 s
-- (34): |r| = 0.000140171835, |r|/|b| = 0.000001135651, Elapsed Time = 44.948 s
-- (35): |r| = 0.000134875708, |r|/|b| = 0.000001092743, Elapsed Time = 46.333 s
-- (36): |r| = 0.000128715700, |r|/|b| = 0.000001042836, Elapsed Time = 47.798 s
-- (37): |r| = 0.000123599259, |r|/|b| = 0.000001001383, Elapsed Time = 49.200 s
-- (38): |r| = 0.000119399894, |r|/|b| = 0.000000967360, Elapsed Time = 50.620 s
-- Converged!
Finished iteration! Run time = 245.494 s, Elapsed time = 743.206
================================================================================
Already ran case 67: N=256, G=1, A=16, B=16, p=6, q=6, eps=1e-08, device=gpu
================================================================================
Running case 68: N=256, G=1, A=16, B=16, p=6, q=6, eps=1e-05, device=cpu
Running batched GMRES on CPU
-- (1): |r| = 0.039786875121, |r|/|b| = 0.000322347368, Elapsed Time = 1.519 s
-- (2): |r| = 0.010065008976, |r|/|b| = 0.000081545212, Elapsed Time = 3.040 s
-- (3): |r| = 0.005040389446, |r|/|b| = 0.000040836489, Elapsed Time = 4.509 s
-- (4): |r| = 0.003221905238, |r|/|b| = 0.000026103399, Elapsed Time = 6.026 s
-- (5): |r| = 0.002206054734, |r|/|b| = 0.000017873129, Elapsed Time = 7.550 s
-- (6): |r| = 0.001656063772, |r|/|b| = 0.000013417183, Elapsed Time = 9.073 s
-- (7): |r| = 0.001293681467, |r|/|b| = 0.000010481216, Elapsed Time = 10.586 s
-- (8): |r| = 0.001030186373, |r|/|b| = 0.000008346417, Elapsed Time = 12.101 s
-- (9): |r| = 0.000856136721, |r|/|b| = 0.000006936293, Elapsed Time = 13.625 s
-- (10): |r| = 0.000740678221, |r|/|b| = 0.000006000865, Elapsed Time = 15.143 s
-- (11): |r| = 0.000652230941, |r|/|b| = 0.000005284278, Elapsed Time = 16.664 s
-- (12): |r| = 0.000580424024, |r|/|b| = 0.000004702509, Elapsed Time = 18.164 s
-- (13): |r| = 0.000515448417, |r|/|b| = 0.000004176087, Elapsed Time = 19.617 s
-- (14): |r| = 0.000462662786, |r|/|b| = 0.000003748425, Elapsed Time = 21.095 s
-- (15): |r| = 0.000422646624, |r|/|b| = 0.000003424220, Elapsed Time = 22.592 s
-- (16): |r| = 0.000388964238, |r|/|b| = 0.000003151331, Elapsed Time = 24.076 s
-- (17): |r| = 0.000355475593, |r|/|b| = 0.000002880011, Elapsed Time = 25.586 s
-- (18): |r| = 0.000326654029, |r|/|b| = 0.000002646503, Elapsed Time = 27.079 s
-- (19): |r| = 0.000304940426, |r|/|b| = 0.000002470582, Elapsed Time = 28.599 s
-- (20): |r| = 0.000285643263, |r|/|b| = 0.000002314239, Elapsed Time = 30.128 s
-- (21): |r| = 0.000267158376, |r|/|b| = 0.000002164478, Elapsed Time = 31.665 s
-- (22): |r| = 0.000250076114, |r|/|b| = 0.000002026080, Elapsed Time = 33.169 s
-- (23): |r| = 0.000235929154, |r|/|b| = 0.000001911463, Elapsed Time = 34.692 s
-- (24): |r| = 0.000223827180, |r|/|b| = 0.000001813415, Elapsed Time = 36.225 s
-- (25): |r| = 0.000212433312, |r|/|b| = 0.000001721103, Elapsed Time = 37.732 s
-- (26): |r| = 0.000200733807, |r|/|b| = 0.000001626316, Elapsed Time = 39.262 s
-- (27): |r| = 0.000189873503, |r|/|b| = 0.000001538327, Elapsed Time = 40.800 s
-- (28): |r| = 0.000181385283, |r|/|b| = 0.000001469557, Elapsed Time = 42.324 s
-- (29): |r| = 0.000173778927, |r|/|b| = 0.000001407931, Elapsed Time = 43.841 s
-- (30): |r| = 0.000166048735, |r|/|b| = 0.000001345302, Elapsed Time = 45.370 s
-- (31): |r| = 0.000157976007, |r|/|b| = 0.000001279898, Elapsed Time = 46.888 s
-- (32): |r| = 0.000151185271, |r|/|b| = 0.000001224881, Elapsed Time = 48.415 s
-- (33): |r| = 0.000145364716, |r|/|b| = 0.000001177723, Elapsed Time = 49.946 s
-- (34): |r| = 0.000139986190, |r|/|b| = 0.000001134147, Elapsed Time = 51.466 s
-- (35): |r| = 0.000134402625, |r|/|b| = 0.000001088910, Elapsed Time = 53.002 s
-- (36): |r| = 0.000128349066, |r|/|b| = 0.000001039865, Elapsed Time = 54.534 s
-- (37): |r| = 0.000123554315, |r|/|b| = 0.000001001019, Elapsed Time = 56.056 s
-- (38): |r| = 0.000119441760, |r|/|b| = 0.000000967699, Elapsed Time = 57.588 s
-- Converged!
Running batched GMRES on CPU
-- (1): |r| = 0.039786878911, |r|/|b| = 0.000322347399, Elapsed Time = 1.449 s
-- (2): |r| = 0.010064804417, |r|/|b| = 0.000081543554, Elapsed Time = 2.886 s
-- (3): |r| = 0.005040592347, |r|/|b| = 0.000040838132, Elapsed Time = 4.317 s
-- (4): |r| = 0.003221884932, |r|/|b| = 0.000026103234, Elapsed Time = 5.742 s
-- (5): |r| = 0.002206126151, |r|/|b| = 0.000017873707, Elapsed Time = 7.185 s
-- (6): |r| = 0.001656124832, |r|/|b| = 0.000013417678, Elapsed Time = 8.621 s
-- (7): |r| = 0.001293670949, |r|/|b| = 0.000010481130, Elapsed Time = 10.065 s
-- (8): |r| = 0.001030445123, |r|/|b| = 0.000008348514, Elapsed Time = 11.507 s
-- (9): |r| = 0.000856802284, |r|/|b| = 0.000006941685, Elapsed Time = 12.946 s
-- (10): |r| = 0.000741410004, |r|/|b| = 0.000006006794, Elapsed Time = 14.382 s
-- (11): |r| = 0.000653277452, |r|/|b| = 0.000005292757, Elapsed Time = 15.815 s
-- (12): |r| = 0.000581657310, |r|/|b| = 0.000004712501, Elapsed Time = 17.276 s
-- (13): |r| = 0.000517558402, |r|/|b| = 0.000004193182, Elapsed Time = 18.709 s
-- (14): |r| = 0.000464631608, |r|/|b| = 0.000003764376, Elapsed Time = 20.198 s
-- (15): |r| = 0.000424784718, |r|/|b| = 0.000003441543, Elapsed Time = 21.625 s
-- (16): |r| = 0.000391233346, |r|/|b| = 0.000003169715, Elapsed Time = 23.112 s
-- (17): |r| = 0.000359021403, |r|/|b| = 0.000002908738, Elapsed Time = 24.542 s
-- (18): |r| = 0.000330274330, |r|/|b| = 0.000002675834, Elapsed Time = 25.978 s
-- (19): |r| = 0.000307779392, |r|/|b| = 0.000002493583, Elapsed Time = 27.427 s
-- (20): |r| = 0.000288334951, |r|/|b| = 0.000002336047, Elapsed Time = 28.884 s
-- (21): |r| = 0.000270683762, |r|/|b| = 0.000002193040, Elapsed Time = 30.356 s
-- (22): |r| = 0.000252761064, |r|/|b| = 0.000002047833, Elapsed Time = 31.807 s
-- (23): |r| = 0.000236933781, |r|/|b| = 0.000001919602, Elapsed Time = 33.261 s
-- (24): |r| = 0.000224494733, |r|/|b| = 0.000001818823, Elapsed Time = 34.718 s
-- (25): |r| = 0.000213273212, |r|/|b| = 0.000001727908, Elapsed Time = 36.163 s
-- (26): |r| = 0.000202185292, |r|/|b| = 0.000001638075, Elapsed Time = 37.614 s
-- (27): |r| = 0.000190888036, |r|/|b| = 0.000001546547, Elapsed Time = 39.062 s
-- (28): |r| = 0.000181927073, |r|/|b| = 0.000001473946, Elapsed Time = 40.521 s
-- (29): |r| = 0.000174245315, |r|/|b| = 0.000001411710, Elapsed Time = 41.967 s
-- (30): |r| = 0.000166923796, |r|/|b| = 0.000001352392, Elapsed Time = 43.428 s
-- (31): |r| = 0.000159170208, |r|/|b| = 0.000001289573, Elapsed Time = 44.872 s
-- (32): |r| = 0.000151653849, |r|/|b| = 0.000001228677, Elapsed Time = 46.312 s
-- (33): |r| = 0.000145719658, |r|/|b| = 0.000001180599, Elapsed Time = 47.767 s
-- (34): |r| = 0.000140401647, |r|/|b| = 0.000001137513, Elapsed Time = 49.220 s
-- (35): |r| = 0.000135054422, |r|/|b| = 0.000001094191, Elapsed Time = 50.671 s
-- (36): |r| = 0.000129015493, |r|/|b| = 0.000001045264, Elapsed Time = 52.116 s
-- (37): |r| = 0.000123925106, |r|/|b| = 0.000001004023, Elapsed Time = 53.560 s
-- (38): |r| = 0.000119691733, |r|/|b| = 0.000000969725, Elapsed Time = 55.003 s
-- Converged!
Running batched GMRES on CPU
-- (1): |r| = 0.039797894591, |r|/|b| = 0.000322436646, Elapsed Time = 1.228 s
-- (2): |r| = 0.010064638635, |r|/|b| = 0.000081542211, Elapsed Time = 2.535 s
-- (3): |r| = 0.005042463873, |r|/|b| = 0.000040853295, Elapsed Time = 3.815 s
-- (4): |r| = 0.003221914911, |r|/|b| = 0.000026103477, Elapsed Time = 5.189 s
-- (5): |r| = 0.002206078795, |r|/|b| = 0.000017873324, Elapsed Time = 6.395 s
-- (6): |r| = 0.001655596099, |r|/|b| = 0.000013413394, Elapsed Time = 7.755 s
-- (7): |r| = 0.001292616304, |r|/|b| = 0.000010472586, Elapsed Time = 9.142 s
-- (8): |r| = 0.001029610292, |r|/|b| = 0.000008341750, Elapsed Time = 10.504 s
-- (9): |r| = 0.000856479252, |r|/|b| = 0.000006939068, Elapsed Time = 11.813 s
-- (10): |r| = 0.000740976684, |r|/|b| = 0.000006003283, Elapsed Time = 13.181 s
-- (11): |r| = 0.000653051065, |r|/|b| = 0.000005290923, Elapsed Time = 14.574 s
-- (12): |r| = 0.000581527397, |r|/|b| = 0.000004711449, Elapsed Time = 15.931 s
-- (13): |r| = 0.000517543000, |r|/|b| = 0.000004193057, Elapsed Time = 17.359 s
-- (14): |r| = 0.000464456250, |r|/|b| = 0.000003762956, Elapsed Time = 18.767 s
-- (15): |r| = 0.000424507276, |r|/|b| = 0.000003439295, Elapsed Time = 20.163 s
-- (16): |r| = 0.000390830869, |r|/|b| = 0.000003166454, Elapsed Time = 21.532 s
-- (17): |r| = 0.000357919323, |r|/|b| = 0.000002899809, Elapsed Time = 22.911 s
-- (18): |r| = 0.000328866068, |r|/|b| = 0.000002664424, Elapsed Time = 24.271 s
-- (19): |r| = 0.000306529322, |r|/|b| = 0.000002483455, Elapsed Time = 25.627 s
-- (20): |r| = 0.000287238834, |r|/|b| = 0.000002327166, Elapsed Time = 27.009 s
-- (21): |r| = 0.000268746432, |r|/|b| = 0.000002177344, Elapsed Time = 28.351 s
-- (22): |r| = 0.000250831058, |r|/|b| = 0.000002032196, Elapsed Time = 29.717 s
-- (23): |r| = 0.000235935901, |r|/|b| = 0.000001911518, Elapsed Time = 31.103 s
-- (24): |r| = 0.000223779419, |r|/|b| = 0.000001813028, Elapsed Time = 32.463 s
-- (25): |r| = 0.000212607844, |r|/|b| = 0.000001722517, Elapsed Time = 33.825 s
-- (26): |r| = 0.000200775668, |r|/|b| = 0.000001626655, Elapsed Time = 35.176 s
-- (27): |r| = 0.000189887474, |r|/|b| = 0.000001538440, Elapsed Time = 36.543 s
-- (28): |r| = 0.000181478914, |r|/|b| = 0.000001470315, Elapsed Time = 37.920 s
-- (29): |r| = 0.000173861160, |r|/|b| = 0.000001408597, Elapsed Time = 39.261 s
-- (30): |r| = 0.000166620166, |r|/|b| = 0.000001349932, Elapsed Time = 40.661 s
-- (31): |r| = 0.000158932513, |r|/|b| = 0.000001287648, Elapsed Time = 42.032 s
-- (32): |r| = 0.000151424430, |r|/|b| = 0.000001226818, Elapsed Time = 43.455 s
-- (33): |r| = 0.000145463471, |r|/|b| = 0.000001178523, Elapsed Time = 44.828 s
-- (34): |r| = 0.000140041390, |r|/|b| = 0.000001134595, Elapsed Time = 46.146 s
-- (35): |r| = 0.000134595876, |r|/|b| = 0.000001090476, Elapsed Time = 47.539 s
-- (36): |r| = 0.000127979210, |r|/|b| = 0.000001036869, Elapsed Time = 48.875 s
-- (37): |r| = 0.000122448121, |r|/|b| = 0.000000992057, Elapsed Time = 50.255 s
-- Converged!
Finished iteration! Run time = 173.579 s, Elapsed time = 916.869
================================================================================
Already ran case 69: N=256, G=1, A=16, B=16, p=6, q=6, eps=1e-05, device=gpu
================================================================================
Running case 70: N=256, G=1, A=16, B=16, p=6, q=6, eps=0.001, device=cpu
Running batched GMRES on CPU
-- (1): |r| = 0.039786876726, |r|/|b| = 0.000322347381, Elapsed Time = 1.541 s
-- (2): |r| = 0.010065154916, |r|/|b| = 0.000081546394, Elapsed Time = 3.076 s
-- (3): |r| = 0.005040696040, |r|/|b| = 0.000040838973, Elapsed Time = 4.607 s
-- (4): |r| = 0.003222043158, |r|/|b| = 0.000026104516, Elapsed Time = 6.144 s
-- (5): |r| = 0.002206235151, |r|/|b| = 0.000017874590, Elapsed Time = 7.688 s
-- (6): |r| = 0.001656127889, |r|/|b| = 0.000013417703, Elapsed Time = 9.224 s
-- (7): |r| = 0.001293709150, |r|/|b| = 0.000010481440, Elapsed Time = 10.775 s
-- (8): |r| = 0.001030650442, |r|/|b| = 0.000008350177, Elapsed Time = 12.325 s
-- (9): |r| = 0.000857105296, |r|/|b| = 0.000006944140, Elapsed Time = 13.870 s
-- (10): |r| = 0.000741599102, |r|/|b| = 0.000006008326, Elapsed Time = 15.415 s
-- (11): |r| = 0.000653678073, |r|/|b| = 0.000005296003, Elapsed Time = 16.959 s
-- (12): |r| = 0.000582050488, |r|/|b| = 0.000004715687, Elapsed Time = 18.506 s
-- (13): |r| = 0.000518196386, |r|/|b| = 0.000004198350, Elapsed Time = 20.060 s
-- (14): |r| = 0.000465256758, |r|/|b| = 0.000003769441, Elapsed Time = 21.602 s
-- (15): |r| = 0.000425360925, |r|/|b| = 0.000003446211, Elapsed Time = 23.154 s
-- (16): |r| = 0.000391548669, |r|/|b| = 0.000003172269, Elapsed Time = 24.695 s
-- (17): |r| = 0.000359375244, |r|/|b| = 0.000002911605, Elapsed Time = 26.243 s
-- (18): |r| = 0.000330699879, |r|/|b| = 0.000002679281, Elapsed Time = 27.786 s
-- (19): |r| = 0.000308061444, |r|/|b| = 0.000002495868, Elapsed Time = 29.334 s
-- (20): |r| = 0.000288701821, |r|/|b| = 0.000002339019, Elapsed Time = 30.871 s
-- (21): |r| = 0.000271101296, |r|/|b| = 0.000002196423, Elapsed Time = 32.406 s
-- (22): |r| = 0.000253435996, |r|/|b| = 0.000002053301, Elapsed Time = 33.945 s
-- (23): |r| = 0.000237627102, |r|/|b| = 0.000001925220, Elapsed Time = 35.481 s
-- (24): |r| = 0.000224999672, |r|/|b| = 0.000001822914, Elapsed Time = 37.018 s
-- (25): |r| = 0.000213695772, |r|/|b| = 0.000001731331, Elapsed Time = 38.562 s
-- (26): |r| = 0.000202284483, |r|/|b| = 0.000001638879, Elapsed Time = 40.100 s
-- (27): |r| = 0.000191193495, |r|/|b| = 0.000001549021, Elapsed Time = 41.641 s
-- (28): |r| = 0.000182349154, |r|/|b| = 0.000001477366, Elapsed Time = 43.180 s
-- (29): |r| = 0.000174683542, |r|/|b| = 0.000001415260, Elapsed Time = 44.725 s
-- (30): |r| = 0.000167450852, |r|/|b| = 0.000001356662, Elapsed Time = 46.266 s
-- (31): |r| = 0.000159999865, |r|/|b| = 0.000001296295, Elapsed Time = 47.800 s
-- (32): |r| = 0.000152216713, |r|/|b| = 0.000001233237, Elapsed Time = 49.331 s
-- (33): |r| = 0.000145977225, |r|/|b| = 0.000001182686, Elapsed Time = 50.867 s
-- (34): |r| = 0.000140606328, |r|/|b| = 0.000001139172, Elapsed Time = 52.400 s
-- (35): |r| = 0.000135300504, |r|/|b| = 0.000001096185, Elapsed Time = 53.934 s
-- (36): |r| = 0.000128805054, |r|/|b| = 0.000001043559, Elapsed Time = 55.465 s
-- (37): |r| = 0.000123085296, |r|/|b| = 0.000000997219, Elapsed Time = 57.005 s
-- Converged!
Running batched GMRES on CPU
-- (1): |r| = 0.039786472516, |r|/|b| = 0.000322344106, Elapsed Time = 1.455 s
-- (2): |r| = 0.010064118264, |r|/|b| = 0.000081537995, Elapsed Time = 2.913 s
-- (3): |r| = 0.005039915106, |r|/|b| = 0.000040832646, Elapsed Time = 4.369 s
-- (4): |r| = 0.003221137359, |r|/|b| = 0.000026097178, Elapsed Time = 5.837 s
-- (5): |r| = 0.002204819990, |r|/|b| = 0.000017863125, Elapsed Time = 7.306 s
-- (6): |r| = 0.001655665293, |r|/|b| = 0.000013413955, Elapsed Time = 8.770 s
-- (7): |r| = 0.001293515588, |r|/|b| = 0.000010479872, Elapsed Time = 10.230 s
-- (8): |r| = 0.001030560521, |r|/|b| = 0.000008349449, Elapsed Time = 11.695 s
-- (9): |r| = 0.000857950560, |r|/|b| = 0.000006950988, Elapsed Time = 13.152 s
-- (10): |r| = 0.000741990615, |r|/|b| = 0.000006011498, Elapsed Time = 14.617 s
-- (11): |r| = 0.000653971700, |r|/|b| = 0.000005298382, Elapsed Time = 16.066 s
-- (12): |r| = 0.000581618109, |r|/|b| = 0.000004712184, Elapsed Time = 17.524 s
-- (13): |r| = 0.000517421751, |r|/|b| = 0.000004192074, Elapsed Time = 18.988 s
-- (14): |r| = 0.000464821137, |r|/|b| = 0.000003765912, Elapsed Time = 20.440 s
-- (15): |r| = 0.000424908752, |r|/|b| = 0.000003442548, Elapsed Time = 21.901 s
-- (16): |r| = 0.000391266326, |r|/|b| = 0.000003169982, Elapsed Time = 23.349 s
-- (17): |r| = 0.000358390678, |r|/|b| = 0.000002903628, Elapsed Time = 24.809 s
-- (18): |r| = 0.000329272357, |r|/|b| = 0.000002667716, Elapsed Time = 26.258 s
-- (19): |r| = 0.000306687860, |r|/|b| = 0.000002484740, Elapsed Time = 27.709 s
-- (20): |r| = 0.000287316223, |r|/|b| = 0.000002327793, Elapsed Time = 29.168 s
-- (21): |r| = 0.000268692153, |r|/|b| = 0.000002176904, Elapsed Time = 30.625 s
-- (22): |r| = 0.000250340920, |r|/|b| = 0.000002028225, Elapsed Time = 32.068 s
-- (23): |r| = 0.000235314587, |r|/|b| = 0.000001906484, Elapsed Time = 33.533 s
-- (24): |r| = 0.000223127438, |r|/|b| = 0.000001807745, Elapsed Time = 34.982 s
-- (25): |r| = 0.000211887398, |r|/|b| = 0.000001716680, Elapsed Time = 36.430 s
-- (26): |r| = 0.000200520079, |r|/|b| = 0.000001624584, Elapsed Time = 37.888 s
-- (27): |r| = 0.000189454656, |r|/|b| = 0.000001534934, Elapsed Time = 39.344 s
-- (28): |r| = 0.000180880002, |r|/|b| = 0.000001465463, Elapsed Time = 40.801 s
-- (29): |r| = 0.000173308257, |r|/|b| = 0.000001404118, Elapsed Time = 42.263 s
-- (30): |r| = 0.000166088948, |r|/|b| = 0.000001345628, Elapsed Time = 43.706 s
-- (31): |r| = 0.000158064846, |r|/|b| = 0.000001280618, Elapsed Time = 45.166 s
-- (32): |r| = 0.000150775810, |r|/|b| = 0.000001221563, Elapsed Time = 46.634 s
-- (33): |r| = 0.000145002164, |r|/|b| = 0.000001174786, Elapsed Time = 48.091 s
-- (34): |r| = 0.000139687311, |r|/|b| = 0.000001131726, Elapsed Time = 49.553 s
-- (35): |r| = 0.000134136708, |r|/|b| = 0.000001086756, Elapsed Time = 51.014 s
-- (36): |r| = 0.000128103320, |r|/|b| = 0.000001037874, Elapsed Time = 52.476 s
-- (37): |r| = 0.000123287900, |r|/|b| = 0.000000998860, Elapsed Time = 53.924 s
-- Converged!
Running batched GMRES on CPU
-- (1): |r| = 0.039802772763, |r|/|b| = 0.000322476168, Elapsed Time = 1.294 s
-- (2): |r| = 0.010066272860, |r|/|b| = 0.000081555451, Elapsed Time = 2.649 s
-- (3): |r| = 0.005041629559, |r|/|b| = 0.000040846536, Elapsed Time = 4.038 s
-- (4): |r| = 0.003221924844, |r|/|b| = 0.000026103558, Elapsed Time = 5.401 s
-- (5): |r| = 0.002206084559, |r|/|b| = 0.000017873370, Elapsed Time = 6.773 s
-- (6): |r| = 0.001655599292, |r|/|b| = 0.000013413420, Elapsed Time = 8.145 s
-- (7): |r| = 0.001292714389, |r|/|b| = 0.000010473380, Elapsed Time = 9.530 s
-- (8): |r| = 0.001029331338, |r|/|b| = 0.000008339490, Elapsed Time = 10.890 s
-- (9): |r| = 0.000856847581, |r|/|b| = 0.000006942052, Elapsed Time = 12.245 s
-- (10): |r| = 0.000741220281, |r|/|b| = 0.000006005257, Elapsed Time = 13.645 s
-- (11): |r| = 0.000653342133, |r|/|b| = 0.000005293281, Elapsed Time = 15.034 s
-- (12): |r| = 0.000581526819, |r|/|b| = 0.000004711444, Elapsed Time = 16.417 s
-- (13): |r| = 0.000517444643, |r|/|b| = 0.000004192260, Elapsed Time = 17.777 s
-- (14): |r| = 0.000464405221, |r|/|b| = 0.000003762542, Elapsed Time = 19.153 s
-- (15): |r| = 0.000424446892, |r|/|b| = 0.000003438806, Elapsed Time = 20.539 s
-- (16): |r| = 0.000390767715, |r|/|b| = 0.000003165942, Elapsed Time = 21.945 s
-- (17): |r| = 0.000357735720, |r|/|b| = 0.000002898322, Elapsed Time = 23.305 s
-- (18): |r| = 0.000328823871, |r|/|b| = 0.000002664082, Elapsed Time = 24.660 s
-- (19): |r| = 0.000306463601, |r|/|b| = 0.000002482923, Elapsed Time = 26.089 s
-- (20): |r| = 0.000287040548, |r|/|b| = 0.000002325560, Elapsed Time = 27.407 s
-- (21): |r| = 0.000268649917, |r|/|b| = 0.000002176562, Elapsed Time = 28.714 s
-- (22): |r| = 0.000250517152, |r|/|b| = 0.000002029653, Elapsed Time = 30.097 s
-- (23): |r| = 0.000235621661, |r|/|b| = 0.000001908972, Elapsed Time = 31.477 s
-- (24): |r| = 0.000223395554, |r|/|b| = 0.000001809918, Elapsed Time = 32.853 s
-- (25): |r| = 0.000212196510, |r|/|b| = 0.000001719185, Elapsed Time = 34.241 s
-- (26): |r| = 0.000200207594, |r|/|b| = 0.000001622052, Elapsed Time = 35.649 s
-- (27): |r| = 0.000189041739, |r|/|b| = 0.000001531588, Elapsed Time = 37.029 s
-- (28): |r| = 0.000180696492, |r|/|b| = 0.000001463976, Elapsed Time = 38.389 s
-- (29): |r| = 0.000173120432, |r|/|b| = 0.000001402596, Elapsed Time = 39.793 s
-- (30): |r| = 0.000165664650, |r|/|b| = 0.000001342190, Elapsed Time = 41.133 s
-- (31): |r| = 0.000157773994, |r|/|b| = 0.000001278262, Elapsed Time = 42.493 s
-- (32): |r| = 0.000150511812, |r|/|b| = 0.000001219424, Elapsed Time = 43.878 s
-- (33): |r| = 0.000144766404, |r|/|b| = 0.000001172876, Elapsed Time = 45.242 s
-- (34): |r| = 0.000139442356, |r|/|b| = 0.000001129741, Elapsed Time = 46.628 s
-- (35): |r| = 0.000133999926, |r|/|b| = 0.000001085648, Elapsed Time = 48.013 s
-- (36): |r| = 0.000127925509, |r|/|b| = 0.000001036434, Elapsed Time = 49.415 s
-- (37): |r| = 0.000122866574, |r|/|b| = 0.000000995447, Elapsed Time = 50.777 s
-- Converged!
Finished iteration! Run time = 172.632 s, Elapsed time = 1089.587
================================================================================
Already ran case 71: N=256, G=1, A=16, B=16, p=6, q=6, eps=0.001, device=gpu
IGAMesh(id=12, name=None, num_patches=1, reflective_boundaries=False)
  -> Patch(material=Source, source=IsotropicInternalSource, id=0, name=None, shape=(12, 12), backend=geomdl)
================================================================================
Running case 72: N=1024, G=1, A=12, B=12, p=2, q=2, eps=1e-08, device=cpu
===========================================================================
Running MatrixAssembler.build()
Discretization: N = 1024, G = 1, P = 1, A = 12, B = 12
Operators: H, S, q, B_out
---------------------------------------------------------------------------
  0%|          | 0/1 [00:00<?, ?it/s]
Assembling Patch 0
Step            Shape                     Compression  Elapsed Time (s)
H               147456,147456                   1.00        2.84
S               1,144,144                       1.00        2.86
B_out           147456,147456                   1.00        3.25
---------------------------------------------------------------------------
Final Operators (Elapsed Time: 3.58 s)
Step            Shape                     Compression
H               147456,147456                3553.16
S               147456,147456              997763.95
q               147456                          1.00
B_out           147456,147456               59311.75
===========================================================================
===========================================================================
Running TTAssembler.build()
Discretization: N = 1024, G = 1, P = 1, A = 12, B = 12
Operators: H, S, B_out
---------------------------------------------------------------------------
  0%|          | 0/1 [00:00<?, ?it/s]
Assembling Patch 0
Step            Ranks                     Compression  Elapsed Time (s)
Intg_int        1,1                            71.75        1.68
Intg_str        1,2,2                          47.72        1.68
H               3,3,3,3,3,5                  6639.67        1.69
S               1,1,1,1,1,1               26581017.04        1.69
Intg_out        1,3,4,4,3                    8101.36        1.93
B_out           3,4,4,4,4,3                  8006.66        1.94
---------------------------------------------------------------------------
Final Operators (Elapsed Time: 2.26 s)
Step            Ranks                     Compression
H               3,3,3,2                   3743676.30
S               1,1,1,1                   26646166.59
B_out           3,4,4,3                   2319034.98
===========================================================================
Running batched GMRES on CPU
-- (1): |r| = 0.002590583950, |r|/|b| = 0.000008885387, Elapsed Time = 2.774 s
-- (2): |r| = 0.000004924070, |r|/|b| = 0.000000016889, Elapsed Time = 5.565 s
-- Converged!
Running batched GMRES on CPU
-- (1): |r| = 0.002590583950, |r|/|b| = 0.000008885387, Elapsed Time = 3.306 s
-- (2): |r| = 0.000004924070, |r|/|b| = 0.000000016889, Elapsed Time = 6.643 s
-- Converged!
Running batched GMRES on CPU
-- (1): |r| = 0.002590583950, |r|/|b| = 0.000008885387, Elapsed Time = 3.069 s
-- (2): |r| = 0.000004924070, |r|/|b| = 0.000000016889, Elapsed Time = 6.202 s
-- Converged!
Running batched GMRES on CPU
-- (1): |r| = 0.002590583950, |r|/|b| = 0.000008885387, Elapsed Time = 2.884 s
-- (2): |r| = 0.000004924070, |r|/|b| = 0.000000016889, Elapsed Time = 5.815 s
-- Converged!
Finished iteration! Run time = 43.764 s, Elapsed time = 1133.510
================================================================================
Already ran case 73: N=1024, G=1, A=12, B=12, p=2, q=2, eps=1e-08, device=gpu
================================================================================
Running case 74: N=1024, G=1, A=12, B=12, p=2, q=2, eps=1e-05, device=cpu
Running batched GMRES on CPU
-- (1): |r| = 0.002590583950, |r|/|b| = 0.000008885387, Elapsed Time = 3.317 s
-- (2): |r| = 0.000004924070, |r|/|b| = 0.000000016889, Elapsed Time = 6.661 s
-- Converged!
Running batched GMRES on CPU
-- (1): |r| = 0.002590583950, |r|/|b| = 0.000008885387, Elapsed Time = 3.101 s
-- (2): |r| = 0.000004924070, |r|/|b| = 0.000000016889, Elapsed Time = 6.235 s
-- Converged!
Running batched GMRES on CPU
-- (1): |r| = 0.002590583950, |r|/|b| = 0.000008885387, Elapsed Time = 2.873 s
-- (2): |r| = 0.000004924070, |r|/|b| = 0.000000016889, Elapsed Time = 5.788 s
-- Converged!
Finished iteration! Run time = 30.947 s, Elapsed time = 1164.539
================================================================================
Already ran case 75: N=1024, G=1, A=12, B=12, p=2, q=2, eps=1e-05, device=gpu
================================================================================
Running case 76: N=1024, G=1, A=12, B=12, p=2, q=2, eps=0.001, device=cpu
Running batched GMRES on CPU
-- (1): |r| = 0.002590583950, |r|/|b| = 0.000008885387, Elapsed Time = 3.262 s
-- (2): |r| = 0.000004924070, |r|/|b| = 0.000000016889, Elapsed Time = 6.571 s
-- Converged!
Running batched GMRES on CPU
-- (1): |r| = 0.002590583950, |r|/|b| = 0.000008885387, Elapsed Time = 3.072 s
-- (2): |r| = 0.000004924070, |r|/|b| = 0.000000016889, Elapsed Time = 6.243 s
-- Converged!
Running batched GMRES on CPU
-- (1): |r| = 0.002590583950, |r|/|b| = 0.000008885387, Elapsed Time = 2.899 s
-- (2): |r| = 0.000004924070, |r|/|b| = 0.000000016889, Elapsed Time = 5.819 s
-- Converged!
Finished iteration! Run time = 30.936 s, Elapsed time = 1195.556
================================================================================
Already ran case 77: N=1024, G=1, A=12, B=12, p=2, q=2, eps=0.001, device=gpu
IGAMesh(id=13, name=None, num_patches=1, reflective_boundaries=False)
  -> Patch(material=Source, source=IsotropicInternalSource, id=0, name=None, shape=(13, 13), backend=geomdl)
================================================================================
Running case 78: N=1024, G=1, A=13, B=13, p=3, q=3, eps=1e-08, device=cpu
===========================================================================
Running MatrixAssembler.build()
Discretization: N = 1024, G = 1, P = 1, A = 13, B = 13
Operators: H, S, q, B_out
---------------------------------------------------------------------------
  0%|          | 0/1 [00:00<?, ?it/s]
Assembling Patch 0
Step            Shape                     Compression  Elapsed Time (s)
H               173056,173056                   1.00        4.74
S               1,169,169                       1.00        4.77
B_out           173056,173056                   1.00        5.42
---------------------------------------------------------------------------
Final Operators (Elapsed Time: 5.74 s)
Step            Shape                     Compression
H               173056,173056                2311.79
S               173056,173056             1011188.82
q               173056                          1.00
B_out           173056,173056               60551.56
===========================================================================
===========================================================================
Running TTAssembler.build()
Discretization: N = 1024, G = 1, P = 1, A = 13, B = 13
Operators: H, S, B_out
---------------------------------------------------------------------------
  0%|          | 0/1 [00:00<?, ?it/s]
Assembling Patch 0
Step            Ranks                     Compression  Elapsed Time (s)
Intg_int        1,1                            84.25        2.20
Intg_str        1,2,2                          56.06        2.21
H               3,3,3,3,3,5                  7908.72        2.21
S               1,1,1,1,1,1               34502740.94        2.21
Intg_out        1,3,4,4,3                    9761.84        2.70
B_out           3,4,4,4,4,3                  9661.86        2.70
---------------------------------------------------------------------------
Final Operators (Elapsed Time: 3.02 s)
Step            Ranks                     Compression
H               3,3,3,2                   4984750.19
S               1,1,1,1                   34582423.94
B_out           3,4,4,3                   3071313.62
===========================================================================
Running batched GMRES on CPU
-- (1): |r| = 0.017830955355, |r|/|b| = 0.000063681983, Elapsed Time = 3.131 s
-- (2): |r| = 0.001383636402, |r|/|b| = 0.000004941559, Elapsed Time = 6.307 s
-- (3): |r| = 0.000195087182, |r|/|b| = 0.000000696740, Elapsed Time = 9.601 s
-- Converged!
Running batched GMRES on CPU
-- (1): |r| = 0.017830955355, |r|/|b| = 0.000063681983, Elapsed Time = 4.279 s
-- (2): |r| = 0.001383636402, |r|/|b| = 0.000004941559, Elapsed Time = 8.616 s
-- (3): |r| = 0.000195087271, |r|/|b| = 0.000000696740, Elapsed Time = 12.948 s
-- Converged!
Running batched GMRES on CPU
-- (1): |r| = 0.017830955355, |r|/|b| = 0.000063681983, Elapsed Time = 3.668 s
-- (2): |r| = 0.001383636402, |r|/|b| = 0.000004941559, Elapsed Time = 7.356 s
-- (3): |r| = 0.000195087271, |r|/|b| = 0.000000696740, Elapsed Time = 11.052 s
-- Converged!
Running batched GMRES on CPU
-- (1): |r| = 0.017830955355, |r|/|b| = 0.000063681983, Elapsed Time = 3.253 s
-- (2): |r| = 0.001383636402, |r|/|b| = 0.000004941559, Elapsed Time = 6.526 s
-- (3): |r| = 0.000195102148, |r|/|b| = 0.000000696793, Elapsed Time = 9.809 s
-- Converged!
Finished iteration! Run time = 67.755 s, Elapsed time = 1263.452
================================================================================
Already ran case 79: N=1024, G=1, A=13, B=13, p=3, q=3, eps=1e-08, device=gpu
================================================================================
Running case 80: N=1024, G=1, A=13, B=13, p=3, q=3, eps=1e-05, device=cpu
Running batched GMRES on CPU
-- (1): |r| = 0.017830955355, |r|/|b| = 0.000063681983, Elapsed Time = 4.310 s
-- (2): |r| = 0.001383636402, |r|/|b| = 0.000004941559, Elapsed Time = 8.649 s
-- (3): |r| = 0.000195090252, |r|/|b| = 0.000000696751, Elapsed Time = 12.992 s
-- Converged!
Running batched GMRES on CPU
-- (1): |r| = 0.017830955355, |r|/|b| = 0.000063681983, Elapsed Time = 3.629 s
-- (2): |r| = 0.001383636402, |r|/|b| = 0.000004941559, Elapsed Time = 7.395 s
-- (3): |r| = 0.000195089743, |r|/|b| = 0.000000696749, Elapsed Time = 11.109 s
-- Converged!
Running batched GMRES on CPU
-- (1): |r| = 0.017830955355, |r|/|b| = 0.000063681983, Elapsed Time = 3.238 s
-- (2): |r| = 0.001383636402, |r|/|b| = 0.000004941559, Elapsed Time = 6.518 s
-- (3): |r| = 0.000195095916, |r|/|b| = 0.000000696771, Elapsed Time = 9.806 s
-- Converged!
Finished iteration! Run time = 47.825 s, Elapsed time = 1311.364
================================================================================
Already ran case 81: N=1024, G=1, A=13, B=13, p=3, q=3, eps=1e-05, device=gpu
================================================================================
Running case 82: N=1024, G=1, A=13, B=13, p=3, q=3, eps=0.001, device=cpu
Running batched GMRES on CPU
-- (1): |r| = 0.017830955355, |r|/|b| = 0.000063681983, Elapsed Time = 4.279 s
-- (2): |r| = 0.001383636402, |r|/|b| = 0.000004941559, Elapsed Time = 8.612 s
-- (3): |r| = 0.000195093630, |r|/|b| = 0.000000696763, Elapsed Time = 12.951 s
-- Converged!
Running batched GMRES on CPU
-- (1): |r| = 0.017830955355, |r|/|b| = 0.000063681983, Elapsed Time = 3.547 s
-- (2): |r| = 0.001383636402, |r|/|b| = 0.000004941559, Elapsed Time = 7.049 s
-- (3): |r| = 0.000195094007, |r|/|b| = 0.000000696764, Elapsed Time = 10.618 s
-- Converged!
Running batched GMRES on CPU
-- (1): |r| = 0.017830955355, |r|/|b| = 0.000063681983, Elapsed Time = 3.136 s
-- (2): |r| = 0.001383636402, |r|/|b| = 0.000004941559, Elapsed Time = 6.307 s
-- (3): |r| = 0.000195108802, |r|/|b| = 0.000000696817, Elapsed Time = 9.693 s
-- Converged!
Finished iteration! Run time = 47.176 s, Elapsed time = 1358.624
================================================================================
Already ran case 83: N=1024, G=1, A=13, B=13, p=3, q=3, eps=0.001, device=gpu
IGAMesh(id=14, name=None, num_patches=1, reflective_boundaries=False)
  -> Patch(material=Source, source=IsotropicInternalSource, id=0, name=None, shape=(14, 14), backend=geomdl)
================================================================================
Running case 84: N=1024, G=1, A=14, B=14, p=4, q=4, eps=1e-08, device=cpu
===========================================================================
Running MatrixAssembler.build()
Discretization: N = 1024, G = 1, P = 1, A = 14, B = 14
Operators: H, S, q, B_out
---------------------------------------------------------------------------
  0%|          | 0/1 [00:00<?, ?it/s]
Assembling Patch 0
Step            Shape                     Compression  Elapsed Time (s)
H               200704,200704                   1.00        8.14
S               1,196,196                       1.00        8.20
B_out           200704,200704                   1.00        9.15
---------------------------------------------------------------------------
Final Operators (Elapsed Time: 9.46 s)
Step            Shape                     Compression
H               200704,200704                1735.40
S               200704,200704             1020523.30
q               200704                          1.00
B_out           200704,200704               63653.60
===========================================================================
===========================================================================
Running TTAssembler.build()
Discretization: N = 1024, G = 1, P = 1, A = 14, B = 14
Operators: H, S, B_out
---------------------------------------------------------------------------
  0%|          | 0/1 [00:00<?, ?it/s]
Assembling Patch 0
Step            Ranks                     Compression  Elapsed Time (s)
Intg_int        1,1                            97.75        3.37
Intg_str        1,2,2                          65.06        3.38
H               3,3,3,3,3,5                  9282.20        3.38
S               1,1,1,1,1,1               43689908.48        3.38
Intg_out        1,3,4,4,3                   11566.59        4.51
B_out           3,4,4,4,4,3                 11462.12        4.51
---------------------------------------------------------------------------
Final Operators (Elapsed Time: 4.83 s)
Step            Ranks                     Compression
H               3,3,3,2                   6472059.06
S               1,1,1,1                   43784886.54
B_out           3,4,4,3                   3966334.74
===========================================================================
Running batched GMRES on CPU
-- (1): |r| = 0.041793358442, |r|/|b| = 0.000155481244, Elapsed Time = 4.375 s
-- (2): |r| = 0.006761928514, |r|/|b| = 0.000025155984, Elapsed Time = 8.792 s
-- (3): |r| = 0.002407428919, |r|/|b| = 0.000008956209, Elapsed Time = 13.206 s
-- (4): |r| = 0.000978693569, |r|/|b| = 0.000003640973, Elapsed Time = 17.623 s
-- (5): |r| = 0.000344785961, |r|/|b| = 0.000001282686, Elapsed Time = 22.009 s
-- (6): |r| = 0.000126084206, |r|/|b| = 0.000000469063, Elapsed Time = 26.423 s
-- Converged!
Running batched GMRES on CPU
-- (1): |r| = 0.041793358442, |r|/|b| = 0.000155481244, Elapsed Time = 4.774 s
-- (2): |r| = 0.006761928514, |r|/|b| = 0.000025155984, Elapsed Time = 9.574 s
-- (3): |r| = 0.002407428926, |r|/|b| = 0.000008956209, Elapsed Time = 14.331 s
-- (4): |r| = 0.000978693590, |r|/|b| = 0.000003640973, Elapsed Time = 19.126 s
-- (5): |r| = 0.000344688871, |r|/|b| = 0.000001282325, Elapsed Time = 23.897 s
-- (6): |r| = 0.000126109516, |r|/|b| = 0.000000469157, Elapsed Time = 28.690 s
-- Converged!
Running batched GMRES on CPU
-- (1): |r| = 0.041793358442, |r|/|b| = 0.000155481244, Elapsed Time = 4.182 s
-- (2): |r| = 0.006761928514, |r|/|b| = 0.000025155984, Elapsed Time = 8.438 s
-- (3): |r| = 0.002407428983, |r|/|b| = 0.000008956209, Elapsed Time = 12.701 s
-- (4): |r| = 0.000978693338, |r|/|b| = 0.000003640972, Elapsed Time = 16.973 s
-- (5): |r| = 0.000344750365, |r|/|b| = 0.000001282553, Elapsed Time = 21.226 s
-- (6): |r| = 0.000126197301, |r|/|b| = 0.000000469484, Elapsed Time = 25.501 s
-- Converged!
Running batched GMRES on CPU
-- (1): |r| = 0.041793358442, |r|/|b| = 0.000155481244, Elapsed Time = 3.710 s
-- (2): |r| = 0.006761928514, |r|/|b| = 0.000025155984, Elapsed Time = 7.459 s
-- (3): |r| = 0.002409793009, |r|/|b| = 0.000008965004, Elapsed Time = 11.209 s
-- (4): |r| = 0.000979197957, |r|/|b| = 0.000003642850, Elapsed Time = 14.948 s
-- (5): |r| = 0.000344830800, |r|/|b| = 0.000001282853, Elapsed Time = 18.677 s
-- (6): |r| = 0.000126496976, |r|/|b| = 0.000000470599, Elapsed Time = 22.426 s
-- Converged!
Finished iteration! Run time = 138.338 s, Elapsed time = 1497.123
================================================================================
Already ran case 85: N=1024, G=1, A=14, B=14, p=4, q=4, eps=1e-08, device=gpu
================================================================================
Running case 86: N=1024, G=1, A=14, B=14, p=4, q=4, eps=1e-05, device=cpu
Running batched GMRES on CPU
-- (1): |r| = 0.041793358442, |r|/|b| = 0.000155481244, Elapsed Time = 4.749 s
-- (2): |r| = 0.006761928514, |r|/|b| = 0.000025155984, Elapsed Time = 9.563 s
-- (3): |r| = 0.002407430466, |r|/|b| = 0.000008956215, Elapsed Time = 14.372 s
-- (4): |r| = 0.000978694427, |r|/|b| = 0.000003640976, Elapsed Time = 19.172 s
-- (5): |r| = 0.000344855187, |r|/|b| = 0.000001282943, Elapsed Time = 23.979 s
-- (6): |r| = 0.000126134572, |r|/|b| = 0.000000469251, Elapsed Time = 28.796 s
-- Converged!
Running batched GMRES on CPU
-- (1): |r| = 0.041793358442, |r|/|b| = 0.000155481244, Elapsed Time = 4.174 s
-- (2): |r| = 0.006761928514, |r|/|b| = 0.000025155984, Elapsed Time = 8.419 s
-- (3): |r| = 0.002407429066, |r|/|b| = 0.000008956209, Elapsed Time = 12.638 s
-- (4): |r| = 0.000978693915, |r|/|b| = 0.000003640974, Elapsed Time = 16.812 s
-- (5): |r| = 0.000344670337, |r|/|b| = 0.000001282256, Elapsed Time = 20.987 s
-- (6): |r| = 0.000126095464, |r|/|b| = 0.000000469105, Elapsed Time = 25.218 s
-- Converged!
Running batched GMRES on CPU
-- (1): |r| = 0.041793358442, |r|/|b| = 0.000155481244, Elapsed Time = 3.718 s
-- (2): |r| = 0.006761928514, |r|/|b| = 0.000025155984, Elapsed Time = 7.478 s
-- (3): |r| = 0.002409791166, |r|/|b| = 0.000008964997, Elapsed Time = 11.275 s
-- (4): |r| = 0.000979198866, |r|/|b| = 0.000003642853, Elapsed Time = 14.863 s
-- (5): |r| = 0.000344829403, |r|/|b| = 0.000001282847, Elapsed Time = 18.463 s
-- (6): |r| = 0.000126760182, |r|/|b| = 0.000000471578, Elapsed Time = 22.058 s
-- Converged!
Finished iteration! Run time = 89.558 s, Elapsed time = 1586.765
================================================================================
Already ran case 87: N=1024, G=1, A=14, B=14, p=4, q=4, eps=1e-05, device=gpu
================================================================================
Running case 88: N=1024, G=1, A=14, B=14, p=4, q=4, eps=0.001, device=cpu
Running batched GMRES on CPU
-- (1): |r| = 0.041793358442, |r|/|b| = 0.000155481244, Elapsed Time = 4.684 s
-- (2): |r| = 0.006761928514, |r|/|b| = 0.000025155984, Elapsed Time = 9.440 s
-- (3): |r| = 0.002407455096, |r|/|b| = 0.000008956306, Elapsed Time = 14.192 s
-- (4): |r| = 0.000978698033, |r|/|b| = 0.000003640990, Elapsed Time = 18.938 s
-- (5): |r| = 0.000344715791, |r|/|b| = 0.000001282425, Elapsed Time = 23.677 s
-- (6): |r| = 0.000126169232, |r|/|b| = 0.000000469380, Elapsed Time = 28.422 s
-- Converged!
Running batched GMRES on CPU
-- (1): |r| = 0.041793358442, |r|/|b| = 0.000155481244, Elapsed Time = 4.071 s
-- (2): |r| = 0.006761928514, |r|/|b| = 0.000025155984, Elapsed Time = 8.194 s
-- (3): |r| = 0.002407451507, |r|/|b| = 0.000008956293, Elapsed Time = 12.364 s
-- (4): |r| = 0.000978697542, |r|/|b| = 0.000003640988, Elapsed Time = 16.592 s
-- (5): |r| = 0.000344631649, |r|/|b| = 0.000001282112, Elapsed Time = 20.752 s
-- (6): |r| = 0.000126132595, |r|/|b| = 0.000000469243, Elapsed Time = 24.933 s
-- Converged!
Running batched GMRES on CPU
-- (1): |r| = 0.041793358442, |r|/|b| = 0.000155481244, Elapsed Time = 3.728 s
-- (2): |r| = 0.006761928514, |r|/|b| = 0.000025155984, Elapsed Time = 7.519 s
-- (3): |r| = 0.002409794359, |r|/|b| = 0.000008965009, Elapsed Time = 11.306 s
-- (4): |r| = 0.000979202351, |r|/|b| = 0.000003642866, Elapsed Time = 15.072 s
-- (5): |r| = 0.000344782382, |r|/|b| = 0.000001282673, Elapsed Time = 18.866 s
-- (6): |r| = 0.000126537837, |r|/|b| = 0.000000470751, Elapsed Time = 22.669 s
-- Converged!
Finished iteration! Run time = 89.385 s, Elapsed time = 1676.233
================================================================================
Already ran case 89: N=1024, G=1, A=14, B=14, p=4, q=4, eps=0.001, device=gpu
IGAMesh(id=15, name=None, num_patches=1, reflective_boundaries=False)
  -> Patch(material=Source, source=IsotropicInternalSource, id=0, name=None, shape=(16, 16), backend=geomdl)
================================================================================
Running case 90: N=1024, G=1, A=16, B=16, p=6, q=6, eps=1e-08, device=cpu
===========================================================================
Running MatrixAssembler.build()
Discretization: N = 1024, G = 1, P = 1, A = 16, B = 16
Operators: H, S, q, B_out
---------------------------------------------------------------------------
  0%|          | 0/1 [00:00<?, ?it/s]
Assembling Patch 0
Step            Shape                     Compression  Elapsed Time (s)
H               262144,262144                   1.00       17.96
S               1,256,256                       1.00       18.09
B_out           262144,262144                   1.00       20.31
---------------------------------------------------------------------------
Final Operators (Elapsed Time: 20.63 s)
Step            Shape                     Compression
H               262144,262144                1212.05
S               262144,262144             1031947.93
q               262144                          1.00
B_out           262144,262144               73103.26
===========================================================================
===========================================================================
Running TTAssembler.build()
Discretization: N = 1024, G = 1, P = 1, A = 16, B = 16
Operators: H, S, B_out
---------------------------------------------------------------------------
  0%|          | 0/1 [00:00<?, ?it/s]
Assembling Patch 0
Step            Ranks                     Compression  Elapsed Time (s)
Intg_int        1,1                           127.75        7.63
Intg_str        1,2,2                          85.06        7.65
H               3,3,3,3,3,5                 12340.73        7.65
S               1,1,1,1,1,1               65949593.80        7.65
Intg_out        1,3,4,4,3                   15603.08       11.92
B_out           3,4,4,4,4,3                 15491.43       11.92
---------------------------------------------------------------------------
Final Operators (Elapsed Time: 12.25 s)
Step            Ranks                     Compression
H               3,3,3,2                   10250518.61
S               1,1,1,1                   66076419.94
B_out           3,4,4,3                   6215582.19
===========================================================================
Running batched GMRES on CPU
-- (1): |r| = 0.089784232775, |r|/|b| = 0.000363709276, Elapsed Time = 5.846 s
-- (2): |r| = 0.022167778603, |r|/|b| = 0.000089800029, Elapsed Time = 11.711 s
-- (3): |r| = 0.010770849184, |r|/|b| = 0.000043631912, Elapsed Time = 17.610 s
-- (4): |r| = 0.006742105792, |r|/|b| = 0.000027311771, Elapsed Time = 23.471 s
-- (5): |r| = 0.004612215203, |r|/|b| = 0.000018683742, Elapsed Time = 29.398 s
-- (6): |r| = 0.003455139467, |r|/|b| = 0.000013996514, Elapsed Time = 35.317 s
-- (7): |r| = 0.002682677900, |r|/|b| = 0.000010867329, Elapsed Time = 41.183 s
-- (8): |r| = 0.002143879395, |r|/|b| = 0.000008684697, Elapsed Time = 46.992 s
-- (9): |r| = 0.001770757042, |r|/|b| = 0.000007173206, Elapsed Time = 52.855 s
-- (10): |r| = 0.001518052913, |r|/|b| = 0.000006149520, Elapsed Time = 58.742 s
-- (11): |r| = 0.001330402434, |r|/|b| = 0.000005389362, Elapsed Time = 64.573 s
-- (12): |r| = 0.001180158644, |r|/|b| = 0.000004780735, Elapsed Time = 70.419 s
-- (13): |r| = 0.001044031558, |r|/|b| = 0.000004229295, Elapsed Time = 76.291 s
-- (14): |r| = 0.000934150358, |r|/|b| = 0.000003784174, Elapsed Time = 82.218 s
-- (15): |r| = 0.000852690198, |r|/|b| = 0.000003454185, Elapsed Time = 88.081 s
-- (16): |r| = 0.000784559579, |r|/|b| = 0.000003178193, Elapsed Time = 93.952 s
-- (17): |r| = 0.000720985386, |r|/|b| = 0.000002920658, Elapsed Time = 99.847 s
-- (18): |r| = 0.000662097509, |r|/|b| = 0.000002682108, Elapsed Time = 105.694 s
-- (19): |r| = 0.000615341211, |r|/|b| = 0.000002492702, Elapsed Time = 111.544 s
-- (20): |r| = 0.000576588904, |r|/|b| = 0.000002335719, Elapsed Time = 117.400 s
-- (21): |r| = 0.000541152173, |r|/|b| = 0.000002192167, Elapsed Time = 123.257 s
-- (22): |r| = 0.000505904711, |r|/|b| = 0.000002049383, Elapsed Time = 129.086 s
-- (23): |r| = 0.000474562013, |r|/|b| = 0.000001922416, Elapsed Time = 134.958 s
-- (24): |r| = 0.000449315363, |r|/|b| = 0.000001820143, Elapsed Time = 140.799 s
-- (25): |r| = 0.000426630436, |r|/|b| = 0.000001728248, Elapsed Time = 146.669 s
-- (26): |r| = 0.000404422044, |r|/|b| = 0.000001638284, Elapsed Time = 152.491 s
-- (27): |r| = 0.000382892308, |r|/|b| = 0.000001551068, Elapsed Time = 158.380 s
-- (28): |r| = 0.000364633582, |r|/|b| = 0.000001477104, Elapsed Time = 164.208 s
-- (29): |r| = 0.000348956256, |r|/|b| = 0.000001413596, Elapsed Time = 170.055 s
-- (30): |r| = 0.000333630365, |r|/|b| = 0.000001351512, Elapsed Time = 175.884 s
-- (31): |r| = 0.000318099295, |r|/|b| = 0.000001288597, Elapsed Time = 181.806 s
-- (32): |r| = 0.000304486349, |r|/|b| = 0.000001233452, Elapsed Time = 187.595 s
-- (33): |r| = 0.000292760890, |r|/|b| = 0.000001185953, Elapsed Time = 193.458 s
-- (34): |r| = 0.000281797706, |r|/|b| = 0.000001141542, Elapsed Time = 199.282 s
-- (35): |r| = 0.000270373300, |r|/|b| = 0.000001095262, Elapsed Time = 205.140 s
-- (36): |r| = 0.000259230730, |r|/|b| = 0.000001050124, Elapsed Time = 210.979 s
-- (37): |r| = 0.000249881236, |r|/|b| = 0.000001012250, Elapsed Time = 216.879 s
-- (38): |r| = 0.000241327566, |r|/|b| = 0.000000977600, Elapsed Time = 222.718 s
-- Converged!
Running batched GMRES on CPU
-- (1): |r| = 0.089784232775, |r|/|b| = 0.000363709276, Elapsed Time = 6.065 s
-- (2): |r| = 0.022167778603, |r|/|b| = 0.000089800029, Elapsed Time = 12.121 s
-- (3): |r| = 0.010770849187, |r|/|b| = 0.000043631912, Elapsed Time = 18.213 s
-- (4): |r| = 0.006742269616, |r|/|b| = 0.000027312435, Elapsed Time = 24.306 s
-- (5): |r| = 0.004612277702, |r|/|b| = 0.000018683995, Elapsed Time = 30.392 s
-- (6): |r| = 0.003455075575, |r|/|b| = 0.000013996255, Elapsed Time = 36.466 s
-- (7): |r| = 0.002682555187, |r|/|b| = 0.000010866832, Elapsed Time = 42.560 s
-- (8): |r| = 0.002142979303, |r|/|b| = 0.000008681050, Elapsed Time = 48.662 s
-- (9): |r| = 0.001770294103, |r|/|b| = 0.000007171330, Elapsed Time = 54.778 s
-- (10): |r| = 0.001517982036, |r|/|b| = 0.000006149233, Elapsed Time = 60.853 s
-- (11): |r| = 0.001330396153, |r|/|b| = 0.000005389336, Elapsed Time = 66.844 s
-- (12): |r| = 0.001180081153, |r|/|b| = 0.000004780421, Elapsed Time = 72.930 s
-- (13): |r| = 0.001043557324, |r|/|b| = 0.000004227373, Elapsed Time = 79.067 s
-- (14): |r| = 0.000933718966, |r|/|b| = 0.000003782426, Elapsed Time = 85.189 s
-- (15): |r| = 0.000852669068, |r|/|b| = 0.000003454099, Elapsed Time = 91.345 s
-- (16): |r| = 0.000784775377, |r|/|b| = 0.000003179067, Elapsed Time = 97.344 s
-- (17): |r| = 0.000721150647, |r|/|b| = 0.000002921328, Elapsed Time = 103.327 s
-- (18): |r| = 0.000662564126, |r|/|b| = 0.000002683998, Elapsed Time = 109.280 s
-- (19): |r| = 0.000615712993, |r|/|b| = 0.000002494208, Elapsed Time = 115.177 s
-- (20): |r| = 0.000576571566, |r|/|b| = 0.000002335649, Elapsed Time = 121.254 s
-- (21): |r| = 0.000541017720, |r|/|b| = 0.000002191623, Elapsed Time = 127.356 s
-- (22): |r| = 0.000505929165, |r|/|b| = 0.000002049482, Elapsed Time = 133.444 s
-- (23): |r| = 0.000474980944, |r|/|b| = 0.000001924113, Elapsed Time = 139.534 s
-- (24): |r| = 0.000449891613, |r|/|b| = 0.000001822478, Elapsed Time = 145.623 s
-- (25): |r| = 0.000427152019, |r|/|b| = 0.000001730361, Elapsed Time = 151.693 s
-- (26): |r| = 0.000405074942, |r|/|b| = 0.000001640929, Elapsed Time = 157.781 s
-- (27): |r| = 0.000383510261, |r|/|b| = 0.000001553572, Elapsed Time = 163.850 s
-- (28): |r| = 0.000365432453, |r|/|b| = 0.000001480340, Elapsed Time = 169.922 s
-- (29): |r| = 0.000349769094, |r|/|b| = 0.000001416889, Elapsed Time = 176.025 s
-- (30): |r| = 0.000334647354, |r|/|b| = 0.000001355632, Elapsed Time = 182.128 s
-- (31): |r| = 0.000319113979, |r|/|b| = 0.000001292707, Elapsed Time = 188.232 s
-- (32): |r| = 0.000305145359, |r|/|b| = 0.000001236121, Elapsed Time = 194.314 s
-- (33): |r| = 0.000293253588, |r|/|b| = 0.000001187949, Elapsed Time = 200.384 s
-- (34): |r| = 0.000282192596, |r|/|b| = 0.000001143141, Elapsed Time = 206.451 s
-- (35): |r| = 0.000270642231, |r|/|b| = 0.000001096352, Elapsed Time = 212.514 s
-- (36): |r| = 0.000259156635, |r|/|b| = 0.000001049824, Elapsed Time = 218.582 s
-- (37): |r| = 0.000249519486, |r|/|b| = 0.000001010785, Elapsed Time = 224.572 s
-- (38): |r| = 0.000240816984, |r|/|b| = 0.000000975532, Elapsed Time = 230.602 s
-- Converged!
Running batched GMRES on CPU
-- (1): |r| = 0.089784232775, |r|/|b| = 0.000363709276, Elapsed Time = 5.654 s
-- (2): |r| = 0.022167778603, |r|/|b| = 0.000089800029, Elapsed Time = 11.354 s
-- (3): |r| = 0.010770849185, |r|/|b| = 0.000043631912, Elapsed Time = 17.068 s
-- (4): |r| = 0.006742263310, |r|/|b| = 0.000027312409, Elapsed Time = 22.888 s
-- (5): |r| = 0.004612280134, |r|/|b| = 0.000018684005, Elapsed Time = 28.577 s
-- (6): |r| = 0.003455081601, |r|/|b| = 0.000013996280, Elapsed Time = 34.224 s
-- (7): |r| = 0.002682574657, |r|/|b| = 0.000010866911, Elapsed Time = 39.865 s
-- (8): |r| = 0.002143189421, |r|/|b| = 0.000008681902, Elapsed Time = 45.484 s
-- (9): |r| = 0.001770418538, |r|/|b| = 0.000007171834, Elapsed Time = 51.135 s
-- (10): |r| = 0.001517971495, |r|/|b| = 0.000006149190, Elapsed Time = 56.790 s
-- (11): |r| = 0.001330320054, |r|/|b| = 0.000005389028, Elapsed Time = 62.460 s
-- (12): |r| = 0.001180080340, |r|/|b| = 0.000004780418, Elapsed Time = 68.246 s
-- (13): |r| = 0.001043427401, |r|/|b| = 0.000004226847, Elapsed Time = 74.044 s
-- (14): |r| = 0.000933527021, |r|/|b| = 0.000003781649, Elapsed Time = 79.791 s
-- (15): |r| = 0.000852400841, |r|/|b| = 0.000003453013, Elapsed Time = 85.547 s
-- (16): |r| = 0.000783772292, |r|/|b| = 0.000003175003, Elapsed Time = 91.312 s
-- (17): |r| = 0.000719968041, |r|/|b| = 0.000002916537, Elapsed Time = 97.050 s
-- (18): |r| = 0.000661829602, |r|/|b| = 0.000002681023, Elapsed Time = 102.805 s
-- (19): |r| = 0.000615187813, |r|/|b| = 0.000002492080, Elapsed Time = 108.556 s
-- (20): |r| = 0.000576414503, |r|/|b| = 0.000002335012, Elapsed Time = 114.319 s
-- (21): |r| = 0.000540767145, |r|/|b| = 0.000002190608, Elapsed Time = 120.112 s
-- (22): |r| = 0.000505233032, |r|/|b| = 0.000002046662, Elapsed Time = 125.896 s
-- (23): |r| = 0.000474230595, |r|/|b| = 0.000001921073, Elapsed Time = 131.673 s
-- (24): |r| = 0.000449198423, |r|/|b| = 0.000001819670, Elapsed Time = 137.423 s
-- (25): |r| = 0.000426295186, |r|/|b| = 0.000001726890, Elapsed Time = 143.189 s
-- (26): |r| = 0.000404129132, |r|/|b| = 0.000001637097, Elapsed Time = 148.981 s
-- (27): |r| = 0.000382531925, |r|/|b| = 0.000001549608, Elapsed Time = 154.739 s
-- (28): |r| = 0.000364390862, |r|/|b| = 0.000001476120, Elapsed Time = 160.501 s
-- (29): |r| = 0.000348512951, |r|/|b| = 0.000001411800, Elapsed Time = 166.280 s
-- (30): |r| = 0.000333070803, |r|/|b| = 0.000001349245, Elapsed Time = 172.060 s
-- (31): |r| = 0.000317083037, |r|/|b| = 0.000001284480, Elapsed Time = 177.849 s
-- (32): |r| = 0.000303253770, |r|/|b| = 0.000001228459, Elapsed Time = 183.636 s
-- (33): |r| = 0.000291500001, |r|/|b| = 0.000001180845, Elapsed Time = 189.405 s
-- (34): |r| = 0.000280288300, |r|/|b| = 0.000001135427, Elapsed Time = 195.192 s
-- (35): |r| = 0.000268693977, |r|/|b| = 0.000001088459, Elapsed Time = 200.974 s
-- (36): |r| = 0.000257517165, |r|/|b| = 0.000001043183, Elapsed Time = 206.747 s
-- (37): |r| = 0.000248228288, |r|/|b| = 0.000001005554, Elapsed Time = 212.515 s
-- (38): |r| = 0.000239667346, |r|/|b| = 0.000000970875, Elapsed Time = 218.303 s
-- Converged!
Running batched GMRES on CPU
-- (1): |r| = 0.089784232775, |r|/|b| = 0.000363709276, Elapsed Time = 5.272 s
-- (2): |r| = 0.022167778603, |r|/|b| = 0.000089800029, Elapsed Time = 10.684 s
-- (3): |r| = 0.010770853446, |r|/|b| = 0.000043631929, Elapsed Time = 16.102 s
-- (4): |r| = 0.006742286570, |r|/|b| = 0.000027312503, Elapsed Time = 21.510 s
-- (5): |r| = 0.004612243311, |r|/|b| = 0.000018683856, Elapsed Time = 26.823 s
-- (6): |r| = 0.003455025887, |r|/|b| = 0.000013996054, Elapsed Time = 32.053 s
-- (7): |r| = 0.002682502899, |r|/|b| = 0.000010866621, Elapsed Time = 37.259 s
-- (8): |r| = 0.002142872349, |r|/|b| = 0.000008680617, Elapsed Time = 42.464 s
-- (9): |r| = 0.001770163891, |r|/|b| = 0.000007170803, Elapsed Time = 47.674 s
-- (10): |r| = 0.001517889144, |r|/|b| = 0.000006148856, Elapsed Time = 52.945 s
-- (11): |r| = 0.001330280298, |r|/|b| = 0.000005388867, Elapsed Time = 58.277 s
-- (12): |r| = 0.001180035403, |r|/|b| = 0.000004780236, Elapsed Time = 63.507 s
-- (13): |r| = 0.001043200381, |r|/|b| = 0.000004225927, Elapsed Time = 68.658 s
-- (14): |r| = 0.000933258687, |r|/|b| = 0.000003780562, Elapsed Time = 73.777 s
-- (15): |r| = 0.000852380605, |r|/|b| = 0.000003452931, Elapsed Time = 78.914 s
-- (16): |r| = 0.000784432567, |r|/|b| = 0.000003177678, Elapsed Time = 84.024 s
-- (17): |r| = 0.000720845021, |r|/|b| = 0.000002920090, Elapsed Time = 89.149 s
-- (18): |r| = 0.000662377042, |r|/|b| = 0.000002683240, Elapsed Time = 94.284 s
-- (19): |r| = 0.000615624823, |r|/|b| = 0.000002493851, Elapsed Time = 99.403 s
-- (20): |r| = 0.000576686621, |r|/|b| = 0.000002336115, Elapsed Time = 104.537 s
-- (21): |r| = 0.000541241125, |r|/|b| = 0.000002192528, Elapsed Time = 109.671 s
-- (22): |r| = 0.000506195932, |r|/|b| = 0.000002050562, Elapsed Time = 114.814 s
-- (23): |r| = 0.000475039854, |r|/|b| = 0.000001924351, Elapsed Time = 119.947 s
-- (24): |r| = 0.000449924260, |r|/|b| = 0.000001822610, Elapsed Time = 125.063 s
-- (25): |r| = 0.000427164921, |r|/|b| = 0.000001730413, Elapsed Time = 130.170 s
-- (26): |r| = 0.000404975159, |r|/|b| = 0.000001640524, Elapsed Time = 135.046 s
-- (27): |r| = 0.000383381332, |r|/|b| = 0.000001553049, Elapsed Time = 140.068 s
-- (28): |r| = 0.000365147609, |r|/|b| = 0.000001479186, Elapsed Time = 145.174 s
-- (29): |r| = 0.000349473371, |r|/|b| = 0.000001415691, Elapsed Time = 150.200 s
-- (30): |r| = 0.000334350226, |r|/|b| = 0.000001354428, Elapsed Time = 155.327 s
-- (31): |r| = 0.000318840397, |r|/|b| = 0.000001291599, Elapsed Time = 160.379 s
-- (32): |r| = 0.000304956595, |r|/|b| = 0.000001235357, Elapsed Time = 165.458 s
-- (33): |r| = 0.000293134432, |r|/|b| = 0.000001187466, Elapsed Time = 170.538 s
-- (34): |r| = 0.000282044897, |r|/|b| = 0.000001142543, Elapsed Time = 175.582 s
-- (35): |r| = 0.000270546275, |r|/|b| = 0.000001095963, Elapsed Time = 180.634 s
-- (36): |r| = 0.000259233482, |r|/|b| = 0.000001050136, Elapsed Time = 185.639 s
-- (37): |r| = 0.000249841398, |r|/|b| = 0.000001012089, Elapsed Time = 190.596 s
-- (38): |r| = 0.000241337598, |r|/|b| = 0.000000977641, Elapsed Time = 195.544 s
-- Converged!
Finished iteration! Run time = 935.770 s, Elapsed time = 2612.188
================================================================================
Already ran case 91: N=1024, G=1, A=16, B=16, p=6, q=6, eps=1e-08, device=gpu
================================================================================
Running case 92: N=1024, G=1, A=16, B=16, p=6, q=6, eps=1e-05, device=cpu
Running batched GMRES on CPU
-- (1): |r| = 0.089784232775, |r|/|b| = 0.000363709276, Elapsed Time = 5.768 s
-- (2): |r| = 0.022167778603, |r|/|b| = 0.000089800029, Elapsed Time = 11.582 s
-- (3): |r| = 0.010770849216, |r|/|b| = 0.000043631912, Elapsed Time = 17.415 s
-- (4): |r| = 0.006742276537, |r|/|b| = 0.000027312463, Elapsed Time = 23.206 s
-- (5): |r| = 0.004612274862, |r|/|b| = 0.000018683984, Elapsed Time = 28.991 s
-- (6): |r| = 0.003455066680, |r|/|b| = 0.000013996219, Elapsed Time = 34.765 s
-- (7): |r| = 0.002682540524, |r|/|b| = 0.000010866773, Elapsed Time = 40.567 s
-- (8): |r| = 0.002142941443, |r|/|b| = 0.000008680897, Elapsed Time = 46.469 s
-- (9): |r| = 0.001770274642, |r|/|b| = 0.000007171251, Elapsed Time = 52.384 s
-- (10): |r| = 0.001517950955, |r|/|b| = 0.000006149107, Elapsed Time = 58.328 s
-- (11): |r| = 0.001330373528, |r|/|b| = 0.000005389245, Elapsed Time = 64.243 s
-- (12): |r| = 0.001180162187, |r|/|b| = 0.000004780750, Elapsed Time = 70.172 s
-- (13): |r| = 0.001043333235, |r|/|b| = 0.000004226466, Elapsed Time = 76.228 s
-- (14): |r| = 0.000933388417, |r|/|b| = 0.000003781087, Elapsed Time = 82.439 s
-- (15): |r| = 0.000852450623, |r|/|b| = 0.000003453214, Elapsed Time = 88.560 s
-- (16): |r| = 0.000784532588, |r|/|b| = 0.000003178083, Elapsed Time = 94.742 s
-- (17): |r| = 0.000720994854, |r|/|b| = 0.000002920697, Elapsed Time = 100.916 s
-- (18): |r| = 0.000662361083, |r|/|b| = 0.000002683176, Elapsed Time = 107.077 s
-- (19): |r| = 0.000615571951, |r|/|b| = 0.000002493636, Elapsed Time = 113.230 s
-- (20): |r| = 0.000576543816, |r|/|b| = 0.000002335536, Elapsed Time = 119.386 s
-- (21): |r| = 0.000541068592, |r|/|b| = 0.000002191829, Elapsed Time = 125.550 s
-- (22): |r| = 0.000505932962, |r|/|b| = 0.000002049497, Elapsed Time = 131.679 s
-- (23): |r| = 0.000474817534, |r|/|b| = 0.000001923451, Elapsed Time = 137.811 s
-- (24): |r| = 0.000449775115, |r|/|b| = 0.000001822006, Elapsed Time = 143.886 s
-- (25): |r| = 0.000427108264, |r|/|b| = 0.000001730184, Elapsed Time = 149.964 s
-- (26): |r| = 0.000405021384, |r|/|b| = 0.000001640712, Elapsed Time = 156.082 s
-- (27): |r| = 0.000383473264, |r|/|b| = 0.000001553422, Elapsed Time = 162.236 s
-- (28): |r| = 0.000365300589, |r|/|b| = 0.000001479806, Elapsed Time = 168.379 s
-- (29): |r| = 0.000349656770, |r|/|b| = 0.000001416434, Elapsed Time = 174.520 s
-- (30): |r| = 0.000334575835, |r|/|b| = 0.000001355342, Elapsed Time = 180.669 s
-- (31): |r| = 0.000319040105, |r|/|b| = 0.000001292408, Elapsed Time = 186.819 s
-- (32): |r| = 0.000305173147, |r|/|b| = 0.000001236234, Elapsed Time = 192.965 s
-- (33): |r| = 0.000293275871, |r|/|b| = 0.000001188039, Elapsed Time = 199.051 s
-- (34): |r| = 0.000282250350, |r|/|b| = 0.000001143375, Elapsed Time = 205.121 s
-- (35): |r| = 0.000270639716, |r|/|b| = 0.000001096341, Elapsed Time = 211.155 s
-- (36): |r| = 0.000259185001, |r|/|b| = 0.000001049939, Elapsed Time = 217.195 s
-- (37): |r| = 0.000249675327, |r|/|b| = 0.000001011416, Elapsed Time = 223.200 s
-- (38): |r| = 0.000241014615, |r|/|b| = 0.000000976332, Elapsed Time = 229.279 s
-- Converged!
Running batched GMRES on CPU
-- (1): |r| = 0.089784232775, |r|/|b| = 0.000363709276, Elapsed Time = 5.792 s
-- (2): |r| = 0.022167778603, |r|/|b| = 0.000089800029, Elapsed Time = 11.612 s
-- (3): |r| = 0.010770849213, |r|/|b| = 0.000043631912, Elapsed Time = 17.444 s
-- (4): |r| = 0.006742276413, |r|/|b| = 0.000027312462, Elapsed Time = 23.251 s
-- (5): |r| = 0.004612274966, |r|/|b| = 0.000018683984, Elapsed Time = 29.077 s
-- (6): |r| = 0.003455066871, |r|/|b| = 0.000013996220, Elapsed Time = 34.836 s
-- (7): |r| = 0.002682545629, |r|/|b| = 0.000010866794, Elapsed Time = 40.609 s
-- (8): |r| = 0.002142887213, |r|/|b| = 0.000008680677, Elapsed Time = 46.438 s
-- (9): |r| = 0.001769140192, |r|/|b| = 0.000007166656, Elapsed Time = 52.267 s
-- (10): |r| = 0.001516469469, |r|/|b| = 0.000006143105, Elapsed Time = 58.142 s
-- (11): |r| = 0.001328155765, |r|/|b| = 0.000005380261, Elapsed Time = 63.963 s
-- (12): |r| = 0.001178141906, |r|/|b| = 0.000004772566, Elapsed Time = 69.807 s
-- (13): |r| = 0.001042214143, |r|/|b| = 0.000004221932, Elapsed Time = 75.648 s
-- (14): |r| = 0.000932372617, |r|/|b| = 0.000003776972, Elapsed Time = 81.428 s
-- (15): |r| = 0.000851462979, |r|/|b| = 0.000003449213, Elapsed Time = 87.198 s
-- (16): |r| = 0.000783735393, |r|/|b| = 0.000003174854, Elapsed Time = 92.973 s
-- (17): |r| = 0.000720098504, |r|/|b| = 0.000002917066, Elapsed Time = 98.759 s
-- (18): |r| = 0.000661564868, |r|/|b| = 0.000002679950, Elapsed Time = 104.552 s
-- (19): |r| = 0.000614819555, |r|/|b| = 0.000002490588, Elapsed Time = 110.327 s
-- (20): |r| = 0.000575953919, |r|/|b| = 0.000002333147, Elapsed Time = 116.076 s
-- (21): |r| = 0.000540041516, |r|/|b| = 0.000002187668, Elapsed Time = 121.829 s
-- (22): |r| = 0.000504113996, |r|/|b| = 0.000002042128, Elapsed Time = 127.583 s
-- (23): |r| = 0.000473013261, |r|/|b| = 0.000001916142, Elapsed Time = 133.370 s
-- (24): |r| = 0.000448019291, |r|/|b| = 0.000001814893, Elapsed Time = 139.184 s
-- (25): |r| = 0.000425512616, |r|/|b| = 0.000001723720, Elapsed Time = 145.001 s
-- (26): |r| = 0.000403203430, |r|/|b| = 0.000001633347, Elapsed Time = 150.827 s
-- (27): |r| = 0.000382137204, |r|/|b| = 0.000001548010, Elapsed Time = 156.632 s
-- (28): |r| = 0.000364277857, |r|/|b| = 0.000001475663, Elapsed Time = 162.409 s
-- (29): |r| = 0.000348500613, |r|/|b| = 0.000001411750, Elapsed Time = 168.214 s
-- (30): |r| = 0.000332734148, |r|/|b| = 0.000001347881, Elapsed Time = 174.012 s
-- (31): |r| = 0.000316850495, |r|/|b| = 0.000001283538, Elapsed Time = 179.830 s
-- (32): |r| = 0.000303660131, |r|/|b| = 0.000001230105, Elapsed Time = 185.669 s
-- (33): |r| = 0.000292028809, |r|/|b| = 0.000001182987, Elapsed Time = 191.499 s
-- (34): |r| = 0.000280997442, |r|/|b| = 0.000001138300, Elapsed Time = 197.303 s
-- (35): |r| = 0.000269276652, |r|/|b| = 0.000001090820, Elapsed Time = 203.103 s
-- (36): |r| = 0.000258097667, |r|/|b| = 0.000001045535, Elapsed Time = 208.933 s
-- (37): |r| = 0.000248930429, |r|/|b| = 0.000001008399, Elapsed Time = 214.773 s
-- (38): |r| = 0.000240331252, |r|/|b| = 0.000000973564, Elapsed Time = 220.603 s
-- Converged!
Running batched GMRES on CPU
-- (1): |r| = 0.089784232775, |r|/|b| = 0.000363709276, Elapsed Time = 5.267 s
-- (2): |r| = 0.022167778603, |r|/|b| = 0.000089800029, Elapsed Time = 10.558 s
-- (3): |r| = 0.010770852949, |r|/|b| = 0.000043631927, Elapsed Time = 15.822 s
-- (4): |r| = 0.006742285596, |r|/|b| = 0.000027312500, Elapsed Time = 21.100 s
-- (5): |r| = 0.004612249456, |r|/|b| = 0.000018683881, Elapsed Time = 26.369 s
-- (6): |r| = 0.003455032392, |r|/|b| = 0.000013996080, Elapsed Time = 31.652 s
-- (7): |r| = 0.002682487121, |r|/|b| = 0.000010866557, Elapsed Time = 36.944 s
-- (8): |r| = 0.002143193098, |r|/|b| = 0.000008681916, Elapsed Time = 42.155 s
-- (9): |r| = 0.001770339607, |r|/|b| = 0.000007171515, Elapsed Time = 47.341 s
-- (10): |r| = 0.001517839907, |r|/|b| = 0.000006148657, Elapsed Time = 52.524 s
-- (11): |r| = 0.001330111372, |r|/|b| = 0.000005388183, Elapsed Time = 57.710 s
-- (12): |r| = 0.001179903439, |r|/|b| = 0.000004779701, Elapsed Time = 62.914 s
-- (13): |r| = 0.001043406872, |r|/|b| = 0.000004226764, Elapsed Time = 68.115 s
-- (14): |r| = 0.000933580897, |r|/|b| = 0.000003781867, Elapsed Time = 73.326 s
-- (15): |r| = 0.000852432711, |r|/|b| = 0.000003453142, Elapsed Time = 78.554 s
-- (16): |r| = 0.000784339481, |r|/|b| = 0.000003177301, Elapsed Time = 83.759 s
-- (17): |r| = 0.000720763856, |r|/|b| = 0.000002919761, Elapsed Time = 88.959 s
-- (18): |r| = 0.000662187562, |r|/|b| = 0.000002682473, Elapsed Time = 94.170 s
-- (19): |r| = 0.000615408403, |r|/|b| = 0.000002492974, Elapsed Time = 99.366 s
-- (20): |r| = 0.000576689036, |r|/|b| = 0.000002336125, Elapsed Time = 104.523 s
-- (21): |r| = 0.000541121042, |r|/|b| = 0.000002192041, Elapsed Time = 109.633 s
-- (22): |r| = 0.000505942613, |r|/|b| = 0.000002049536, Elapsed Time = 114.880 s
-- (23): |r| = 0.000474774447, |r|/|b| = 0.000001923276, Elapsed Time = 120.210 s
-- (24): |r| = 0.000449514406, |r|/|b| = 0.000001820950, Elapsed Time = 125.533 s
-- (25): |r| = 0.000426629460, |r|/|b| = 0.000001728244, Elapsed Time = 130.858 s
-- (26): |r| = 0.000404331338, |r|/|b| = 0.000001637916, Elapsed Time = 136.184 s
-- (27): |r| = 0.000383079275, |r|/|b| = 0.000001551826, Elapsed Time = 141.470 s
-- (28): |r| = 0.000364949958, |r|/|b| = 0.000001478385, Elapsed Time = 146.630 s
-- (29): |r| = 0.000349320219, |r|/|b| = 0.000001415070, Elapsed Time = 151.945 s
-- (30): |r| = 0.000334064261, |r|/|b| = 0.000001353270, Elapsed Time = 157.271 s
-- (31): |r| = 0.000318572732, |r|/|b| = 0.000001290515, Elapsed Time = 162.551 s
-- (32): |r| = 0.000304881855, |r|/|b| = 0.000001235054, Elapsed Time = 167.813 s
-- (33): |r| = 0.000293064152, |r|/|b| = 0.000001187181, Elapsed Time = 173.083 s
-- (34): |r| = 0.000281861849, |r|/|b| = 0.000001141801, Elapsed Time = 178.407 s
-- (35): |r| = 0.000270204119, |r|/|b| = 0.000001094577, Elapsed Time = 183.646 s
-- (36): |r| = 0.000258781901, |r|/|b| = 0.000001048306, Elapsed Time = 188.807 s
-- (37): |r| = 0.000249290032, |r|/|b| = 0.000001009855, Elapsed Time = 193.971 s
-- (38): |r| = 0.000240510957, |r|/|b| = 0.000000974292, Elapsed Time = 199.247 s
-- Converged!
Finished iteration! Run time = 664.494 s, Elapsed time = 3276.787
================================================================================
Already ran case 93: N=1024, G=1, A=16, B=16, p=6, q=6, eps=1e-05, device=gpu
================================================================================
Running case 94: N=1024, G=1, A=16, B=16, p=6, q=6, eps=0.001, device=cpu
Running batched GMRES on CPU
-- (1): |r| = 0.089784232775, |r|/|b| = 0.000363709276, Elapsed Time = 6.077 s
-- (2): |r| = 0.022167778603, |r|/|b| = 0.000089800029, Elapsed Time = 12.234 s
-- (3): |r| = 0.010770849195, |r|/|b| = 0.000043631912, Elapsed Time = 18.408 s
-- (4): |r| = 0.006742275202, |r|/|b| = 0.000027312457, Elapsed Time = 24.556 s
-- (5): |r| = 0.004612275478, |r|/|b| = 0.000018683986, Elapsed Time = 30.643 s
-- (6): |r| = 0.003455068534, |r|/|b| = 0.000013996227, Elapsed Time = 36.796 s
-- (7): |r| = 0.002682551618, |r|/|b| = 0.000010866818, Elapsed Time = 42.934 s
-- (8): |r| = 0.002142933575, |r|/|b| = 0.000008680865, Elapsed Time = 49.094 s
-- (9): |r| = 0.001770264075, |r|/|b| = 0.000007171209, Elapsed Time = 55.222 s
-- (10): |r| = 0.001517939215, |r|/|b| = 0.000006149059, Elapsed Time = 61.393 s
-- (11): |r| = 0.001330358779, |r|/|b| = 0.000005389185, Elapsed Time = 67.424 s
-- (12): |r| = 0.001179935291, |r|/|b| = 0.000004779830, Elapsed Time = 73.482 s
-- (13): |r| = 0.001043526060, |r|/|b| = 0.000004227247, Elapsed Time = 79.536 s
-- (14): |r| = 0.000933744160, |r|/|b| = 0.000003782528, Elapsed Time = 85.554 s
-- (15): |r| = 0.000852717109, |r|/|b| = 0.000003454294, Elapsed Time = 91.458 s
-- (16): |r| = 0.000784839704, |r|/|b| = 0.000003179328, Elapsed Time = 97.274 s
-- (17): |r| = 0.000721329220, |r|/|b| = 0.000002922051, Elapsed Time = 102.990 s
-- (18): |r| = 0.000662603708, |r|/|b| = 0.000002684159, Elapsed Time = 108.670 s
-- (19): |r| = 0.000615689985, |r|/|b| = 0.000002494115, Elapsed Time = 114.355 s
-- (20): |r| = 0.000576635365, |r|/|b| = 0.000002335907, Elapsed Time = 120.057 s
-- (21): |r| = 0.000541101638, |r|/|b| = 0.000002191963, Elapsed Time = 125.776 s
-- (22): |r| = 0.000505991701, |r|/|b| = 0.000002049735, Elapsed Time = 131.602 s
-- (23): |r| = 0.000475007520, |r|/|b| = 0.000001924220, Elapsed Time = 137.540 s
-- (24): |r| = 0.000449968259, |r|/|b| = 0.000001822788, Elapsed Time = 143.464 s
-- (25): |r| = 0.000427295162, |r|/|b| = 0.000001730941, Elapsed Time = 149.445 s
-- (26): |r| = 0.000405203359, |r|/|b| = 0.000001641449, Elapsed Time = 155.431 s
-- (27): |r| = 0.000383654948, |r|/|b| = 0.000001554158, Elapsed Time = 161.424 s
-- (28): |r| = 0.000365546263, |r|/|b| = 0.000001480801, Elapsed Time = 167.268 s
-- (29): |r| = 0.000349865712, |r|/|b| = 0.000001417280, Elapsed Time = 173.121 s
-- (30): |r| = 0.000334740000, |r|/|b| = 0.000001356007, Elapsed Time = 178.963 s
-- (31): |r| = 0.000319146071, |r|/|b| = 0.000001292837, Elapsed Time = 184.934 s
-- (32): |r| = 0.000305197467, |r|/|b| = 0.000001236332, Elapsed Time = 190.937 s
-- (33): |r| = 0.000293355090, |r|/|b| = 0.000001188360, Elapsed Time = 196.958 s
-- (34): |r| = 0.000282403086, |r|/|b| = 0.000001143994, Elapsed Time = 202.965 s
-- (35): |r| = 0.000271025473, |r|/|b| = 0.000001097904, Elapsed Time = 208.952 s
-- (36): |r| = 0.000259591987, |r|/|b| = 0.000001051588, Elapsed Time = 214.961 s
-- (37): |r| = 0.000249868365, |r|/|b| = 0.000001012198, Elapsed Time = 220.966 s
-- (38): |r| = 0.000241163377, |r|/|b| = 0.000000976935, Elapsed Time = 226.957 s
-- Converged!
Running batched GMRES on CPU
-- (1): |r| = 0.089784232775, |r|/|b| = 0.000363709276, Elapsed Time = 5.576 s
-- (2): |r| = 0.022167778603, |r|/|b| = 0.000089800029, Elapsed Time = 11.228 s
-- (3): |r| = 0.010770849195, |r|/|b| = 0.000043631912, Elapsed Time = 17.059 s
-- (4): |r| = 0.006742275209, |r|/|b| = 0.000027312457, Elapsed Time = 22.881 s
-- (5): |r| = 0.004612275470, |r|/|b| = 0.000018683986, Elapsed Time = 28.667 s
-- (6): |r| = 0.003455068507, |r|/|b| = 0.000013996227, Elapsed Time = 34.447 s
-- (7): |r| = 0.002682556009, |r|/|b| = 0.000010866836, Elapsed Time = 40.289 s
-- (8): |r| = 0.002143358969, |r|/|b| = 0.000008682588, Elapsed Time = 46.142 s
-- (9): |r| = 0.001770476705, |r|/|b| = 0.000007172070, Elapsed Time = 51.930 s
-- (10): |r| = 0.001517859043, |r|/|b| = 0.000006148735, Elapsed Time = 57.707 s
-- (11): |r| = 0.001330123199, |r|/|b| = 0.000005388231, Elapsed Time = 63.498 s
-- (12): |r| = 0.001179842200, |r|/|b| = 0.000004779453, Elapsed Time = 69.298 s
-- (13): |r| = 0.001043464251, |r|/|b| = 0.000004226996, Elapsed Time = 75.066 s
-- (14): |r| = 0.000933694465, |r|/|b| = 0.000003782327, Elapsed Time = 80.950 s
-- (15): |r| = 0.000852373310, |r|/|b| = 0.000003452901, Elapsed Time = 86.920 s
-- (16): |r| = 0.000784355830, |r|/|b| = 0.000003177367, Elapsed Time = 92.600 s
-- (17): |r| = 0.000720473409, |r|/|b| = 0.000002918584, Elapsed Time = 98.128 s
-- (18): |r| = 0.000661928641, |r|/|b| = 0.000002681424, Elapsed Time = 103.717 s
-- (19): |r| = 0.000615303207, |r|/|b| = 0.000002492548, Elapsed Time = 109.291 s
-- (20): |r| = 0.000576480808, |r|/|b| = 0.000002335281, Elapsed Time = 114.852 s
-- (21): |r| = 0.000540786106, |r|/|b| = 0.000002190684, Elapsed Time = 120.425 s
-- (22): |r| = 0.000505373693, |r|/|b| = 0.000002047231, Elapsed Time = 125.940 s
-- (23): |r| = 0.000474240350, |r|/|b| = 0.000001921113, Elapsed Time = 131.478 s
-- (24): |r| = 0.000449056871, |r|/|b| = 0.000001819096, Elapsed Time = 137.007 s
-- (25): |r| = 0.000426438566, |r|/|b| = 0.000001727471, Elapsed Time = 142.559 s
-- (26): |r| = 0.000404261805, |r|/|b| = 0.000001637635, Elapsed Time = 148.045 s
-- (27): |r| = 0.000382996514, |r|/|b| = 0.000001551491, Elapsed Time = 153.539 s
-- (28): |r| = 0.000364932934, |r|/|b| = 0.000001478316, Elapsed Time = 159.263 s
-- (29): |r| = 0.000349292854, |r|/|b| = 0.000001414959, Elapsed Time = 165.203 s
-- (30): |r| = 0.000334026654, |r|/|b| = 0.000001353117, Elapsed Time = 171.077 s
-- (31): |r| = 0.000318569948, |r|/|b| = 0.000001290503, Elapsed Time = 176.937 s
-- (32): |r| = 0.000304935001, |r|/|b| = 0.000001235269, Elapsed Time = 182.854 s
-- (33): |r| = 0.000293104774, |r|/|b| = 0.000001187346, Elapsed Time = 188.682 s
-- (34): |r| = 0.000282036945, |r|/|b| = 0.000001142511, Elapsed Time = 194.415 s
-- (35): |r| = 0.000270425677, |r|/|b| = 0.000001095474, Elapsed Time = 200.135 s
-- (36): |r| = 0.000259221724, |r|/|b| = 0.000001050088, Elapsed Time = 205.857 s
-- (37): |r| = 0.000249881695, |r|/|b| = 0.000001012252, Elapsed Time = 211.526 s
-- (38): |r| = 0.000241321409, |r|/|b| = 0.000000977575, Elapsed Time = 217.272 s
-- Converged!
Running batched GMRES on CPU
-- (1): |r| = 0.089784232775, |r|/|b| = 0.000363709276, Elapsed Time = 5.140 s
-- (2): |r| = 0.022167778603, |r|/|b| = 0.000089800029, Elapsed Time = 10.343 s
-- (3): |r| = 0.010770853374, |r|/|b| = 0.000043631929, Elapsed Time = 15.589 s
-- (4): |r| = 0.006742286537, |r|/|b| = 0.000027312503, Elapsed Time = 20.913 s
-- (5): |r| = 0.004612245638, |r|/|b| = 0.000018683865, Elapsed Time = 26.228 s
-- (6): |r| = 0.003455026927, |r|/|b| = 0.000013996058, Elapsed Time = 31.533 s
-- (7): |r| = 0.002682498242, |r|/|b| = 0.000010866602, Elapsed Time = 36.869 s
-- (8): |r| = 0.002142918690, |r|/|b| = 0.000008680805, Elapsed Time = 42.210 s
-- (9): |r| = 0.001770211089, |r|/|b| = 0.000007170994, Elapsed Time = 47.494 s
-- (10): |r| = 0.001517927853, |r|/|b| = 0.000006149013, Elapsed Time = 52.771 s
-- (11): |r| = 0.001330300433, |r|/|b| = 0.000005388949, Elapsed Time = 58.037 s
-- (12): |r| = 0.001180058588, |r|/|b| = 0.000004780330, Elapsed Time = 63.349 s
-- (13): |r| = 0.001043179511, |r|/|b| = 0.000004225843, Elapsed Time = 68.668 s
-- (14): |r| = 0.000933204364, |r|/|b| = 0.000003780342, Elapsed Time = 73.992 s
-- (15): |r| = 0.000852306961, |r|/|b| = 0.000003452632, Elapsed Time = 79.330 s
-- (16): |r| = 0.000784253309, |r|/|b| = 0.000003176952, Elapsed Time = 84.617 s
-- (17): |r| = 0.000720682640, |r|/|b| = 0.000002919432, Elapsed Time = 89.893 s
-- (18): |r| = 0.000662229323, |r|/|b| = 0.000002682642, Elapsed Time = 95.216 s
-- (19): |r| = 0.000615551780, |r|/|b| = 0.000002493555, Elapsed Time = 100.543 s
-- (20): |r| = 0.000576608046, |r|/|b| = 0.000002335796, Elapsed Time = 105.870 s
-- (21): |r| = 0.000541155530, |r|/|b| = 0.000002192181, Elapsed Time = 111.186 s
-- (22): |r| = 0.000506165771, |r|/|b| = 0.000002050440, Elapsed Time = 116.377 s
-- (23): |r| = 0.000475021375, |r|/|b| = 0.000001924276, Elapsed Time = 121.593 s
-- (24): |r| = 0.000449815663, |r|/|b| = 0.000001822170, Elapsed Time = 126.847 s
-- (25): |r| = 0.000426928584, |r|/|b| = 0.000001729456, Elapsed Time = 132.040 s
-- (26): |r| = 0.000404565928, |r|/|b| = 0.000001638867, Elapsed Time = 137.249 s
-- (27): |r| = 0.000383123236, |r|/|b| = 0.000001552004, Elapsed Time = 142.456 s
-- (28): |r| = 0.000364939891, |r|/|b| = 0.000001478344, Elapsed Time = 147.649 s
-- (29): |r| = 0.000349237066, |r|/|b| = 0.000001414733, Elapsed Time = 152.885 s
-- (30): |r| = 0.000333975087, |r|/|b| = 0.000001352908, Elapsed Time = 158.175 s
-- (31): |r| = 0.000318438060, |r|/|b| = 0.000001289969, Elapsed Time = 163.411 s
-- (32): |r| = 0.000304698993, |r|/|b| = 0.000001234313, Elapsed Time = 168.731 s
-- (33): |r| = 0.000292933597, |r|/|b| = 0.000001186652, Elapsed Time = 174.033 s
-- (34): |r| = 0.000281898810, |r|/|b| = 0.000001141951, Elapsed Time = 179.356 s
-- (35): |r| = 0.000270407942, |r|/|b| = 0.000001095403, Elapsed Time = 184.664 s
-- (36): |r| = 0.000259196031, |r|/|b| = 0.000001049984, Elapsed Time = 189.959 s
-- (37): |r| = 0.000249840596, |r|/|b| = 0.000001012086, Elapsed Time = 195.193 s
-- (38): |r| = 0.000241306160, |r|/|b| = 0.000000977513, Elapsed Time = 200.443 s
-- Converged!
Finished iteration! Run time = 659.705 s, Elapsed time = 3936.575
================================================================================
Already ran case 95: N=1024, G=1, A=16, B=16, p=6, q=6, eps=0.001, device=gpu
IGAMesh(id=16, name=None, num_patches=1, reflective_boundaries=False)
  -> Patch(material=Source, source=IsotropicInternalSource, id=0, name=None, shape=(12, 12), backend=geomdl)
================================================================================
Running case 96: N=4096, G=1, A=12, B=12, p=2, q=2, eps=1e-08, device=cpu
===========================================================================
Running MatrixAssembler.build()
Discretization: N = 4096, G = 1, P = 1, A = 12, B = 12
Operators: H, S, q, B_out
---------------------------------------------------------------------------
  0%|          | 0/1 [00:00<?, ?it/s]
Assembling Patch 0
Step            Shape                     Compression  Elapsed Time (s)
H               589824,589824                   1.00        6.63
S               1,144,144                       1.00        6.69
B_out           589824,589824                   1.00        7.62
---------------------------------------------------------------------------
Final Operators (Elapsed Time: 7.94 s)
Step            Shape                     Compression
H               589824,589824               14212.63
S               589824,589824             13973825.15
q               589824                          1.00
B_out           589824,589824              237247.48
===========================================================================
===========================================================================
Running TTAssembler.build()
Discretization: N = 4096, G = 1, P = 1, A = 12, B = 12
Operators: H, S, B_out
---------------------------------------------------------------------------
  0%|          | 0/1 [00:00<?, ?it/s]
Assembling Patch 0
Step            Ranks                     Compression  Elapsed Time (s)
Intg_int        1,1                            71.75        1.68
Intg_str        1,2,2                          47.72        1.69
H               3,3,3,3,3,5                 24364.50        1.69
S               1,1,1,1,1,1               147787744.68        1.69
Intg_out        1,3,4,4,3                   27675.03        2.23
B_out           3,4,4,4,4,3                 27398.28        2.23
---------------------------------------------------------------------------
Final Operators (Elapsed Time: 2.56 s)
Step            Ranks                     Compression
H               3,3,3,2                   17720678.02
S               1,1,1,1                   147913414.53
B_out           3,4,4,3                   11265944.01
===========================================================================
Running batched GMRES on CPU
-- (1): |r| = 0.005229636052, |r|/|b| = 0.000008968507, Elapsed Time = 10.496 s
-- (2): |r| = 0.000009785449, |r|/|b| = 0.000000016781, Elapsed Time = 21.127 s
-- Converged!
Running batched GMRES on CPU
-- (1): |r| = 0.005229636052, |r|/|b| = 0.000008968507, Elapsed Time = 11.564 s
-- (2): |r| = 0.000009785449, |r|/|b| = 0.000000016781, Elapsed Time = 23.144 s
-- Converged!
Running batched GMRES on CPU
-- (1): |r| = 0.005229636052, |r|/|b| = 0.000008968507, Elapsed Time = 11.170 s
-- (2): |r| = 0.000009785449, |r|/|b| = 0.000000016781, Elapsed Time = 22.345 s
-- Converged!
Running batched GMRES on CPU
-- (1): |r| = 0.005229636052, |r|/|b| = 0.000008968507, Elapsed Time = 10.223 s
-- (2): |r| = 0.000009785449, |r|/|b| = 0.000000016781, Elapsed Time = 20.452 s
-- Converged!
Finished iteration! Run time = 130.127 s, Elapsed time = 4066.944
================================================================================
Already ran case 97: N=4096, G=1, A=12, B=12, p=2, q=2, eps=1e-08, device=gpu
================================================================================
Running case 98: N=4096, G=1, A=12, B=12, p=2, q=2, eps=1e-05, device=cpu
Running batched GMRES on CPU
-- (1): |r| = 0.005229636052, |r|/|b| = 0.000008968507, Elapsed Time = 11.464 s
-- (2): |r| = 0.000009785449, |r|/|b| = 0.000000016781, Elapsed Time = 22.956 s
-- Converged!
Running batched GMRES on CPU
-- (1): |r| = 0.005229636052, |r|/|b| = 0.000008968507, Elapsed Time = 11.138 s
-- (2): |r| = 0.000009785449, |r|/|b| = 0.000000016781, Elapsed Time = 22.416 s
-- Converged!
Running batched GMRES on CPU
-- (1): |r| = 0.005229636052, |r|/|b| = 0.000008968507, Elapsed Time = 10.113 s
-- (2): |r| = 0.000009785449, |r|/|b| = 0.000000016781, Elapsed Time = 20.265 s
-- Converged!
Finished iteration! Run time = 89.690 s, Elapsed time = 4156.719
================================================================================
Already ran case 99: N=4096, G=1, A=12, B=12, p=2, q=2, eps=1e-05, device=gpu
================================================================================
Running case 100: N=4096, G=1, A=12, B=12, p=2, q=2, eps=0.001, device=cpu
Running batched GMRES on CPU
-- (1): |r| = 0.005229636052, |r|/|b| = 0.000008968507, Elapsed Time = 11.340 s
-- (2): |r| = 0.000009785449, |r|/|b| = 0.000000016781, Elapsed Time = 22.716 s
-- Converged!
Running batched GMRES on CPU
-- (1): |r| = 0.005229636052, |r|/|b| = 0.000008968507, Elapsed Time = 11.111 s
-- (2): |r| = 0.000009785449, |r|/|b| = 0.000000016781, Elapsed Time = 22.290 s
-- Converged!
Running batched GMRES on CPU
-- (1): |r| = 0.005229636052, |r|/|b| = 0.000008968507, Elapsed Time = 10.200 s
-- (2): |r| = 0.000009785449, |r|/|b| = 0.000000016781, Elapsed Time = 20.171 s
-- Converged!
Finished iteration! Run time = 89.338 s, Elapsed time = 4246.139
================================================================================
Already ran case 101: N=4096, G=1, A=12, B=12, p=2, q=2, eps=0.001, device=gpu
IGAMesh(id=17, name=None, num_patches=1, reflective_boundaries=False)
  -> Patch(material=Source, source=IsotropicInternalSource, id=0, name=None, shape=(13, 13), backend=geomdl)
================================================================================
Running case 102: N=4096, G=1, A=13, B=13, p=3, q=3, eps=1e-08, device=cpu
===========================================================================
Running MatrixAssembler.build()
Discretization: N = 4096, G = 1, P = 1, A = 13, B = 13
Operators: H, S, q, B_out
---------------------------------------------------------------------------
  0%|          | 0/1 [00:00<?, ?it/s]
Assembling Patch 0
Step            Shape                     Compression  Elapsed Time (s)
H               692224,692224                   1.00       15.19
S               1,169,169                       1.00       15.30
B_out           692224,692224                   1.00       16.80
---------------------------------------------------------------------------
Final Operators (Elapsed Time: 17.12 s)
Step            Shape                     Compression
H               692224,692224                9247.16
S               692224,692224             14644236.61
q               692224                          1.00
B_out           692224,692224              242206.62
===========================================================================
===========================================================================
Running TTAssembler.build()
Discretization: N = 4096, G = 1, P = 1, A = 13, B = 13
Operators: H, S, B_out
---------------------------------------------------------------------------
  0%|          | 0/1 [00:00<?, ?it/s]
Assembling Patch 0
Step            Ranks                     Compression  Elapsed Time (s)
Intg_int        1,1                            84.25        2.23
Intg_str        1,2,2                          56.06        2.24
H               3,3,3,3,3,5                 29349.19        2.24
S               1,1,1,1,1,1               199323654.82        2.24
Intg_out        1,3,4,4,3                   33968.02        4.06
B_out           3,4,4,4,4,3                 33664.99        4.07
---------------------------------------------------------------------------
Final Operators (Elapsed Time: 4.39 s)
Step            Ranks                     Compression
H               3,3,3,2                   24161661.26
S               1,1,1,1                   199489619.56
B_out           3,4,4,3                   15331117.14
===========================================================================
Running batched GMRES on CPU
-- (1): |r| = 0.036021039757, |r|/|b| = 0.000064323285, Elapsed Time = 11.672 s
-- (2): |r| = 0.002779496607, |r|/|b| = 0.000004963387, Elapsed Time = 23.429 s
-- (3): |r| = 0.000396626132, |r|/|b| = 0.000000708261, Elapsed Time = 34.944 s
-- Converged!
Running batched GMRES on CPU
-- (1): |r| = 0.036021039757, |r|/|b| = 0.000064323285, Elapsed Time = 12.451 s
-- (2): |r| = 0.002779496607, |r|/|b| = 0.000004963387, Elapsed Time = 24.942 s
-- (3): |r| = 0.000396626152, |r|/|b| = 0.000000708261, Elapsed Time = 37.348 s
-- Converged!
Running batched GMRES on CPU
-- (1): |r| = 0.036021039757, |r|/|b| = 0.000064323285, Elapsed Time = 13.023 s
-- (2): |r| = 0.002779496607, |r|/|b| = 0.000004963387, Elapsed Time = 26.115 s
-- (3): |r| = 0.000396626131, |r|/|b| = 0.000000708261, Elapsed Time = 39.032 s
-- Converged!
Running batched GMRES on CPU
-- (1): |r| = 0.036021039757, |r|/|b| = 0.000064323285, Elapsed Time = 10.998 s
-- (2): |r| = 0.002779496607, |r|/|b| = 0.000004963387, Elapsed Time = 21.930 s
-- (3): |r| = 0.000396626637, |r|/|b| = 0.000000708262, Elapsed Time = 33.015 s
-- Converged!
Finished iteration! Run time = 211.307 s, Elapsed time = 4457.630
================================================================================
Already ran case 103: N=4096, G=1, A=13, B=13, p=3, q=3, eps=1e-08, device=gpu
================================================================================
Running case 104: N=4096, G=1, A=13, B=13, p=3, q=3, eps=1e-05, device=cpu
Running batched GMRES on CPU
-- (1): |r| = 0.036021039757, |r|/|b| = 0.000064323285, Elapsed Time = 12.459 s
-- (2): |r| = 0.002779496607, |r|/|b| = 0.000004963387, Elapsed Time = 25.133 s
-- (3): |r| = 0.000396626155, |r|/|b| = 0.000000708261, Elapsed Time = 37.717 s
-- Converged!
Running batched GMRES on CPU
-- (1): |r| = 0.036021039757, |r|/|b| = 0.000064323285, Elapsed Time = 13.008 s
-- (2): |r| = 0.002779496607, |r|/|b| = 0.000004963387, Elapsed Time = 25.850 s
-- (3): |r| = 0.000396626137, |r|/|b| = 0.000000708261, Elapsed Time = 39.040 s
-- Converged!
Running batched GMRES on CPU
-- (1): |r| = 0.036021039757, |r|/|b| = 0.000064323285, Elapsed Time = 11.095 s
-- (2): |r| = 0.002779496608, |r|/|b| = 0.000004963387, Elapsed Time = 22.233 s
-- (3): |r| = 0.000396626283, |r|/|b| = 0.000000708261, Elapsed Time = 33.380 s
-- Converged!
Finished iteration! Run time = 141.500 s, Elapsed time = 4599.215
================================================================================
Already ran case 105: N=4096, G=1, A=13, B=13, p=3, q=3, eps=1e-05, device=gpu
================================================================================
Running case 106: N=4096, G=1, A=13, B=13, p=3, q=3, eps=0.001, device=cpu
Running batched GMRES on CPU
-- (1): |r| = 0.036021039757, |r|/|b| = 0.000064323285, Elapsed Time = 12.399 s
-- (2): |r| = 0.002779496607, |r|/|b| = 0.000004963387, Elapsed Time = 24.923 s
-- (3): |r| = 0.000396626155, |r|/|b| = 0.000000708261, Elapsed Time = 37.108 s
-- Converged!
Running batched GMRES on CPU
-- (1): |r| = 0.036021039757, |r|/|b| = 0.000064323285, Elapsed Time = 12.959 s
-- (2): |r| = 0.002779496607, |r|/|b| = 0.000004963387, Elapsed Time = 25.915 s
-- (3): |r| = 0.000396626143, |r|/|b| = 0.000000708261, Elapsed Time = 38.846 s
-- Converged!
Running batched GMRES on CPU
-- (1): |r| = 0.036021039757, |r|/|b| = 0.000064323285, Elapsed Time = 11.046 s
-- (2): |r| = 0.002779496608, |r|/|b| = 0.000004963387, Elapsed Time = 22.348 s
-- (3): |r| = 0.000396626393, |r|/|b| = 0.000000708261, Elapsed Time = 33.579 s
-- Converged!
Finished iteration! Run time = 137.065 s, Elapsed time = 4736.363
================================================================================
Already ran case 107: N=4096, G=1, A=13, B=13, p=3, q=3, eps=0.001, device=gpu
IGAMesh(id=18, name=None, num_patches=1, reflective_boundaries=False)
  -> Patch(material=Source, source=IsotropicInternalSource, id=0, name=None, shape=(14, 14), backend=geomdl)
================================================================================
Running case 108: N=4096, G=1, A=14, B=14, p=4, q=4, eps=1e-08, device=cpu
===========================================================================
Running MatrixAssembler.build()
Discretization: N = 4096, G = 1, P = 1, A = 14, B = 14
Operators: H, S, q, B_out
---------------------------------------------------------------------------
  0%|          | 0/1 [00:00<?, ?it/s]
Assembling Patch 0
Step            Shape                     Compression  Elapsed Time (s)
H               802816,802816                   1.00       21.95
S               1,196,196                       1.00       22.16
B_out           802816,802816                   1.00       24.51
---------------------------------------------------------------------------
Final Operators (Elapsed Time: 24.84 s)
Step            Shape                     Compression
H               802816,802816                6941.59
S               802816,802816             15137954.01
q               802816                          1.00
B_out           802816,802816              254614.68
===========================================================================
===========================================================================
Running TTAssembler.build()
Discretization: N = 4096, G = 1, P = 1, A = 14, B = 14
Operators: H, S, B_out
---------------------------------------------------------------------------
  0%|          | 0/1 [00:00<?, ?it/s]
Assembling Patch 0
Step            Ranks                     Compression  Elapsed Time (s)
Intg_int        1,1                            97.75        3.31
Intg_str        1,2,2                          65.06        3.33
H               3,3,3,3,3,5                 34766.23        3.33
S               1,1,1,1,1,1               262210549.17        3.33
Intg_out        1,3,4,4,3                   40881.25        7.74
B_out           3,4,4,4,4,3                 40554.62        7.75
---------------------------------------------------------------------------
Final Operators (Elapsed Time: 8.07 s)
Step            Ranks                     Compression
H               3,3,3,2                   32148520.04
S               1,1,1,1                   262424075.67
B_out           3,4,4,3                   20357344.59
===========================================================================
Running batched GMRES on CPU
-- (1): |r| = 0.083609550646, |r|/|b| = 0.000155523718, Elapsed Time = 14.209 s
-- (2): |r| = 0.013534857298, |r|/|b| = 0.000025176446, Elapsed Time = 28.548 s
-- (3): |r| = 0.004797225504, |r|/|b| = 0.000008923411, Elapsed Time = 43.034 s
-- (4): |r| = 0.001967632628, |r|/|b| = 0.000003660031, Elapsed Time = 57.470 s
-- (5): |r| = 0.000683574341, |r|/|b| = 0.000001271530, Elapsed Time = 71.970 s
-- (6): |r| = 0.000246466403, |r|/|b| = 0.000000458457, Elapsed Time = 86.374 s
-- Converged!
Running batched GMRES on CPU
-- (1): |r| = 0.083609550646, |r|/|b| = 0.000155523718, Elapsed Time = 13.510 s
-- (2): |r| = 0.013534857298, |r|/|b| = 0.000025176446, Elapsed Time = 27.052 s
-- (3): |r| = 0.004797225505, |r|/|b| = 0.000008923411, Elapsed Time = 40.499 s
-- (4): |r| = 0.001967632698, |r|/|b| = 0.000003660031, Elapsed Time = 54.008 s
-- (5): |r| = 0.000685388502, |r|/|b| = 0.000001274904, Elapsed Time = 67.635 s
-- (6): |r| = 0.000245978072, |r|/|b| = 0.000000457548, Elapsed Time = 81.108 s
-- Converged!
Running batched GMRES on CPU
-- (1): |r| = 0.083609550646, |r|/|b| = 0.000155523718, Elapsed Time = 14.240 s
-- (2): |r| = 0.013534857298, |r|/|b| = 0.000025176446, Elapsed Time = 28.737 s
-- (3): |r| = 0.004797225505, |r|/|b| = 0.000008923411, Elapsed Time = 42.827 s
-- (4): |r| = 0.001967632687, |r|/|b| = 0.000003660031, Elapsed Time = 57.490 s
-- (5): |r| = 0.000685219405, |r|/|b| = 0.000001274590, Elapsed Time = 71.820 s
-- (6): |r| = 0.000245948274, |r|/|b| = 0.000000457493, Elapsed Time = 85.918 s
-- Converged!
Running batched GMRES on CPU
-- (1): |r| = 0.083609550646, |r|/|b| = 0.000155523718, Elapsed Time = 12.935 s
-- (2): |r| = 0.013534857298, |r|/|b| = 0.000025176446, Elapsed Time = 26.030 s
-- (3): |r| = 0.004797225505, |r|/|b| = 0.000008923411, Elapsed Time = 39.044 s
-- (4): |r| = 0.001967632652, |r|/|b| = 0.000003660031, Elapsed Time = 51.930 s
-- (5): |r| = 0.000684155571, |r|/|b| = 0.000001272611, Elapsed Time = 64.789 s
-- (6): |r| = 0.000246880749, |r|/|b| = 0.000000459228, Elapsed Time = 77.671 s
-- Converged!
Finished iteration! Run time = 417.361 s, Elapsed time = 5153.962
================================================================================
Already ran case 109: N=4096, G=1, A=14, B=14, p=4, q=4, eps=1e-08, device=gpu
================================================================================
Running case 110: N=4096, G=1, A=14, B=14, p=4, q=4, eps=1e-05, device=cpu
Running batched GMRES on CPU
-- (1): |r| = 0.083609550646, |r|/|b| = 0.000155523718, Elapsed Time = 13.783 s
-- (2): |r| = 0.013534857298, |r|/|b| = 0.000025176446, Elapsed Time = 27.270 s
-- (3): |r| = 0.004797225505, |r|/|b| = 0.000008923411, Elapsed Time = 40.707 s
-- (4): |r| = 0.001967632629, |r|/|b| = 0.000003660031, Elapsed Time = 54.297 s
-- (5): |r| = 0.000683701426, |r|/|b| = 0.000001271766, Elapsed Time = 67.864 s
-- (6): |r| = 0.000245913561, |r|/|b| = 0.000000457428, Elapsed Time = 81.332 s
-- Converged!
Running batched GMRES on CPU
-- (1): |r| = 0.083609550646, |r|/|b| = 0.000155523718, Elapsed Time = 13.980 s
-- (2): |r| = 0.013534857298, |r|/|b| = 0.000025176446, Elapsed Time = 27.875 s
-- (3): |r| = 0.004797225505, |r|/|b| = 0.000008923411, Elapsed Time = 41.779 s
-- (4): |r| = 0.001967632644, |r|/|b| = 0.000003660031, Elapsed Time = 55.985 s
-- (5): |r| = 0.000684233265, |r|/|b| = 0.000001272755, Elapsed Time = 70.221 s
-- (6): |r| = 0.000246114768, |r|/|b| = 0.000000457803, Elapsed Time = 84.243 s
-- Converged!
Running batched GMRES on CPU
-- (1): |r| = 0.083609550646, |r|/|b| = 0.000155523718, Elapsed Time = 13.245 s
-- (2): |r| = 0.013534857298, |r|/|b| = 0.000025176446, Elapsed Time = 26.387 s
-- (3): |r| = 0.004797225504, |r|/|b| = 0.000008923411, Elapsed Time = 39.671 s
-- (4): |r| = 0.001967632667, |r|/|b| = 0.000003660031, Elapsed Time = 52.521 s
-- (5): |r| = 0.000684777556, |r|/|b| = 0.000001273768, Elapsed Time = 65.554 s
-- (6): |r| = 0.000247211631, |r|/|b| = 0.000000459843, Elapsed Time = 78.523 s
-- Converged!
Finished iteration! Run time = 276.995 s, Elapsed time = 5431.067
================================================================================
Already ran case 111: N=4096, G=1, A=14, B=14, p=4, q=4, eps=1e-05, device=gpu
================================================================================
Running case 112: N=4096, G=1, A=14, B=14, p=4, q=4, eps=0.001, device=cpu
Running batched GMRES on CPU
-- (1): |r| = 0.083609550646, |r|/|b| = 0.000155523718, Elapsed Time = 13.348 s
-- (2): |r| = 0.013534857298, |r|/|b| = 0.000025176446, Elapsed Time = 26.732 s
-- (3): |r| = 0.004797225504, |r|/|b| = 0.000008923411, Elapsed Time = 40.084 s
-- (4): |r| = 0.001967632697, |r|/|b| = 0.000003660031, Elapsed Time = 53.449 s
-- (5): |r| = 0.000685312358, |r|/|b| = 0.000001274763, Elapsed Time = 66.938 s
-- (6): |r| = 0.000246040361, |r|/|b| = 0.000000457664, Elapsed Time = 80.302 s
-- Converged!
Running batched GMRES on CPU
-- (1): |r| = 0.083609550646, |r|/|b| = 0.000155523718, Elapsed Time = 14.310 s
-- (2): |r| = 0.013534857298, |r|/|b| = 0.000025176446, Elapsed Time = 28.278 s
-- (3): |r| = 0.004797225505, |r|/|b| = 0.000008923411, Elapsed Time = 42.341 s
-- (4): |r| = 0.001967632717, |r|/|b| = 0.000003660031, Elapsed Time = 56.360 s
-- (5): |r| = 0.000685593103, |r|/|b| = 0.000001275285, Elapsed Time = 70.440 s
-- (6): |r| = 0.000245914660, |r|/|b| = 0.000000457431, Elapsed Time = 84.477 s
-- Converged!
Running batched GMRES on CPU
-- (1): |r| = 0.083609550646, |r|/|b| = 0.000155523718, Elapsed Time = 13.766 s
-- (2): |r| = 0.013534857298, |r|/|b| = 0.000025176446, Elapsed Time = 27.064 s
-- (3): |r| = 0.004797225505, |r|/|b| = 0.000008923411, Elapsed Time = 39.634 s
-- (4): |r| = 0.001967632645, |r|/|b| = 0.000003660031, Elapsed Time = 52.367 s
-- (5): |r| = 0.000683976683, |r|/|b| = 0.000001272278, Elapsed Time = 65.218 s
-- (6): |r| = 0.000247131948, |r|/|b| = 0.000000459695, Elapsed Time = 78.146 s
-- Converged!
Finished iteration! Run time = 283.232 s, Elapsed time = 5714.382
================================================================================
Already ran case 113: N=4096, G=1, A=14, B=14, p=4, q=4, eps=0.001, device=gpu
IGAMesh(id=19, name=None, num_patches=1, reflective_boundaries=False)
  -> Patch(material=Source, source=IsotropicInternalSource, id=0, name=None, shape=(16, 16), backend=geomdl)
================================================================================
Running case 114: N=4096, G=1, A=16, B=16, p=6, q=6, eps=1e-08, device=cpu
===========================================================================
Running MatrixAssembler.build()
Discretization: N = 4096, G = 1, P = 1, A = 16, B = 16
Operators: H, S, q, B_out
---------------------------------------------------------------------------
  0%|          | 0/1 [00:00<?, ?it/s]
Assembling Patch 0
Step            Shape                     Compression  Elapsed Time (s)
H               1048576,1048576                 1.00       51.81
S               1,256,256                       1.00       52.31
B_out           1048576,1048576                 1.00       59.36
---------------------------------------------------------------------------
Final Operators (Elapsed Time: 59.7 s)
Step            Shape                     Compression
H               1048576,1048576              4848.21
S               1048576,1048576           15775821.11
q               1048576                         1.00
B_out           1048576,1048576            292413.27
===========================================================================
===========================================================================
Running TTAssembler.build()
Discretization: N = 4096, G = 1, P = 1, A = 16, B = 16
Operators: H, S, B_out
---------------------------------------------------------------------------
  0%|          | 0/1 [00:00<?, ?it/s]
Assembling Patch 0
Step            Ranks                     Compression  Elapsed Time (s)
Intg_int        1,1                           127.75        7.63
Intg_str        1,2,2                          85.06        7.65
H               3,3,3,3,3,5                 46880.10        7.65
S               1,1,1,1,1,1               426497916.13        7.65
Intg_out        1,3,4,4,3                   56524.63       21.12
B_out           3,4,4,4,4,3                 56158.05       21.12
---------------------------------------------------------------------------
Final Operators (Elapsed Time: 21.46 s)
Step            Ranks                     Compression
H               3,3,3,2                   53561556.30
S               1,1,1,1                   426829048.05
B_out           3,4,4,3                   33768784.64
===========================================================================
Running batched GMRES on CPU
-- (1): |r| = 0.175408802069, |r|/|b| = 0.000355284032, Elapsed Time = 21.038 s
-- (2): |r| = 0.043838240161, |r|/|b| = 0.000088792732, Elapsed Time = 42.152 s
-- (3): |r| = 0.021459014216, |r|/|b| = 0.000043464439, Elapsed Time = 63.344 s
-- (4): |r| = 0.013462201004, |r|/|b| = 0.000027267190, Elapsed Time = 84.342 s
-- (5): |r| = 0.009227771942, |r|/|b| = 0.000018690510, Elapsed Time = 105.603 s
-- (6): |r| = 0.006908363184, |r|/|b| = 0.000013992634, Elapsed Time = 126.875 s
-- (7): |r| = 0.005383292296, |r|/|b| = 0.000010903659, Elapsed Time = 148.152 s
-- (8): |r| = 0.004326386271, |r|/|b| = 0.000008762935, Elapsed Time = 169.155 s
-- (9): |r| = 0.003569022940, |r|/|b| = 0.000007228924, Elapsed Time = 190.173 s
-- (10): |r| = 0.003038566539, |r|/|b| = 0.000006154504, Elapsed Time = 211.358 s
-- (11): |r| = 0.002658872395, |r|/|b| = 0.000005385448, Elapsed Time = 232.344 s
-- (12): |r| = 0.002363164943, |r|/|b| = 0.000004786503, Elapsed Time = 253.667 s
-- (13): |r| = 0.002105343404, |r|/|b| = 0.000004264295, Elapsed Time = 274.827 s
-- (14): |r| = 0.001873060970, |r|/|b| = 0.000003793816, Elapsed Time = 295.990 s
-- (15): |r| = 0.001703354152, |r|/|b| = 0.000003450081, Elapsed Time = 317.203 s
-- (16): |r| = 0.001568764609, |r|/|b| = 0.000003177475, Elapsed Time = 338.318 s
-- (17): |r| = 0.001446850269, |r|/|b| = 0.000002930542, Elapsed Time = 359.278 s
-- (18): |r| = 0.001326006424, |r|/|b| = 0.000002685777, Elapsed Time = 380.377 s
-- (19): |r| = 0.001223244874, |r|/|b| = 0.000002477637, Elapsed Time = 401.656 s
-- (20): |r| = 0.001144682006, |r|/|b| = 0.000002318511, Elapsed Time = 422.767 s
-- (21): |r| = 0.001075829880, |r|/|b| = 0.000002179054, Elapsed Time = 443.923 s
-- (22): |r| = 0.001006722933, |r|/|b| = 0.000002039080, Elapsed Time = 465.001 s
-- (23): |r| = 0.000941739805, |r|/|b| = 0.000001907459, Elapsed Time = 485.969 s
-- (24): |r| = 0.000891233957, |r|/|b| = 0.000001805161, Elapsed Time = 506.993 s
-- (25): |r| = 0.000847625507, |r|/|b| = 0.000001716834, Elapsed Time = 528.092 s
-- (26): |r| = 0.000806074331, |r|/|b| = 0.000001632674, Elapsed Time = 549.285 s
-- (27): |r| = 0.000763746164, |r|/|b| = 0.000001546940, Elapsed Time = 570.473 s
-- (28): |r| = 0.000726119314, |r|/|b| = 0.000001470728, Elapsed Time = 591.432 s
-- (29): |r| = 0.000694935336, |r|/|b| = 0.000001407566, Elapsed Time = 612.404 s
-- (30): |r| = 0.000666158668, |r|/|b| = 0.000001349280, Elapsed Time = 633.561 s
-- (31): |r| = 0.000636803072, |r|/|b| = 0.000001289821, Elapsed Time = 654.889 s
-- (32): |r| = 0.000607321676, |r|/|b| = 0.000001230108, Elapsed Time = 675.963 s
-- (33): |r| = 0.000582839209, |r|/|b| = 0.000001180519, Elapsed Time = 697.211 s
-- (34): |r| = 0.000561212352, |r|/|b| = 0.000001136715, Elapsed Time = 718.495 s
-- (35): |r| = 0.000540454566, |r|/|b| = 0.000001094671, Elapsed Time = 739.774 s
-- (36): |r| = 0.000517936626, |r|/|b| = 0.000001049061, Elapsed Time = 760.809 s
-- (37): |r| = 0.000496611660, |r|/|b| = 0.000001005869, Elapsed Time = 781.978 s
-- (38): |r| = 0.000479389007, |r|/|b| = 0.000000970985, Elapsed Time = 803.152 s
-- Converged!
Running batched GMRES on CPU
-- (1): |r| = 0.175408802069, |r|/|b| = 0.000355284032, Elapsed Time = 16.790 s
-- (2): |r| = 0.043838240161, |r|/|b| = 0.000088792732, Elapsed Time = 34.715 s
-- (3): |r| = 0.021459014216, |r|/|b| = 0.000043464439, Elapsed Time = 51.646 s
-- (4): |r| = 0.013462201004, |r|/|b| = 0.000027267190, Elapsed Time = 68.460 s
-- (5): |r| = 0.009227771942, |r|/|b| = 0.000018690510, Elapsed Time = 85.542 s
-- (6): |r| = 0.006908363183, |r|/|b| = 0.000013992634, Elapsed Time = 102.614 s
-- (7): |r| = 0.005383291337, |r|/|b| = 0.000010903657, Elapsed Time = 119.749 s
-- (8): |r| = 0.004326006061, |r|/|b| = 0.000008762165, Elapsed Time = 137.016 s
-- (9): |r| = 0.003568824126, |r|/|b| = 0.000007228521, Elapsed Time = 154.412 s
-- (10): |r| = 0.003038587754, |r|/|b| = 0.000006154547, Elapsed Time = 171.661 s
-- (11): |r| = 0.002659054550, |r|/|b| = 0.000005385817, Elapsed Time = 188.942 s
-- (12): |r| = 0.002363365564, |r|/|b| = 0.000004786909, Elapsed Time = 205.778 s
-- (13): |r| = 0.002105486307, |r|/|b| = 0.000004264585, Elapsed Time = 223.102 s
-- (14): |r| = 0.001873167577, |r|/|b| = 0.000003794032, Elapsed Time = 240.140 s
-- (15): |r| = 0.001703395365, |r|/|b| = 0.000003450164, Elapsed Time = 257.132 s
-- (16): |r| = 0.001568730328, |r|/|b| = 0.000003177405, Elapsed Time = 273.831 s
-- (17): |r| = 0.001446683535, |r|/|b| = 0.000002930204, Elapsed Time = 290.548 s
-- (18): |r| = 0.001325897615, |r|/|b| = 0.000002685557, Elapsed Time = 307.340 s
-- (19): |r| = 0.001223183004, |r|/|b| = 0.000002477512, Elapsed Time = 324.211 s
-- (20): |r| = 0.001144671629, |r|/|b| = 0.000002318490, Elapsed Time = 341.099 s
-- (21): |r| = 0.001075827567, |r|/|b| = 0.000002179049, Elapsed Time = 357.993 s
-- (22): |r| = 0.001006382113, |r|/|b| = 0.000002038390, Elapsed Time = 374.948 s
-- (23): |r| = 0.000941416816, |r|/|b| = 0.000001906805, Elapsed Time = 392.668 s
-- (24): |r| = 0.000891171364, |r|/|b| = 0.000001805035, Elapsed Time = 410.212 s
-- (25): |r| = 0.000847469233, |r|/|b| = 0.000001716518, Elapsed Time = 427.842 s
-- (26): |r| = 0.000805739327, |r|/|b| = 0.000001631995, Elapsed Time = 444.869 s
-- (27): |r| = 0.000763151721, |r|/|b| = 0.000001545736, Elapsed Time = 462.441 s
-- (28): |r| = 0.000725460561, |r|/|b| = 0.000001469393, Elapsed Time = 480.007 s
-- (29): |r| = 0.000694320372, |r|/|b| = 0.000001406320, Elapsed Time = 497.138 s
-- (30): |r| = 0.000665413763, |r|/|b| = 0.000001347771, Elapsed Time = 514.731 s
-- (31): |r| = 0.000635952615, |r|/|b| = 0.000001288098, Elapsed Time = 532.004 s
-- (32): |r| = 0.000606085250, |r|/|b| = 0.000001227603, Elapsed Time = 550.294 s
-- (33): |r| = 0.000581456247, |r|/|b| = 0.000001177718, Elapsed Time = 567.358 s
-- (34): |r| = 0.000559582231, |r|/|b| = 0.000001133413, Elapsed Time = 584.751 s
-- (35): |r| = 0.000538325678, |r|/|b| = 0.000001090359, Elapsed Time = 601.707 s
-- (36): |r| = 0.000515495775, |r|/|b| = 0.000001044118, Elapsed Time = 618.826 s
-- (37): |r| = 0.000494846898, |r|/|b| = 0.000001002294, Elapsed Time = 635.665 s
-- (38): |r| = 0.000477385633, |r|/|b| = 0.000000966927, Elapsed Time = 652.497 s
-- Converged!
Running batched GMRES on CPU
-- (1): |r| = 0.175408802069, |r|/|b| = 0.000355284032, Elapsed Time = 17.859 s
-- (2): |r| = 0.043838240161, |r|/|b| = 0.000088792732, Elapsed Time = 36.132 s
-- (3): |r| = 0.021459014216, |r|/|b| = 0.000043464439, Elapsed Time = 54.058 s
-- (4): |r| = 0.013462201004, |r|/|b| = 0.000027267190, Elapsed Time = 72.109 s
-- (5): |r| = 0.009227771942, |r|/|b| = 0.000018690510, Elapsed Time = 90.410 s
-- (6): |r| = 0.006908363183, |r|/|b| = 0.000013992634, Elapsed Time = 108.661 s
-- (7): |r| = 0.005383290355, |r|/|b| = 0.000010903655, Elapsed Time = 126.690 s
-- (8): |r| = 0.004324376882, |r|/|b| = 0.000008758865, Elapsed Time = 144.770 s
-- (9): |r| = 0.003568777110, |r|/|b| = 0.000007228426, Elapsed Time = 162.753 s
-- (10): |r| = 0.003039255140, |r|/|b| = 0.000006155899, Elapsed Time = 180.766 s
-- (11): |r| = 0.002659707294, |r|/|b| = 0.000005387139, Elapsed Time = 198.829 s
-- (12): |r| = 0.002363964070, |r|/|b| = 0.000004788122, Elapsed Time = 216.778 s
-- (13): |r| = 0.002106039156, |r|/|b| = 0.000004265704, Elapsed Time = 234.598 s
-- (14): |r| = 0.001874173310, |r|/|b| = 0.000003796069, Elapsed Time = 252.574 s
-- (15): |r| = 0.001704336271, |r|/|b| = 0.000003452070, Elapsed Time = 270.546 s
-- (16): |r| = 0.001569749551, |r|/|b| = 0.000003179470, Elapsed Time = 288.538 s
-- (17): |r| = 0.001448028309, |r|/|b| = 0.000002932928, Elapsed Time = 306.533 s
-- (18): |r| = 0.001328035848, |r|/|b| = 0.000002689887, Elapsed Time = 324.456 s
-- (19): |r| = 0.001225345070, |r|/|b| = 0.000002481891, Elapsed Time = 342.308 s
-- (20): |r| = 0.001146809698, |r|/|b| = 0.000002322821, Elapsed Time = 360.186 s
-- (21): |r| = 0.001077584742, |r|/|b| = 0.000002182608, Elapsed Time = 378.098 s
-- (22): |r| = 0.001008067497, |r|/|b| = 0.000002041803, Elapsed Time = 396.011 s
-- (23): |r| = 0.000942737434, |r|/|b| = 0.000001909480, Elapsed Time = 413.926 s
-- (24): |r| = 0.000892101758, |r|/|b| = 0.000001806919, Elapsed Time = 431.818 s
-- (25): |r| = 0.000848312730, |r|/|b| = 0.000001718226, Elapsed Time = 449.719 s
-- (26): |r| = 0.000806287438, |r|/|b| = 0.000001633105, Elapsed Time = 467.848 s
-- (27): |r| = 0.000763389881, |r|/|b| = 0.000001546218, Elapsed Time = 485.783 s
-- (28): |r| = 0.000725686785, |r|/|b| = 0.000001469852, Elapsed Time = 503.760 s
-- (29): |r| = 0.000694663595, |r|/|b| = 0.000001407015, Elapsed Time = 521.877 s
-- (30): |r| = 0.000665962232, |r|/|b| = 0.000001348882, Elapsed Time = 540.106 s
-- (31): |r| = 0.000636301487, |r|/|b| = 0.000001288805, Elapsed Time = 558.319 s
-- (32): |r| = 0.000606945356, |r|/|b| = 0.000001229345, Elapsed Time = 576.515 s
-- (33): |r| = 0.000582754967, |r|/|b| = 0.000001180349, Elapsed Time = 594.569 s
-- (34): |r| = 0.000560994264, |r|/|b| = 0.000001136273, Elapsed Time = 612.583 s
-- (35): |r| = 0.000539937710, |r|/|b| = 0.000001093624, Elapsed Time = 630.718 s
-- (36): |r| = 0.000517069302, |r|/|b| = 0.000001047305, Elapsed Time = 648.832 s
-- (37): |r| = 0.000496245166, |r|/|b| = 0.000001005126, Elapsed Time = 666.986 s
-- (38): |r| = 0.000478971302, |r|/|b| = 0.000000970139, Elapsed Time = 684.991 s
-- Converged!
Running batched GMRES on CPU
-- (1): |r| = 0.175408802069, |r|/|b| = 0.000355284032, Elapsed Time = 16.350 s
-- (2): |r| = 0.043838240161, |r|/|b| = 0.000088792732, Elapsed Time = 32.781 s
-- (3): |r| = 0.021459014216, |r|/|b| = 0.000043464439, Elapsed Time = 49.102 s
-- (4): |r| = 0.013462201004, |r|/|b| = 0.000027267190, Elapsed Time = 66.925 s
-- (5): |r| = 0.009227771942, |r|/|b| = 0.000018690510, Elapsed Time = 83.091 s
-- (6): |r| = 0.006908363311, |r|/|b| = 0.000013992634, Elapsed Time = 99.330 s
-- (7): |r| = 0.005383398126, |r|/|b| = 0.000010903874, Elapsed Time = 115.818 s
-- (8): |r| = 0.004323839228, |r|/|b| = 0.000008757776, Elapsed Time = 132.148 s
-- (9): |r| = 0.003569037982, |r|/|b| = 0.000007228954, Elapsed Time = 148.472 s
-- (10): |r| = 0.003039570580, |r|/|b| = 0.000006156538, Elapsed Time = 164.824 s
-- (11): |r| = 0.002659531870, |r|/|b| = 0.000005386783, Elapsed Time = 181.064 s
-- (12): |r| = 0.002363649958, |r|/|b| = 0.000004787485, Elapsed Time = 198.364 s
-- (13): |r| = 0.002105839526, |r|/|b| = 0.000004265300, Elapsed Time = 215.652 s
-- (14): |r| = 0.001874106658, |r|/|b| = 0.000003795934, Elapsed Time = 232.990 s
-- (15): |r| = 0.001704478269, |r|/|b| = 0.000003452358, Elapsed Time = 250.379 s
-- (16): |r| = 0.001570015285, |r|/|b| = 0.000003180008, Elapsed Time = 266.377 s
-- (17): |r| = 0.001448756915, |r|/|b| = 0.000002934403, Elapsed Time = 283.134 s
-- (18): |r| = 0.001329589611, |r|/|b| = 0.000002693035, Elapsed Time = 299.902 s
-- (19): |r| = 0.001226802622, |r|/|b| = 0.000002484843, Elapsed Time = 316.626 s
-- (20): |r| = 0.001148513625, |r|/|b| = 0.000002326272, Elapsed Time = 333.000 s
-- (21): |r| = 0.001079341078, |r|/|b| = 0.000002186165, Elapsed Time = 349.543 s
-- (22): |r| = 0.001010042199, |r|/|b| = 0.000002045803, Elapsed Time = 365.497 s
-- (23): |r| = 0.000944150948, |r|/|b| = 0.000001912343, Elapsed Time = 381.630 s
-- (24): |r| = 0.000893075764, |r|/|b| = 0.000001808892, Elapsed Time = 397.874 s
-- (25): |r| = 0.000849012245, |r|/|b| = 0.000001719643, Elapsed Time = 414.131 s
-- (26): |r| = 0.000807067049, |r|/|b| = 0.000001634684, Elapsed Time = 431.485 s
-- (27): |r| = 0.000764386134, |r|/|b| = 0.000001548236, Elapsed Time = 448.537 s
-- (28): |r| = 0.000726441124, |r|/|b| = 0.000001471380, Elapsed Time = 465.058 s
-- (29): |r| = 0.000695344973, |r|/|b| = 0.000001408395, Elapsed Time = 481.875 s
-- (30): |r| = 0.000666446862, |r|/|b| = 0.000001349863, Elapsed Time = 498.435 s
-- (31): |r| = 0.000636475690, |r|/|b| = 0.000001289158, Elapsed Time = 514.995 s
-- (32): |r| = 0.000607197225, |r|/|b| = 0.000001229855, Elapsed Time = 531.556 s
-- (33): |r| = 0.000583146324, |r|/|b| = 0.000001181141, Elapsed Time = 548.117 s
-- (34): |r| = 0.000561251508, |r|/|b| = 0.000001136794, Elapsed Time = 564.668 s
-- (35): |r| = 0.000539886122, |r|/|b| = 0.000001093519, Elapsed Time = 581.247 s
-- (36): |r| = 0.000516621634, |r|/|b| = 0.000001046398, Elapsed Time = 597.828 s
-- (37): |r| = 0.000495796687, |r|/|b| = 0.000001004218, Elapsed Time = 614.363 s
-- (38): |r| = 0.000478384942, |r|/|b| = 0.000000968951, Elapsed Time = 630.778 s
-- Converged!
Finished iteration! Run time = 2969.538 s, Elapsed time = 8684.247
================================================================================
Already ran case 115: N=4096, G=1, A=16, B=16, p=6, q=6, eps=1e-08, device=gpu
================================================================================
Running case 116: N=4096, G=1, A=16, B=16, p=6, q=6, eps=1e-05, device=cpu
Running batched GMRES on CPU
-- (1): |r| = 0.175408802069, |r|/|b| = 0.000355284032, Elapsed Time = 17.896 s
-- (2): |r| = 0.043838240161, |r|/|b| = 0.000088792732, Elapsed Time = 35.046 s
-- (3): |r| = 0.021459014216, |r|/|b| = 0.000043464439, Elapsed Time = 52.409 s
-- (4): |r| = 0.013462201004, |r|/|b| = 0.000027267190, Elapsed Time = 69.656 s
-- (5): |r| = 0.009227771942, |r|/|b| = 0.000018690510, Elapsed Time = 86.951 s
-- (6): |r| = 0.006908363181, |r|/|b| = 0.000013992634, Elapsed Time = 104.268 s
-- (7): |r| = 0.005383288548, |r|/|b| = 0.000010903652, Elapsed Time = 122.028 s
-- (8): |r| = 0.004323949554, |r|/|b| = 0.000008758000, Elapsed Time = 139.111 s
-- (9): |r| = 0.003568656397, |r|/|b| = 0.000007228181, Elapsed Time = 156.991 s
-- (10): |r| = 0.003039173793, |r|/|b| = 0.000006155734, Elapsed Time = 174.505 s
-- (11): |r| = 0.002659535635, |r|/|b| = 0.000005386791, Elapsed Time = 191.756 s
-- (12): |r| = 0.002363761126, |r|/|b| = 0.000004787711, Elapsed Time = 208.758 s
-- (13): |r| = 0.002106012308, |r|/|b| = 0.000004265650, Elapsed Time = 225.667 s
-- (14): |r| = 0.001874194704, |r|/|b| = 0.000003796112, Elapsed Time = 242.770 s
-- (15): |r| = 0.001704403210, |r|/|b| = 0.000003452206, Elapsed Time = 259.780 s
-- (16): |r| = 0.001569847107, |r|/|b| = 0.000003179667, Elapsed Time = 276.842 s
-- (17): |r| = 0.001448311431, |r|/|b| = 0.000002933501, Elapsed Time = 293.907 s
-- (18): |r| = 0.001328266948, |r|/|b| = 0.000002690356, Elapsed Time = 310.895 s
-- (19): |r| = 0.001225473543, |r|/|b| = 0.000002482151, Elapsed Time = 328.019 s
-- (20): |r| = 0.001146951385, |r|/|b| = 0.000002323108, Elapsed Time = 345.096 s
-- (21): |r| = 0.001077798177, |r|/|b| = 0.000002183040, Elapsed Time = 362.537 s
-- (22): |r| = 0.001008361540, |r|/|b| = 0.000002042399, Elapsed Time = 379.312 s
-- (23): |r| = 0.000942986158, |r|/|b| = 0.000001909984, Elapsed Time = 396.535 s
-- (24): |r| = 0.000892225500, |r|/|b| = 0.000001807170, Elapsed Time = 414.691 s
-- (25): |r| = 0.000848301612, |r|/|b| = 0.000001718203, Elapsed Time = 431.898 s
-- (26): |r| = 0.000806518483, |r|/|b| = 0.000001633573, Elapsed Time = 448.964 s
-- (27): |r| = 0.000763929989, |r|/|b| = 0.000001547312, Elapsed Time = 465.849 s
-- (28): |r| = 0.000726179332, |r|/|b| = 0.000001470849, Elapsed Time = 482.757 s
-- (29): |r| = 0.000695068866, |r|/|b| = 0.000001407836, Elapsed Time = 499.555 s
-- (30): |r| = 0.000666292497, |r|/|b| = 0.000001349551, Elapsed Time = 516.514 s
-- (31): |r| = 0.000636765883, |r|/|b| = 0.000001289746, Elapsed Time = 533.410 s
-- (32): |r| = 0.000607508951, |r|/|b| = 0.000001230487, Elapsed Time = 550.349 s
-- (33): |r| = 0.000583257035, |r|/|b| = 0.000001181366, Elapsed Time = 567.321 s
-- (34): |r| = 0.000561767079, |r|/|b| = 0.000001137838, Elapsed Time = 584.189 s
-- (35): |r| = 0.000540968301, |r|/|b| = 0.000001095711, Elapsed Time = 601.009 s
-- (36): |r| = 0.000518850409, |r|/|b| = 0.000001050912, Elapsed Time = 617.719 s
-- (37): |r| = 0.000497832343, |r|/|b| = 0.000001008341, Elapsed Time = 634.634 s
-- (38): |r| = 0.000480542334, |r|/|b| = 0.000000973321, Elapsed Time = 651.556 s
-- Converged!
Running batched GMRES on CPU
-- (1): |r| = 0.175408802069, |r|/|b| = 0.000355284032, Elapsed Time = 18.052 s
-- (2): |r| = 0.043838240161, |r|/|b| = 0.000088792732, Elapsed Time = 36.179 s
-- (3): |r| = 0.021459014216, |r|/|b| = 0.000043464439, Elapsed Time = 54.349 s
-- (4): |r| = 0.013462201004, |r|/|b| = 0.000027267190, Elapsed Time = 72.603 s
-- (5): |r| = 0.009227771942, |r|/|b| = 0.000018690510, Elapsed Time = 90.863 s
-- (6): |r| = 0.006908363183, |r|/|b| = 0.000013992634, Elapsed Time = 109.318 s
-- (7): |r| = 0.005383290682, |r|/|b| = 0.000010903656, Elapsed Time = 127.656 s
-- (8): |r| = 0.004325505979, |r|/|b| = 0.000008761152, Elapsed Time = 146.136 s
-- (9): |r| = 0.003568585511, |r|/|b| = 0.000007228038, Elapsed Time = 164.388 s
-- (10): |r| = 0.003038463182, |r|/|b| = 0.000006154295, Elapsed Time = 182.498 s
-- (11): |r| = 0.002659094911, |r|/|b| = 0.000005385898, Elapsed Time = 200.973 s
-- (12): |r| = 0.002363491294, |r|/|b| = 0.000004787164, Elapsed Time = 219.058 s
-- (13): |r| = 0.002105763542, |r|/|b| = 0.000004265146, Elapsed Time = 237.303 s
-- (14): |r| = 0.001873514580, |r|/|b| = 0.000003794734, Elapsed Time = 255.470 s
-- (15): |r| = 0.001703689958, |r|/|b| = 0.000003450761, Elapsed Time = 273.811 s
-- (16): |r| = 0.001569026211, |r|/|b| = 0.000003178004, Elapsed Time = 292.002 s
-- (17): |r| = 0.001447260079, |r|/|b| = 0.000002931372, Elapsed Time = 310.304 s
-- (18): |r| = 0.001326742831, |r|/|b| = 0.000002687268, Elapsed Time = 328.401 s
-- (19): |r| = 0.001223823508, |r|/|b| = 0.000002478809, Elapsed Time = 346.843 s
-- (20): |r| = 0.001145455608, |r|/|b| = 0.000002320078, Elapsed Time = 365.124 s
-- (21): |r| = 0.001076614010, |r|/|b| = 0.000002180642, Elapsed Time = 383.595 s
-- (22): |r| = 0.001007108222, |r|/|b| = 0.000002039860, Elapsed Time = 402.037 s
-- (23): |r| = 0.000942085111, |r|/|b| = 0.000001908159, Elapsed Time = 420.812 s
-- (24): |r| = 0.000891403856, |r|/|b| = 0.000001805505, Elapsed Time = 439.292 s
-- (25): |r| = 0.000847498450, |r|/|b| = 0.000001716577, Elapsed Time = 457.681 s
-- (26): |r| = 0.000805607887, |r|/|b| = 0.000001631729, Elapsed Time = 476.008 s
-- (27): |r| = 0.000762911351, |r|/|b| = 0.000001545249, Elapsed Time = 494.199 s
-- (28): |r| = 0.000725407368, |r|/|b| = 0.000001469286, Elapsed Time = 512.387 s
-- (29): |r| = 0.000694456803, |r|/|b| = 0.000001406597, Elapsed Time = 530.742 s
-- (30): |r| = 0.000665736948, |r|/|b| = 0.000001348426, Elapsed Time = 549.113 s
-- (31): |r| = 0.000636248845, |r|/|b| = 0.000001288698, Elapsed Time = 567.611 s
-- (32): |r| = 0.000606672986, |r|/|b| = 0.000001228794, Elapsed Time = 586.189 s
-- (33): |r| = 0.000582250396, |r|/|b| = 0.000001179327, Elapsed Time = 604.548 s
-- (34): |r| = 0.000560309463, |r|/|b| = 0.000001134886, Elapsed Time = 623.163 s
-- (35): |r| = 0.000539095484, |r|/|b| = 0.000001091918, Elapsed Time = 641.683 s
-- (36): |r| = 0.000515746740, |r|/|b| = 0.000001044626, Elapsed Time = 660.166 s
-- (37): |r| = 0.000494782531, |r|/|b| = 0.000001002164, Elapsed Time = 678.799 s
-- (38): |r| = 0.000477164607, |r|/|b| = 0.000000966479, Elapsed Time = 697.247 s
-- Converged!
Running batched GMRES on CPU
-- (1): |r| = 0.175408802069, |r|/|b| = 0.000355284032, Elapsed Time = 16.827 s
-- (2): |r| = 0.043838240161, |r|/|b| = 0.000088792732, Elapsed Time = 34.606 s
-- (3): |r| = 0.021459014216, |r|/|b| = 0.000043464439, Elapsed Time = 50.365 s
-- (4): |r| = 0.013462201004, |r|/|b| = 0.000027267190, Elapsed Time = 65.765 s
-- (5): |r| = 0.009227771942, |r|/|b| = 0.000018690510, Elapsed Time = 81.113 s
-- (6): |r| = 0.006908363250, |r|/|b| = 0.000013992634, Elapsed Time = 97.894 s
-- (7): |r| = 0.005383352017, |r|/|b| = 0.000010903780, Elapsed Time = 113.664 s
-- (8): |r| = 0.004323665071, |r|/|b| = 0.000008757423, Elapsed Time = 129.784 s
-- (9): |r| = 0.003568975532, |r|/|b| = 0.000007228828, Elapsed Time = 145.712 s
-- (10): |r| = 0.003039565470, |r|/|b| = 0.000006156527, Elapsed Time = 161.482 s
-- (11): |r| = 0.002659489557, |r|/|b| = 0.000005386698, Elapsed Time = 177.536 s
-- (12): |r| = 0.002363616488, |r|/|b| = 0.000004787418, Elapsed Time = 193.377 s
-- (13): |r| = 0.002105706034, |r|/|b| = 0.000004265030, Elapsed Time = 210.805 s
-- (14): |r| = 0.001874048231, |r|/|b| = 0.000003795815, Elapsed Time = 226.158 s
-- (15): |r| = 0.001704360259, |r|/|b| = 0.000003452119, Elapsed Time = 241.719 s
-- (16): |r| = 0.001569914397, |r|/|b| = 0.000003179803, Elapsed Time = 258.286 s
-- (17): |r| = 0.001448576523, |r|/|b| = 0.000002934038, Elapsed Time = 274.475 s
-- (18): |r| = 0.001328989080, |r|/|b| = 0.000002691818, Elapsed Time = 291.038 s
-- (19): |r| = 0.001226258110, |r|/|b| = 0.000002483740, Elapsed Time = 306.810 s
-- (20): |r| = 0.001147817921, |r|/|b| = 0.000002324863, Elapsed Time = 322.088 s
-- (21): |r| = 0.001078687160, |r|/|b| = 0.000002184841, Elapsed Time = 337.851 s
-- (22): |r| = 0.001009076085, |r|/|b| = 0.000002043846, Elapsed Time = 353.590 s
-- (23): |r| = 0.000943506320, |r|/|b| = 0.000001911037, Elapsed Time = 370.392 s
-- (24): |r| = 0.000892791080, |r|/|b| = 0.000001808315, Elapsed Time = 386.416 s
-- (25): |r| = 0.000848879838, |r|/|b| = 0.000001719375, Elapsed Time = 402.131 s
-- (26): |r| = 0.000807043170, |r|/|b| = 0.000001634636, Elapsed Time = 417.221 s
-- (27): |r| = 0.000764450764, |r|/|b| = 0.000001548367, Elapsed Time = 434.484 s
-- (28): |r| = 0.000726540971, |r|/|b| = 0.000001471582, Elapsed Time = 450.725 s
-- (29): |r| = 0.000695417150, |r|/|b| = 0.000001408542, Elapsed Time = 466.440 s
-- (30): |r| = 0.000666540777, |r|/|b| = 0.000001350054, Elapsed Time = 481.608 s
-- (31): |r| = 0.000636832997, |r|/|b| = 0.000001289882, Elapsed Time = 497.689 s
-- (32): |r| = 0.000607465456, |r|/|b| = 0.000001230399, Elapsed Time = 513.823 s
-- (33): |r| = 0.000583259654, |r|/|b| = 0.000001181371, Elapsed Time = 530.303 s
-- (34): |r| = 0.000561470136, |r|/|b| = 0.000001137237, Elapsed Time = 548.105 s
-- (35): |r| = 0.000540452199, |r|/|b| = 0.000001094666, Elapsed Time = 564.632 s
-- (36): |r| = 0.000517833300, |r|/|b| = 0.000001048852, Elapsed Time = 580.793 s
-- (37): |r| = 0.000496963008, |r|/|b| = 0.000001006580, Elapsed Time = 596.941 s
-- (38): |r| = 0.000479725248, |r|/|b| = 0.000000971666, Elapsed Time = 612.593 s
-- Converged!
Finished iteration! Run time = 2009.771 s, Elapsed time = 10694.107
================================================================================
Already ran case 117: N=4096, G=1, A=16, B=16, p=6, q=6, eps=1e-05, device=gpu
================================================================================
Running case 118: N=4096, G=1, A=16, B=16, p=6, q=6, eps=0.001, device=cpu
Running batched GMRES on CPU
-- (1): |r| = 0.175408802069, |r|/|b| = 0.000355284032, Elapsed Time = 16.886 s
-- (2): |r| = 0.043838240161, |r|/|b| = 0.000088792732, Elapsed Time = 33.697 s
-- (3): |r| = 0.021459014216, |r|/|b| = 0.000043464439, Elapsed Time = 50.633 s
-- (4): |r| = 0.013462201004, |r|/|b| = 0.000027267190, Elapsed Time = 67.352 s
-- (5): |r| = 0.009227771942, |r|/|b| = 0.000018690510, Elapsed Time = 84.377 s
-- (6): |r| = 0.006908363189, |r|/|b| = 0.000013992634, Elapsed Time = 101.041 s
-- (7): |r| = 0.005383295471, |r|/|b| = 0.000010903666, Elapsed Time = 117.556 s
-- (8): |r| = 0.004323874044, |r|/|b| = 0.000008757847, Elapsed Time = 134.495 s
-- (9): |r| = 0.003568942117, |r|/|b| = 0.000007228760, Elapsed Time = 151.107 s
-- (10): |r| = 0.003039528471, |r|/|b| = 0.000006156452, Elapsed Time = 167.837 s
-- (11): |r| = 0.002659640405, |r|/|b| = 0.000005387003, Elapsed Time = 184.925 s
-- (12): |r| = 0.002363822401, |r|/|b| = 0.000004787835, Elapsed Time = 201.814 s
-- (13): |r| = 0.002105787178, |r|/|b| = 0.000004265194, Elapsed Time = 218.690 s
-- (14): |r| = 0.001873996729, |r|/|b| = 0.000003795711, Elapsed Time = 235.596 s
-- (15): |r| = 0.001704203130, |r|/|b| = 0.000003451800, Elapsed Time = 252.565 s
-- (16): |r| = 0.001569852422, |r|/|b| = 0.000003179678, Elapsed Time = 269.566 s
-- (17): |r| = 0.001448361860, |r|/|b| = 0.000002933603, Elapsed Time = 286.456 s
-- (18): |r| = 0.001328829583, |r|/|b| = 0.000002691495, Elapsed Time = 303.407 s
-- (19): |r| = 0.001226042284, |r|/|b| = 0.000002483303, Elapsed Time = 320.683 s
-- (20): |r| = 0.001147652767, |r|/|b| = 0.000002324528, Elapsed Time = 337.626 s
-- (21): |r| = 0.001078546849, |r|/|b| = 0.000002184557, Elapsed Time = 354.456 s
-- (22): |r| = 0.001009216332, |r|/|b| = 0.000002044130, Elapsed Time = 371.547 s
-- (23): |r| = 0.000943768582, |r|/|b| = 0.000001911568, Elapsed Time = 388.602 s
-- (24): |r| = 0.000892997249, |r|/|b| = 0.000001808733, Elapsed Time = 405.621 s
-- (25): |r| = 0.000849079306, |r|/|b| = 0.000001719779, Elapsed Time = 422.465 s
-- (26): |r| = 0.000807108680, |r|/|b| = 0.000001634769, Elapsed Time = 439.132 s
-- (27): |r| = 0.000764483605, |r|/|b| = 0.000001548433, Elapsed Time = 456.021 s
-- (28): |r| = 0.000726653161, |r|/|b| = 0.000001471809, Elapsed Time = 472.974 s
-- (29): |r| = 0.000695546885, |r|/|b| = 0.000001408804, Elapsed Time = 489.961 s
-- (30): |r| = 0.000666699731, |r|/|b| = 0.000001350376, Elapsed Time = 506.973 s
-- (31): |r| = 0.000636906759, |r|/|b| = 0.000001290031, Elapsed Time = 523.761 s
-- (32): |r| = 0.000607530748, |r|/|b| = 0.000001230531, Elapsed Time = 540.906 s
-- (33): |r| = 0.000583284006, |r|/|b| = 0.000001181420, Elapsed Time = 558.036 s
-- (34): |r| = 0.000561430326, |r|/|b| = 0.000001137156, Elapsed Time = 575.045 s
-- (35): |r| = 0.000540285098, |r|/|b| = 0.000001094327, Elapsed Time = 591.637 s
-- (36): |r| = 0.000517305964, |r|/|b| = 0.000001047784, Elapsed Time = 608.350 s
-- (37): |r| = 0.000496384383, |r|/|b| = 0.000001005408, Elapsed Time = 625.247 s
-- (38): |r| = 0.000478926163, |r|/|b| = 0.000000970047, Elapsed Time = 642.266 s
-- Converged!
Running batched GMRES on CPU
-- (1): |r| = 0.175408802069, |r|/|b| = 0.000355284032, Elapsed Time = 18.404 s
-- (2): |r| = 0.043838240161, |r|/|b| = 0.000088792732, Elapsed Time = 36.774 s
-- (3): |r| = 0.021459014216, |r|/|b| = 0.000043464439, Elapsed Time = 55.286 s
-- (4): |r| = 0.013462201004, |r|/|b| = 0.000027267190, Elapsed Time = 73.849 s
-- (5): |r| = 0.009227771942, |r|/|b| = 0.000018690510, Elapsed Time = 92.344 s
-- (6): |r| = 0.006908363188, |r|/|b| = 0.000013992634, Elapsed Time = 110.801 s
-- (7): |r| = 0.005383294500, |r|/|b| = 0.000010903664, Elapsed Time = 129.324 s
-- (8): |r| = 0.004323721977, |r|/|b| = 0.000008757539, Elapsed Time = 147.684 s
-- (9): |r| = 0.003568928575, |r|/|b| = 0.000007228733, Elapsed Time = 166.169 s
-- (10): |r| = 0.003039544090, |r|/|b| = 0.000006156484, Elapsed Time = 184.699 s
-- (11): |r| = 0.002659576408, |r|/|b| = 0.000005386874, Elapsed Time = 203.286 s
-- (12): |r| = 0.002363751846, |r|/|b| = 0.000004787692, Elapsed Time = 221.734 s
-- (13): |r| = 0.002105731250, |r|/|b| = 0.000004265081, Elapsed Time = 240.252 s
-- (14): |r| = 0.001873967339, |r|/|b| = 0.000003795651, Elapsed Time = 258.706 s
-- (15): |r| = 0.001704196667, |r|/|b| = 0.000003451787, Elapsed Time = 276.789 s
-- (16): |r| = 0.001569872247, |r|/|b| = 0.000003179718, Elapsed Time = 294.876 s
-- (17): |r| = 0.001448443824, |r|/|b| = 0.000002933769, Elapsed Time = 313.022 s
-- (18): |r| = 0.001328943631, |r|/|b| = 0.000002691726, Elapsed Time = 331.209 s
-- (19): |r| = 0.001226152612, |r|/|b| = 0.000002483527, Elapsed Time = 349.385 s
-- (20): |r| = 0.001147786943, |r|/|b| = 0.000002324800, Elapsed Time = 367.632 s
-- (21): |r| = 0.001078697838, |r|/|b| = 0.000002184863, Elapsed Time = 385.820 s
-- (22): |r| = 0.001009380331, |r|/|b| = 0.000002044462, Elapsed Time = 403.990 s
-- (23): |r| = 0.000943935901, |r|/|b| = 0.000001911907, Elapsed Time = 422.227 s
-- (24): |r| = 0.000893183606, |r|/|b| = 0.000001809110, Elapsed Time = 440.512 s
-- (25): |r| = 0.000849216861, |r|/|b| = 0.000001720057, Elapsed Time = 458.874 s
-- (26): |r| = 0.000807326019, |r|/|b| = 0.000001635209, Elapsed Time = 477.129 s
-- (27): |r| = 0.000764549741, |r|/|b| = 0.000001548567, Elapsed Time = 495.352 s
-- (28): |r| = 0.000726576715, |r|/|b| = 0.000001471654, Elapsed Time = 513.637 s
-- (29): |r| = 0.000695547954, |r|/|b| = 0.000001408807, Elapsed Time = 531.868 s
-- (30): |r| = 0.000666782532, |r|/|b| = 0.000001350543, Elapsed Time = 550.171 s
-- (31): |r| = 0.000637024153, |r|/|b| = 0.000001290269, Elapsed Time = 568.496 s
-- (32): |r| = 0.000607702349, |r|/|b| = 0.000001230879, Elapsed Time = 586.868 s
-- (33): |r| = 0.000583414285, |r|/|b| = 0.000001181684, Elapsed Time = 605.350 s
-- (34): |r| = 0.000561754991, |r|/|b| = 0.000001137814, Elapsed Time = 623.745 s
-- (35): |r| = 0.000540657664, |r|/|b| = 0.000001095082, Elapsed Time = 642.279 s
-- (36): |r| = 0.000518208531, |r|/|b| = 0.000001049612, Elapsed Time = 660.724 s
-- (37): |r| = 0.000497510265, |r|/|b| = 0.000001007689, Elapsed Time = 679.091 s
-- (38): |r| = 0.000480309151, |r|/|b| = 0.000000972848, Elapsed Time = 697.530 s
-- Converged!
Running batched GMRES on CPU
-- (1): |r| = 0.175408802069, |r|/|b| = 0.000355284032, Elapsed Time = 16.968 s
-- (2): |r| = 0.043838240161, |r|/|b| = 0.000088792732, Elapsed Time = 33.567 s
-- (3): |r| = 0.021459014216, |r|/|b| = 0.000043464439, Elapsed Time = 50.447 s
-- (4): |r| = 0.013462201004, |r|/|b| = 0.000027267190, Elapsed Time = 68.223 s
-- (5): |r| = 0.009227771942, |r|/|b| = 0.000018690510, Elapsed Time = 85.382 s
-- (6): |r| = 0.006908363269, |r|/|b| = 0.000013992634, Elapsed Time = 102.770 s
-- (7): |r| = 0.005383374950, |r|/|b| = 0.000010903827, Elapsed Time = 119.503 s
-- (8): |r| = 0.004324032964, |r|/|b| = 0.000008758169, Elapsed Time = 136.084 s
-- (9): |r| = 0.003569027262, |r|/|b| = 0.000007228933, Elapsed Time = 152.973 s
-- (10): |r| = 0.003039571429, |r|/|b| = 0.000006156539, Elapsed Time = 170.999 s
-- (11): |r| = 0.002659672867, |r|/|b| = 0.000005387069, Elapsed Time = 188.434 s
-- (12): |r| = 0.002363798440, |r|/|b| = 0.000004787786, Elapsed Time = 205.302 s
-- (13): |r| = 0.002105870061, |r|/|b| = 0.000004265362, Elapsed Time = 222.707 s
-- (14): |r| = 0.001874147010, |r|/|b| = 0.000003796015, Elapsed Time = 239.807 s
-- (15): |r| = 0.001704410697, |r|/|b| = 0.000003452221, Elapsed Time = 257.392 s
-- (16): |r| = 0.001569872999, |r|/|b| = 0.000003179720, Elapsed Time = 273.944 s
-- (17): |r| = 0.001448451751, |r|/|b| = 0.000002933785, Elapsed Time = 290.910 s
-- (18): |r| = 0.001328749666, |r|/|b| = 0.000002691333, Elapsed Time = 307.774 s
-- (19): |r| = 0.001226016606, |r|/|b| = 0.000002483251, Elapsed Time = 324.904 s
-- (20): |r| = 0.001147574712, |r|/|b| = 0.000002324370, Elapsed Time = 342.302 s
-- (21): |r| = 0.001078429982, |r|/|b| = 0.000002184320, Elapsed Time = 359.345 s
-- (22): |r| = 0.001008950222, |r|/|b| = 0.000002043591, Elapsed Time = 377.346 s
-- (23): |r| = 0.000943393493, |r|/|b| = 0.000001910809, Elapsed Time = 394.508 s
-- (24): |r| = 0.000892557002, |r|/|b| = 0.000001807841, Elapsed Time = 411.113 s
-- (25): |r| = 0.000848262890, |r|/|b| = 0.000001718125, Elapsed Time = 427.746 s
-- (26): |r| = 0.000806185421, |r|/|b| = 0.000001632899, Elapsed Time = 445.324 s
-- (27): |r| = 0.000763261561, |r|/|b| = 0.000001545958, Elapsed Time = 461.898 s
-- (28): |r| = 0.000725688501, |r|/|b| = 0.000001469855, Elapsed Time = 479.805 s
-- (29): |r| = 0.000694705720, |r|/|b| = 0.000001407101, Elapsed Time = 496.146 s
-- (30): |r| = 0.000665794365, |r|/|b| = 0.000001348542, Elapsed Time = 512.523 s
-- (31): |r| = 0.000635869710, |r|/|b| = 0.000001287931, Elapsed Time = 528.981 s
-- (32): |r| = 0.000606665171, |r|/|b| = 0.000001228778, Elapsed Time = 546.879 s
-- (33): |r| = 0.000582819174, |r|/|b| = 0.000001180479, Elapsed Time = 563.355 s
-- (34): |r| = 0.000561137051, |r|/|b| = 0.000001136562, Elapsed Time = 579.983 s
-- (35): |r| = 0.000540027140, |r|/|b| = 0.000001093805, Elapsed Time = 596.655 s
-- (36): |r| = 0.000517360126, |r|/|b| = 0.000001047894, Elapsed Time = 613.203 s
-- (37): |r| = 0.000496859207, |r|/|b| = 0.000001006370, Elapsed Time = 631.113 s
-- (38): |r| = 0.000479624575, |r|/|b| = 0.000000971462, Elapsed Time = 648.381 s
-- Converged!
Finished iteration! Run time = 2045.869 s, Elapsed time = 12740.084
================================================================================
Already ran case 119: N=4096, G=1, A=16, B=16, p=6, q=6, eps=0.001, device=gpu
IGAMesh(id=20, name=None, num_patches=1, reflective_boundaries=False)
  -> Patch(material=Source, source=IsotropicInternalSource, id=0, name=None, shape=(12, 12), backend=geomdl)
================================================================================
Running case 120: N=16384, G=1, A=12, B=12, p=2, q=2, eps=1e-08, device=cpu
===========================================================================
Running MatrixAssembler.build()
Discretization: N = 16384, G = 1, P = 1, A = 12, B = 12
Operators: H, S, q, B_out
---------------------------------------------------------------------------
  0%|          | 0/1 [00:00<?, ?it/s]
Assembling Patch 0
Step            Shape                     Compression  Elapsed Time (s)
H               2359296,2359296                 1.00       21.11
S               1,144,144                       1.00       21.33
B_out           2359296,2359296                 1.00       24.03
---------------------------------------------------------------------------
Final Operators (Elapsed Time: 24.36 s)
Step            Shape                     Compression
H               2359296,2359296             56850.51
S               2359296,2359296           149438295.09
q               2359296                         1.00
B_out           2359296,2359296            948990.41
===========================================================================
===========================================================================
Running TTAssembler.build()
Discretization: N = 16384, G = 1, P = 1, A = 12, B = 12
Operators: H, S, B_out
---------------------------------------------------------------------------
  0%|          | 0/1 [00:00<?, ?it/s]
Assembling Patch 0
Step            Ranks                     Compression  Elapsed Time (s)
Intg_int        1,1                            71.75        1.67
Intg_str        1,2,2                          47.72        1.68
H               3,3,3,3,3,5                 83638.26        1.68
S               1,1,1,1,1,1               655010310.15        1.68
Intg_out        1,3,4,4,3                   85684.39        5.17
B_out           3,4,4,4,4,3                 85019.68        5.18
---------------------------------------------------------------------------
Final Operators (Elapsed Time: 5.55 s)
Step            Ranks                     Compression
H               3,3,3,2                   74288351.69
S               1,1,1,1                   655164502.78
B_out           3,4,4,3                   47617348.89
===========================================================================
Running batched GMRES on CPU
-- (1): |r| = 0.010518400301, |r|/|b| = 0.000009019208, Elapsed Time = 36.051 s
-- (2): |r| = 0.000020145219, |r|/|b| = 0.000000017274, Elapsed Time = 72.082 s
-- Converged!
Running batched GMRES on CPU
-- (1): |r| = 0.010518400301, |r|/|b| = 0.000009019208, Elapsed Time = 37.831 s
-- (2): |r| = 0.000020145219, |r|/|b| = 0.000000017274, Elapsed Time = 75.291 s
-- Converged!
Running batched GMRES on CPU
-- (1): |r| = 0.010518400301, |r|/|b| = 0.000009019208, Elapsed Time = 36.899 s
-- (2): |r| = 0.000020145219, |r|/|b| = 0.000000017274, Elapsed Time = 74.523 s
-- Converged!
Running batched GMRES on CPU
-- (1): |r| = 0.010518400301, |r|/|b| = 0.000009019208, Elapsed Time = 37.334 s
-- (2): |r| = 0.000020145219, |r|/|b| = 0.000000017274, Elapsed Time = 75.407 s
-- Converged!
Finished iteration! Run time = 548.456 s, Elapsed time = 13289.101
================================================================================
Already ran case 121: N=16384, G=1, A=12, B=12, p=2, q=2, eps=1e-08, device=gpu
================================================================================
Running case 122: N=16384, G=1, A=12, B=12, p=2, q=2, eps=1e-05, device=cpu
Running batched GMRES on CPU
-- (1): |r| = 0.010518400301, |r|/|b| = 0.000009019208, Elapsed Time = 39.039 s
-- (2): |r| = 0.000020145219, |r|/|b| = 0.000000017274, Elapsed Time = 77.753 s
-- Converged!
Running batched GMRES on CPU
-- (1): |r| = 0.010518400301, |r|/|b| = 0.000009019208, Elapsed Time = 36.421 s
-- (2): |r| = 0.000020145219, |r|/|b| = 0.000000017274, Elapsed Time = 73.536 s
-- Converged!
Running batched GMRES on CPU
-- (1): |r| = 0.010518400301, |r|/|b| = 0.000009019208, Elapsed Time = 37.400 s
-- (2): |r| = 0.000020145219, |r|/|b| = 0.000000017274, Elapsed Time = 75.119 s
-- Converged!
Finished iteration! Run time = 419.672 s, Elapsed time = 13708.882
================================================================================
Already ran case 123: N=16384, G=1, A=12, B=12, p=2, q=2, eps=1e-05, device=gpu
================================================================================
Running case 124: N=16384, G=1, A=12, B=12, p=2, q=2, eps=0.001, device=cpu
Running batched GMRES on CPU
-- (1): |r| = 0.010518400301, |r|/|b| = 0.000009019208, Elapsed Time = 38.436 s
-- (2): |r| = 0.000020145219, |r|/|b| = 0.000000017274, Elapsed Time = 75.595 s
-- Converged!
Running batched GMRES on CPU
-- (1): |r| = 0.010518400301, |r|/|b| = 0.000009019208, Elapsed Time = 37.973 s
-- (2): |r| = 0.000020145219, |r|/|b| = 0.000000017274, Elapsed Time = 75.733 s
-- Converged!
Running batched GMRES on CPU
-- (1): |r| = 0.010518400301, |r|/|b| = 0.000009019208, Elapsed Time = 37.336 s
-- (2): |r| = 0.000020145219, |r|/|b| = 0.000000017274, Elapsed Time = 74.528 s
-- Converged!
Finished iteration! Run time = 385.121 s, Elapsed time = 14094.113
================================================================================
Already ran case 125: N=16384, G=1, A=12, B=12, p=2, q=2, eps=0.001, device=gpu
IGAMesh(id=21, name=None, num_patches=1, reflective_boundaries=False)
  -> Patch(material=Source, source=IsotropicInternalSource, id=0, name=None, shape=(13, 13), backend=geomdl)
================================================================================
Running case 126: N=16384, G=1, A=13, B=13, p=3, q=3, eps=1e-08, device=cpu
===========================================================================
Running MatrixAssembler.build()
Discretization: N = 16384, G = 1, P = 1, A = 13, B = 13
Operators: H, S, q, B_out
---------------------------------------------------------------------------
  0%|          | 0/1 [00:00<?, ?it/s]
Assembling Patch 0
Step            Shape                     Compression  Elapsed Time (s)
H               2768896,2768896                 1.00       41.33
S               1,169,169                       1.00       41.77
B_out           2768896,2768896                 1.00       46.43
---------------------------------------------------------------------------
Final Operators (Elapsed Time: 46.78 s)
Step            Shape                     Compression
H               2768896,2768896             36988.65
S               2768896,2768896           170097066.07
q               2768896                         1.00
B_out           2768896,2768896            968826.84
===========================================================================
===========================================================================
Running TTAssembler.build()
Discretization: N = 16384, G = 1, P = 1, A = 13, B = 13
Operators: H, S, B_out
---------------------------------------------------------------------------
  0%|          | 0/1 [00:00<?, ?it/s]
Assembling Patch 0
Step            Ranks                     Compression  Elapsed Time (s)
Intg_int        1,1                            84.25        2.24
Intg_str        1,2,2                          56.06        2.25
H               3,3,3,3,3,5                102574.18        2.25
S               1,1,1,1,1,1               896909810.34        2.25
Intg_out        1,3,4,4,3                  107821.07       12.88
B_out           3,4,4,4,4,3                107056.38       12.88
---------------------------------------------------------------------------
Final Operators (Elapsed Time: 13.27 s)
Step            Ranks                     Compression
H               3,3,3,2                   102049636.07
S               1,1,1,1                   897119712.01
B_out           3,4,4,3                   65376649.46
===========================================================================
Running batched GMRES on CPU
-- (1): |r| = 0.072231398706, |r|/|b| = 0.000064492320, Elapsed Time = 44.662 s
-- (2): |r| = 0.005583835367, |r|/|b| = 0.000004985567, Elapsed Time = 89.504 s
-- (3): |r| = 0.000798041110, |r|/|b| = 0.000000712537, Elapsed Time = 134.390 s
-- Converged!
Running batched GMRES on CPU
-- (1): |r| = 0.072231398706, |r|/|b| = 0.000064492320, Elapsed Time = 47.199 s
-- (2): |r| = 0.005583835367, |r|/|b| = 0.000004985567, Elapsed Time = 92.584 s
-- (3): |r| = 0.000798042883, |r|/|b| = 0.000000712538, Elapsed Time = 138.471 s
-- Converged!
Running batched GMRES on CPU
-- (1): |r| = 0.072231398706, |r|/|b| = 0.000064492320, Elapsed Time = 41.704 s
-- (2): |r| = 0.005583835367, |r|/|b| = 0.000004985567, Elapsed Time = 83.498 s
-- (3): |r| = 0.000798041188, |r|/|b| = 0.000000712537, Elapsed Time = 125.568 s
-- Converged!
Running batched GMRES on CPU
-- (1): |r| = 0.072231398706, |r|/|b| = 0.000064492320, Elapsed Time = 43.396 s
-- (2): |r| = 0.005583835368, |r|/|b| = 0.000004985567, Elapsed Time = 87.504 s
-- (3): |r| = 0.000798041876, |r|/|b| = 0.000000712537, Elapsed Time = 131.196 s
-- Converged!
Finished iteration! Run time = 874.384 s, Elapsed time = 14968.856
================================================================================
Already ran case 127: N=16384, G=1, A=13, B=13, p=3, q=3, eps=1e-08, device=gpu
================================================================================
Running case 128: N=16384, G=1, A=13, B=13, p=3, q=3, eps=1e-05, device=cpu
Running batched GMRES on CPU
-- (1): |r| = 0.072231398706, |r|/|b| = 0.000064492320, Elapsed Time = 46.560 s
-- (2): |r| = 0.005583835367, |r|/|b| = 0.000004985567, Elapsed Time = 92.366 s
-- (3): |r| = 0.000798042647, |r|/|b| = 0.000000712538, Elapsed Time = 136.620 s
-- Converged!
Running batched GMRES on CPU
-- (1): |r| = 0.072231398706, |r|/|b| = 0.000064492320, Elapsed Time = 44.024 s
-- (2): |r| = 0.005583835367, |r|/|b| = 0.000004985567, Elapsed Time = 87.402 s
-- (3): |r| = 0.000798041275, |r|/|b| = 0.000000712537, Elapsed Time = 128.865 s
-- Converged!
Running batched GMRES on CPU
-- (1): |r| = 0.072231398706, |r|/|b| = 0.000064492320, Elapsed Time = 43.886 s
-- (2): |r| = 0.005583835367, |r|/|b| = 0.000004985567, Elapsed Time = 87.493 s
-- (3): |r| = 0.000798042518, |r|/|b| = 0.000000712538, Elapsed Time = 131.191 s
-- Converged!
Finished iteration! Run time = 626.499 s, Elapsed time = 15595.452
================================================================================
Already ran case 129: N=16384, G=1, A=13, B=13, p=3, q=3, eps=1e-05, device=gpu
================================================================================
Running case 130: N=16384, G=1, A=13, B=13, p=3, q=3, eps=0.001, device=cpu
Running batched GMRES on CPU
-- (1): |r| = 0.072231398706, |r|/|b| = 0.000064492320, Elapsed Time = 46.957 s
-- (2): |r| = 0.005583835367, |r|/|b| = 0.000004985567, Elapsed Time = 94.196 s
-- (3): |r| = 0.000798042721, |r|/|b| = 0.000000712538, Elapsed Time = 140.208 s
-- Converged!
Running batched GMRES on CPU
-- (1): |r| = 0.072231398706, |r|/|b| = 0.000064492320, Elapsed Time = 43.174 s
-- (2): |r| = 0.005583835367, |r|/|b| = 0.000004985567, Elapsed Time = 86.687 s
-- (3): |r| = 0.000798041220, |r|/|b| = 0.000000712537, Elapsed Time = 130.805 s
-- Converged!
Running batched GMRES on CPU
-- (1): |r| = 0.072231398706, |r|/|b| = 0.000064492320, Elapsed Time = 43.464 s
-- (2): |r| = 0.005583835367, |r|/|b| = 0.000004985567, Elapsed Time = 87.299 s
-- (3): |r| = 0.000798044049, |r|/|b| = 0.000000712539, Elapsed Time = 131.022 s
-- Converged!
Finished iteration! Run time = 626.036 s, Elapsed time = 16221.596
================================================================================
Already ran case 131: N=16384, G=1, A=13, B=13, p=3, q=3, eps=0.001, device=gpu
IGAMesh(id=22, name=None, num_patches=1, reflective_boundaries=False)
  -> Patch(material=Source, source=IsotropicInternalSource, id=0, name=None, shape=(14, 14), backend=geomdl)
================================================================================
Running case 132: N=16384, G=1, A=14, B=14, p=4, q=4, eps=1e-08, device=cpu
===========================================================================
Running MatrixAssembler.build()
Discretization: N = 16384, G = 1, P = 1, A = 14, B = 14
Operators: H, S, q, B_out
---------------------------------------------------------------------------
  0%|          | 0/1 [00:00<?, ?it/s]
Assembling Patch 0
Step            Shape                     Compression  Elapsed Time (s)
H               3211264,3211264                 1.00      111.64
S               1,196,196                       1.00      112.43
B_out           3211264,3211264                 1.00      120.82
---------------------------------------------------------------------------
Final Operators (Elapsed Time: 121.18 s)
Step            Shape                     Compression
H               3211264,3211264             27766.36
S               3211264,3211264           187740614.58
q               3211264                         1.00
B_out           3211264,3211264           1018459.03
===========================================================================
===========================================================================
Running TTAssembler.build()
Discretization: N = 16384, G = 1, P = 1, A = 14, B = 14
Operators: H, S, B_out
---------------------------------------------------------------------------
  0%|          | 0/1 [00:00<?, ?it/s]
Assembling Patch 0
Step            Ranks                     Compression  Elapsed Time (s)
Intg_int        1,1                            97.75        3.34
Intg_str        1,2,2                          65.06        3.35
H               3,3,3,3,3,5                123364.90        3.35
S               1,1,1,1,1,1               1198816144.81        3.36
Intg_out        1,3,4,4,3                  132646.52       27.05
B_out           3,4,4,4,4,3                131785.54       27.06
---------------------------------------------------------------------------
Final Operators (Elapsed Time: 27.44 s)
Step            Ranks                     Compression
H               3,3,3,2                   136868449.75
S               1,1,1,1                   1199094939.27
B_out           3,4,4,3                   87632282.52
===========================================================================
Running batched GMRES on CPU
-- (1): |r| = 0.167212345087, |r|/|b| = 0.000155517434, Elapsed Time = 55.292 s
-- (2): |r| = 0.027068664166, |r|/|b| = 0.000025175469, Elapsed Time = 110.721 s
-- (3): |r| = 0.009567842891, |r|/|b| = 0.000008898663, Elapsed Time = 165.822 s
-- (4): |r| = 0.003932448584, |r|/|b| = 0.000003657411, Elapsed Time = 220.442 s
-- (5): |r| = 0.001358824570, |r|/|b| = 0.000001263788, Elapsed Time = 275.447 s
-- (6): |r| = 0.000486943249, |r|/|b| = 0.000000452886, Elapsed Time = 330.646 s
-- Converged!
Running batched GMRES on CPU
-- (1): |r| = 0.167212345087, |r|/|b| = 0.000155517434, Elapsed Time = 53.931 s
-- (2): |r| = 0.027068664165, |r|/|b| = 0.000025175469, Elapsed Time = 108.635 s
-- (3): |r| = 0.009567842891, |r|/|b| = 0.000008898663, Elapsed Time = 161.779 s
-- (4): |r| = 0.003932448784, |r|/|b| = 0.000003657411, Elapsed Time = 213.438 s
-- (5): |r| = 0.001364822812, |r|/|b| = 0.000001269366, Elapsed Time = 266.509 s
-- (6): |r| = 0.000487821981, |r|/|b| = 0.000000453703, Elapsed Time = 319.685 s
-- Converged!
Running batched GMRES on CPU
-- (1): |r| = 0.167212345087, |r|/|b| = 0.000155517434, Elapsed Time = 49.209 s
-- (2): |r| = 0.027068664166, |r|/|b| = 0.000025175469, Elapsed Time = 98.254 s
-- (3): |r| = 0.009567842891, |r|/|b| = 0.000008898663, Elapsed Time = 145.815 s
-- (4): |r| = 0.003932448766, |r|/|b| = 0.000003657411, Elapsed Time = 194.300 s
-- (5): |r| = 0.001364563995, |r|/|b| = 0.000001269126, Elapsed Time = 242.574 s
-- (6): |r| = 0.000487685898, |r|/|b| = 0.000000453577, Elapsed Time = 290.736 s
-- Converged!
Running batched GMRES on CPU
-- (1): |r| = 0.167212345087, |r|/|b| = 0.000155517434, Elapsed Time = 50.428 s
-- (2): |r| = 0.027068664166, |r|/|b| = 0.000025175469, Elapsed Time = 100.557 s
-- (3): |r| = 0.009567842891, |r|/|b| = 0.000008898663, Elapsed Time = 150.567 s
-- (4): |r| = 0.003932448701, |r|/|b| = 0.000003657411, Elapsed Time = 200.800 s
-- (5): |r| = 0.001363394369, |r|/|b| = 0.000001268038, Elapsed Time = 251.057 s
-- (6): |r| = 0.000488145495, |r|/|b| = 0.000000454004, Elapsed Time = 298.954 s
-- Converged!
Finished iteration! Run time = 1759.313 s, Elapsed time = 17981.462
================================================================================
Already ran case 133: N=16384, G=1, A=14, B=14, p=4, q=4, eps=1e-08, device=gpu
================================================================================
Running case 134: N=16384, G=1, A=14, B=14, p=4, q=4, eps=1e-05, device=cpu
Running batched GMRES on CPU
-- (1): |r| = 0.167212345087, |r|/|b| = 0.000155517434, Elapsed Time = 52.461 s
-- (2): |r| = 0.027068664165, |r|/|b| = 0.000025175469, Elapsed Time = 107.082 s
-- (3): |r| = 0.009567842891, |r|/|b| = 0.000008898663, Elapsed Time = 159.303 s
-- (4): |r| = 0.003932448774, |r|/|b| = 0.000003657411, Elapsed Time = 211.225 s
-- (5): |r| = 0.001364983366, |r|/|b| = 0.000001269516, Elapsed Time = 264.374 s
-- (6): |r| = 0.000487662421, |r|/|b| = 0.000000453555, Elapsed Time = 317.191 s
-- Converged!
Running batched GMRES on CPU
-- (1): |r| = 0.167212345087, |r|/|b| = 0.000155517434, Elapsed Time = 49.548 s
-- (2): |r| = 0.027068664166, |r|/|b| = 0.000025175469, Elapsed Time = 98.248 s
-- (3): |r| = 0.009567842891, |r|/|b| = 0.000008898663, Elapsed Time = 145.941 s
-- (4): |r| = 0.003932448596, |r|/|b| = 0.000003657411, Elapsed Time = 194.875 s
-- (5): |r| = 0.001360512214, |r|/|b| = 0.000001265357, Elapsed Time = 243.515 s
-- (6): |r| = 0.000486746503, |r|/|b| = 0.000000452703, Elapsed Time = 292.448 s
-- Converged!
Running batched GMRES on CPU
-- (1): |r| = 0.167212345087, |r|/|b| = 0.000155517434, Elapsed Time = 51.638 s
-- (2): |r| = 0.027068664166, |r|/|b| = 0.000025175469, Elapsed Time = 103.192 s
-- (3): |r| = 0.009567842890, |r|/|b| = 0.000008898663, Elapsed Time = 154.939 s
-- (4): |r| = 0.003932448684, |r|/|b| = 0.000003657411, Elapsed Time = 206.765 s
-- (5): |r| = 0.001362846949, |r|/|b| = 0.000001267529, Elapsed Time = 258.895 s
-- (6): |r| = 0.000488325123, |r|/|b| = 0.000000454171, Elapsed Time = 310.961 s
-- Converged!
Finished iteration! Run time = 1193.996 s, Elapsed time = 19175.564
================================================================================
Already ran case 135: N=16384, G=1, A=14, B=14, p=4, q=4, eps=1e-05, device=gpu
================================================================================
Running case 136: N=16384, G=1, A=14, B=14, p=4, q=4, eps=0.001, device=cpu
Running batched GMRES on CPU
-- (1): |r| = 0.167212345087, |r|/|b| = 0.000155517434, Elapsed Time = 53.023 s
-- (2): |r| = 0.027068664165, |r|/|b| = 0.000025175469, Elapsed Time = 105.352 s
-- (3): |r| = 0.009567842891, |r|/|b| = 0.000008898663, Elapsed Time = 158.799 s
-- (4): |r| = 0.003932448848, |r|/|b| = 0.000003657412, Elapsed Time = 212.162 s
-- (5): |r| = 0.001365338122, |r|/|b| = 0.000001269846, Elapsed Time = 265.233 s
-- (6): |r| = 0.000488618378, |r|/|b| = 0.000000454444, Elapsed Time = 319.298 s
-- Converged!
Running batched GMRES on CPU
-- (1): |r| = 0.167212345087, |r|/|b| = 0.000155517434, Elapsed Time = 49.135 s
-- (2): |r| = 0.027068664166, |r|/|b| = 0.000025175469, Elapsed Time = 98.019 s
-- (3): |r| = 0.009567842891, |r|/|b| = 0.000008898663, Elapsed Time = 146.848 s
-- (4): |r| = 0.003932448710, |r|/|b| = 0.000003657411, Elapsed Time = 195.944 s
-- (5): |r| = 0.001363762108, |r|/|b| = 0.000001268380, Elapsed Time = 244.486 s
-- (6): |r| = 0.000487248259, |r|/|b| = 0.000000453170, Elapsed Time = 292.806 s
-- Converged!
Running batched GMRES on CPU
-- (1): |r| = 0.167212345087, |r|/|b| = 0.000155517434, Elapsed Time = 51.095 s
-- (2): |r| = 0.027068664166, |r|/|b| = 0.000025175469, Elapsed Time = 102.165 s
-- (3): |r| = 0.009567842890, |r|/|b| = 0.000008898663, Elapsed Time = 152.692 s
-- (4): |r| = 0.003932448736, |r|/|b| = 0.000003657411, Elapsed Time = 203.222 s
-- (5): |r| = 0.001364245418, |r|/|b| = 0.000001268829, Elapsed Time = 254.463 s
-- (6): |r| = 0.000488442726, |r|/|b| = 0.000000454281, Elapsed Time = 305.218 s
-- Converged!
Finished iteration! Run time = 1180.987 s, Elapsed time = 20356.642
================================================================================
Already ran case 137: N=16384, G=1, A=14, B=14, p=4, q=4, eps=0.001, device=gpu
IGAMesh(id=23, name=None, num_patches=1, reflective_boundaries=False)
  -> Patch(material=Source, source=IsotropicInternalSource, id=0, name=None, shape=(16, 16), backend=geomdl)
================================================================================
Running case 138: N=16384, G=1, A=16, B=16, p=6, q=6, eps=1e-08, device=cpu
===========================================================================
Running MatrixAssembler.build()
Discretization: N = 16384, G = 1, P = 1, A = 16, B = 16
Operators: H, S, q, B_out
---------------------------------------------------------------------------
  0%|          | 0/1 [00:00<?, ?it/s]
Assembling Patch 0
Step            Shape                     Compression  Elapsed Time (s)
H               4194304,4194304                 1.00      170.52
S               1,256,256                       1.00      172.44
B_out           4194304,4194304                 1.00      199.07
---------------------------------------------------------------------------
Final Operators (Elapsed Time: 199.47 s)
Step            Shape                     Compression
H               4194304,4194304             19392.82
S               4194304,4194304           214413343.95
q               4194304                         1.00
B_out           4194304,4194304           1169653.33
===========================================================================
===========================================================================
Running TTAssembler.build()
Discretization: N = 16384, G = 1, P = 1, A = 16, B = 16
Operators: H, S, B_out
---------------------------------------------------------------------------
  0%|          | 0/1 [00:00<?, ?it/s]
Assembling Patch 0
Step            Ranks                     Compression  Elapsed Time (s)
Intg_int        1,1                           127.75        7.58
Intg_str        1,2,2                          85.06        7.60
H               3,3,3,3,3,5                170381.12        7.60
S               1,1,1,1,1,1               2016989915.66        7.61
Intg_out        1,3,4,4,3                  190211.13       88.09
B_out           3,4,4,4,4,3                189172.27       88.10
---------------------------------------------------------------------------
Final Operators (Elapsed Time: 88.48 s)
Step            Ranks                     Compression
H               3,3,3,2                   232013426.41
S               1,1,1,1                   2017452528.03
B_out           3,4,4,3                   148362114.12
===========================================================================
Running batched GMRES on CPU
-- (1): |r| = 0.346988974625, |r|/|b| = 0.000351406658, Elapsed Time = 77.045 s
-- (2): |r| = 0.087004270265, |r|/|b| = 0.000088111964, Elapsed Time = 154.523 s
-- (3): |r| = 0.042699300695, |r|/|b| = 0.000043242926, Elapsed Time = 231.752 s
-- (4): |r| = 0.026831524058, |r|/|b| = 0.000027173129, Elapsed Time = 309.010 s
-- (5): |r| = 0.018406457078, |r|/|b| = 0.000018640799, Elapsed Time = 386.191 s
-- (6): |r| = 0.013773401156, |r|/|b| = 0.000013948757, Elapsed Time = 463.572 s
-- (7): |r| = 0.010743280461, |r|/|b| = 0.000010880058, Elapsed Time = 541.302 s
-- (8): |r| = 0.008649132555, |r|/|b| = 0.000008759249, Elapsed Time = 618.716 s
-- (9): |r| = 0.007145346435, |r|/|b| = 0.000007236317, Elapsed Time = 695.772 s
-- (10): |r| = 0.006065213716, |r|/|b| = 0.000006142433, Elapsed Time = 773.086 s
-- (11): |r| = 0.005300655250, |r|/|b| = 0.000005368140, Elapsed Time = 850.703 s
-- (12): |r| = 0.004714211441, |r|/|b| = 0.000004774230, Elapsed Time = 928.112 s
-- (13): |r| = 0.004213166419, |r|/|b| = 0.000004266806, Elapsed Time = 1005.908 s
-- (14): |r| = 0.003745885344, |r|/|b| = 0.000003793576, Elapsed Time = 1083.157 s
-- (15): |r| = 0.003397379301, |r|/|b| = 0.000003440633, Elapsed Time = 1160.583 s
-- (16): |r| = 0.003128652340, |r|/|b| = 0.000003168485, Elapsed Time = 1237.806 s
-- (17): |r| = 0.002888794541, |r|/|b| = 0.000002925573, Elapsed Time = 1315.213 s
-- (18): |r| = 0.002654767782, |r|/|b| = 0.000002688567, Elapsed Time = 1392.382 s
-- (19): |r| = 0.002445498280, |r|/|b| = 0.000002476633, Elapsed Time = 1469.726 s
-- (20): |r| = 0.002288104743, |r|/|b| = 0.000002317236, Elapsed Time = 1547.047 s
-- (21): |r| = 0.002153295216, |r|/|b| = 0.000002180710, Elapsed Time = 1624.301 s
-- (22): |r| = 0.002024356381, |r|/|b| = 0.000002050129, Elapsed Time = 1701.547 s
-- (23): |r| = 0.001895524018, |r|/|b| = 0.000001919657, Elapsed Time = 1778.736 s
-- (24): |r| = 0.001788830951, |r|/|b| = 0.000001811605, Elapsed Time = 1856.175 s
-- (25): |r| = 0.001700745362, |r|/|b| = 0.000001722398, Elapsed Time = 1933.629 s
-- (26): |r| = 0.001619666863, |r|/|b| = 0.000001640288, Elapsed Time = 2011.012 s
-- (27): |r| = 0.001537136135, |r|/|b| = 0.000001556706, Elapsed Time = 2088.551 s
-- (28): |r| = 0.001456728601, |r|/|b| = 0.000001475275, Elapsed Time = 2165.706 s
-- (29): |r| = 0.001391361659, |r|/|b| = 0.000001409076, Elapsed Time = 2243.001 s
-- (30): |r| = 0.001333983833, |r|/|b| = 0.000001350967, Elapsed Time = 2320.415 s
-- (31): |r| = 0.001278039934, |r|/|b| = 0.000001294311, Elapsed Time = 2397.681 s
-- (32): |r| = 0.001216862941, |r|/|b| = 0.000001232355, Elapsed Time = 2474.958 s
-- (33): |r| = 0.001163832467, |r|/|b| = 0.000001178650, Elapsed Time = 2552.238 s
-- (34): |r| = 0.001120347484, |r|/|b| = 0.000001134611, Elapsed Time = 2629.698 s
-- (35): |r| = 0.001079409558, |r|/|b| = 0.000001093152, Elapsed Time = 2707.176 s
-- (36): |r| = 0.001036549096, |r|/|b| = 0.000001049746, Elapsed Time = 2784.645 s
-- (37): |r| = 0.000993054070, |r|/|b| = 0.000001005697, Elapsed Time = 2862.269 s
-- (38): |r| = 0.000957735039, |r|/|b| = 0.000000969928, Elapsed Time = 2939.898 s
-- Converged!
Running batched GMRES on CPU
-- (1): |r| = 0.346988974626, |r|/|b| = 0.000351406658, Elapsed Time = 85.410 s
-- (2): |r| = 0.087004270265, |r|/|b| = 0.000088111964, Elapsed Time = 170.669 s
-- (3): |r| = 0.042699300696, |r|/|b| = 0.000043242926, Elapsed Time = 256.473 s
-- (4): |r| = 0.026831524059, |r|/|b| = 0.000027173129, Elapsed Time = 342.475 s
-- (5): |r| = 0.018406457079, |r|/|b| = 0.000018640799, Elapsed Time = 428.762 s
-- (6): |r| = 0.013773401145, |r|/|b| = 0.000013948757, Elapsed Time = 514.912 s
-- (7): |r| = 0.010743268324, |r|/|b| = 0.000010880046, Elapsed Time = 601.073 s
-- (8): |r| = 0.008646345241, |r|/|b| = 0.000008756426, Elapsed Time = 687.711 s
-- (9): |r| = 0.007144335912, |r|/|b| = 0.000007235294, Elapsed Time = 773.352 s
-- (10): |r| = 0.006065650234, |r|/|b| = 0.000006142875, Elapsed Time = 859.206 s
-- (11): |r| = 0.005301682558, |r|/|b| = 0.000005369181, Elapsed Time = 945.170 s
-- (12): |r| = 0.004714986759, |r|/|b| = 0.000004775016, Elapsed Time = 1031.568 s
-- (13): |r| = 0.004213509960, |r|/|b| = 0.000004267154, Elapsed Time = 1115.741 s
-- (14): |r| = 0.003746277373, |r|/|b| = 0.000003793973, Elapsed Time = 1202.692 s
-- (15): |r| = 0.003397777453, |r|/|b| = 0.000003441036, Elapsed Time = 1288.974 s
-- (16): |r| = 0.003128917264, |r|/|b| = 0.000003168753, Elapsed Time = 1375.364 s
-- (17): |r| = 0.002889181037, |r|/|b| = 0.000002925965, Elapsed Time = 1461.771 s
-- (18): |r| = 0.002654468984, |r|/|b| = 0.000002688264, Elapsed Time = 1547.908 s
-- (19): |r| = 0.002445264933, |r|/|b| = 0.000002476397, Elapsed Time = 1633.517 s
-- (20): |r| = 0.002287715774, |r|/|b| = 0.000002316842, Elapsed Time = 1719.364 s
-- (21): |r| = 0.002152609992, |r|/|b| = 0.000002180016, Elapsed Time = 1804.816 s
-- (22): |r| = 0.002023859646, |r|/|b| = 0.000002049626, Elapsed Time = 1891.190 s
-- (23): |r| = 0.001894513979, |r|/|b| = 0.000001918634, Elapsed Time = 1977.685 s
-- (24): |r| = 0.001787848185, |r|/|b| = 0.000001810610, Elapsed Time = 2064.173 s
-- (25): |r| = 0.001699671598, |r|/|b| = 0.000001721311, Elapsed Time = 2150.709 s
-- (26): |r| = 0.001618575931, |r|/|b| = 0.000001639183, Elapsed Time = 2237.147 s
-- (27): |r| = 0.001536262136, |r|/|b| = 0.000001555821, Elapsed Time = 2323.296 s
-- (28): |r| = 0.001456697738, |r|/|b| = 0.000001475244, Elapsed Time = 2409.854 s
-- (29): |r| = 0.001392233231, |r|/|b| = 0.000001409958, Elapsed Time = 2496.421 s
-- (30): |r| = 0.001335289895, |r|/|b| = 0.000001352290, Elapsed Time = 2583.263 s
-- (31): |r| = 0.001279531798, |r|/|b| = 0.000001295822, Elapsed Time = 2669.636 s
-- (32): |r| = 0.001219056529, |r|/|b| = 0.000001234577, Elapsed Time = 2756.241 s
-- (33): |r| = 0.001165952423, |r|/|b| = 0.000001180797, Elapsed Time = 2841.306 s
-- (34): |r| = 0.001122508304, |r|/|b| = 0.000001136799, Elapsed Time = 2928.526 s
-- (35): |r| = 0.001081992755, |r|/|b| = 0.000001095768, Elapsed Time = 3014.844 s
-- (36): |r| = 0.001039450067, |r|/|b| = 0.000001052684, Elapsed Time = 3100.085 s
-- (37): |r| = 0.000995649141, |r|/|b| = 0.000001008325, Elapsed Time = 3185.881 s
-- (38): |r| = 0.000959799685, |r|/|b| = 0.000000972019, Elapsed Time = 3271.513 s
-- Converged!
Running batched GMRES on CPU
-- (1): |r| = 0.346988974625, |r|/|b| = 0.000351406658, Elapsed Time = 76.174 s
-- (2): |r| = 0.087004270265, |r|/|b| = 0.000088111964, Elapsed Time = 151.609 s
-- (3): |r| = 0.042699300696, |r|/|b| = 0.000043242926, Elapsed Time = 227.440 s
-- (4): |r| = 0.026831524059, |r|/|b| = 0.000027173129, Elapsed Time = 303.061 s
-- (5): |r| = 0.018406457079, |r|/|b| = 0.000018640799, Elapsed Time = 378.826 s
-- (6): |r| = 0.013773401150, |r|/|b| = 0.000013948757, Elapsed Time = 454.552 s
-- (7): |r| = 0.010743272427, |r|/|b| = 0.000010880050, Elapsed Time = 529.817 s
-- (8): |r| = 0.008645771345, |r|/|b| = 0.000008755845, Elapsed Time = 605.617 s
-- (9): |r| = 0.007144771925, |r|/|b| = 0.000007235735, Elapsed Time = 680.665 s
-- (10): |r| = 0.006066397017, |r|/|b| = 0.000006143631, Elapsed Time = 755.848 s
-- (11): |r| = 0.005301933279, |r|/|b| = 0.000005369435, Elapsed Time = 831.172 s
-- (12): |r| = 0.004715157656, |r|/|b| = 0.000004775189, Elapsed Time = 906.606 s
-- (13): |r| = 0.004214216584, |r|/|b| = 0.000004267870, Elapsed Time = 981.721 s
-- (14): |r| = 0.003747044955, |r|/|b| = 0.000003794750, Elapsed Time = 1056.536 s
-- (15): |r| = 0.003398580793, |r|/|b| = 0.000003441850, Elapsed Time = 1132.136 s
-- (16): |r| = 0.003129680529, |r|/|b| = 0.000003169526, Elapsed Time = 1207.493 s
-- (17): |r| = 0.002889875377, |r|/|b| = 0.000002926668, Elapsed Time = 1283.510 s
-- (18): |r| = 0.002656834917, |r|/|b| = 0.000002690660, Elapsed Time = 1358.487 s
-- (19): |r| = 0.002446546435, |r|/|b| = 0.000002477695, Elapsed Time = 1433.975 s
-- (20): |r| = 0.002288610211, |r|/|b| = 0.000002317748, Elapsed Time = 1509.732 s
-- (21): |r| = 0.002153886702, |r|/|b| = 0.000002181309, Elapsed Time = 1585.539 s
-- (22): |r| = 0.002025093956, |r|/|b| = 0.000002050876, Elapsed Time = 1660.836 s
-- (23): |r| = 0.001896338891, |r|/|b| = 0.000001920482, Elapsed Time = 1735.975 s
-- (24): |r| = 0.001788976120, |r|/|b| = 0.000001811752, Elapsed Time = 1810.686 s
-- (25): |r| = 0.001700817632, |r|/|b| = 0.000001722472, Elapsed Time = 1885.634 s
-- (26): |r| = 0.001619703984, |r|/|b| = 0.000001640325, Elapsed Time = 1961.245 s
-- (27): |r| = 0.001537332113, |r|/|b| = 0.000001556905, Elapsed Time = 2036.892 s
-- (28): |r| = 0.001456811343, |r|/|b| = 0.000001475359, Elapsed Time = 2112.307 s
-- (29): |r| = 0.001391337387, |r|/|b| = 0.000001409051, Elapsed Time = 2187.870 s
-- (30): |r| = 0.001333801091, |r|/|b| = 0.000001350782, Elapsed Time = 2263.341 s
-- (31): |r| = 0.001278051149, |r|/|b| = 0.000001294323, Elapsed Time = 2338.820 s
-- (32): |r| = 0.001216144745, |r|/|b| = 0.000001231628, Elapsed Time = 2414.211 s
-- (33): |r| = 0.001162293935, |r|/|b| = 0.000001177092, Elapsed Time = 2489.051 s
-- (34): |r| = 0.001118454939, |r|/|b| = 0.000001132695, Elapsed Time = 2564.570 s
-- (35): |r| = 0.001077135404, |r|/|b| = 0.000001090849, Elapsed Time = 2640.307 s
-- (36): |r| = 0.001033087421, |r|/|b| = 0.000001046240, Elapsed Time = 2715.373 s
-- (37): |r| = 0.000989639908, |r|/|b| = 0.000001002239, Elapsed Time = 2790.846 s
-- (38): |r| = 0.000955039795, |r|/|b| = 0.000000967199, Elapsed Time = 2866.429 s
-- Converged!
Running batched GMRES on CPU
-- (1): |r| = 0.346988974626, |r|/|b| = 0.000351406658, Elapsed Time = 74.748 s
-- (2): |r| = 0.087004270266, |r|/|b| = 0.000088111964, Elapsed Time = 147.500 s
-- (3): |r| = 0.042699300696, |r|/|b| = 0.000043242926, Elapsed Time = 219.407 s
-- (4): |r| = 0.026831524059, |r|/|b| = 0.000027173129, Elapsed Time = 291.308 s
-- (5): |r| = 0.018406457090, |r|/|b| = 0.000018640799, Elapsed Time = 362.623 s
-- (6): |r| = 0.013773406025, |r|/|b| = 0.000013948762, Elapsed Time = 433.565 s
-- (7): |r| = 0.010744553583, |r|/|b| = 0.000010881348, Elapsed Time = 504.320 s
-- (8): |r| = 0.008650475549, |r|/|b| = 0.000008760609, Elapsed Time = 574.977 s
-- (9): |r| = 0.007147275096, |r|/|b| = 0.000007238270, Elapsed Time = 645.814 s
-- (10): |r| = 0.006066680617, |r|/|b| = 0.000006143918, Elapsed Time = 716.435 s
-- (11): |r| = 0.005301187310, |r|/|b| = 0.000005368679, Elapsed Time = 787.395 s
-- (12): |r| = 0.004714377964, |r|/|b| = 0.000004774399, Elapsed Time = 857.870 s
-- (13): |r| = 0.004213091032, |r|/|b| = 0.000004266730, Elapsed Time = 928.191 s
-- (14): |r| = 0.003745606337, |r|/|b| = 0.000003793293, Elapsed Time = 998.174 s
-- (15): |r| = 0.003397123580, |r|/|b| = 0.000003440374, Elapsed Time = 1068.819 s
-- (16): |r| = 0.003128397522, |r|/|b| = 0.000003168227, Elapsed Time = 1139.645 s
-- (17): |r| = 0.002888539918, |r|/|b| = 0.000002925315, Elapsed Time = 1210.149 s
-- (18): |r| = 0.002653796157, |r|/|b| = 0.000002687583, Elapsed Time = 1280.727 s
-- (19): |r| = 0.002444326148, |r|/|b| = 0.000002475446, Elapsed Time = 1350.855 s
-- (20): |r| = 0.002287114049, |r|/|b| = 0.000002316232, Elapsed Time = 1421.598 s
-- (21): |r| = 0.002152771969, |r|/|b| = 0.000002180180, Elapsed Time = 1491.576 s
-- (22): |r| = 0.002023537003, |r|/|b| = 0.000002049300, Elapsed Time = 1561.796 s
-- (23): |r| = 0.001894418873, |r|/|b| = 0.000001918538, Elapsed Time = 1632.629 s
-- (24): |r| = 0.001787449437, |r|/|b| = 0.000001810206, Elapsed Time = 1702.593 s
-- (25): |r| = 0.001699259556, |r|/|b| = 0.000001720894, Elapsed Time = 1773.512 s
-- (26): |r| = 0.001618076829, |r|/|b| = 0.000001638677, Elapsed Time = 1842.948 s
-- (27): |r| = 0.001534938076, |r|/|b| = 0.000001554480, Elapsed Time = 1913.698 s
-- (28): |r| = 0.001454764870, |r|/|b| = 0.000001473286, Elapsed Time = 1983.946 s
-- (29): |r| = 0.001390207945, |r|/|b| = 0.000001407907, Elapsed Time = 2053.831 s
-- (30): |r| = 0.001332876946, |r|/|b| = 0.000001349846, Elapsed Time = 2124.115 s
-- (31): |r| = 0.001277129799, |r|/|b| = 0.000001293390, Elapsed Time = 2194.338 s
-- (32): |r| = 0.001215752840, |r|/|b| = 0.000001231231, Elapsed Time = 2265.073 s
-- (33): |r| = 0.001162352101, |r|/|b| = 0.000001177151, Elapsed Time = 2335.660 s
-- (34): |r| = 0.001118727779, |r|/|b| = 0.000001132971, Elapsed Time = 2406.153 s
-- (35): |r| = 0.001077753851, |r|/|b| = 0.000001091475, Elapsed Time = 2476.620 s
-- (36): |r| = 0.001034559958, |r|/|b| = 0.000001047731, Elapsed Time = 2547.331 s
-- (37): |r| = 0.000991102660, |r|/|b| = 0.000001003721, Elapsed Time = 2617.841 s
-- (38): |r| = 0.000955742123, |r|/|b| = 0.000000967910, Elapsed Time = 2688.478 s
-- Converged!
Finished iteration! Run time = 12813.841 s, Elapsed time = 33171.319
================================================================================
Already ran case 139: N=16384, G=1, A=16, B=16, p=6, q=6, eps=1e-08, device=gpu
================================================================================
Running case 140: N=16384, G=1, A=16, B=16, p=6, q=6, eps=1e-05, device=cpu
Running batched GMRES on CPU
-- (1): |r| = 0.346988974626, |r|/|b| = 0.000351406658, Elapsed Time = 81.496 s
-- (2): |r| = 0.087004270266, |r|/|b| = 0.000088111964, Elapsed Time = 161.969 s
-- (3): |r| = 0.042699300696, |r|/|b| = 0.000043242926, Elapsed Time = 240.677 s
-- (4): |r| = 0.026831524059, |r|/|b| = 0.000027173129, Elapsed Time = 321.117 s
-- (5): |r| = 0.018406457079, |r|/|b| = 0.000018640799, Elapsed Time = 402.312 s
-- (6): |r| = 0.013773401149, |r|/|b| = 0.000013948757, Elapsed Time = 482.847 s
-- (7): |r| = 0.010743271820, |r|/|b| = 0.000010880050, Elapsed Time = 562.902 s
-- (8): |r| = 0.008644539451, |r|/|b| = 0.000008754597, Elapsed Time = 642.635 s
-- (9): |r| = 0.007145148577, |r|/|b| = 0.000007236117, Elapsed Time = 722.692 s
-- (10): |r| = 0.006067808347, |r|/|b| = 0.000006145061, Elapsed Time = 801.493 s
-- (11): |r| = 0.005302485129, |r|/|b| = 0.000005369994, Elapsed Time = 881.524 s
-- (12): |r| = 0.004715599918, |r|/|b| = 0.000004775636, Elapsed Time = 961.496 s
-- (13): |r| = 0.004214750392, |r|/|b| = 0.000004268410, Elapsed Time = 1041.338 s
-- (14): |r| = 0.003747480045, |r|/|b| = 0.000003795191, Elapsed Time = 1120.278 s
-- (15): |r| = 0.003399434683, |r|/|b| = 0.000003442715, Elapsed Time = 1200.146 s
-- (16): |r| = 0.003130421018, |r|/|b| = 0.000003170276, Elapsed Time = 1279.181 s
-- (17): |r| = 0.002890143347, |r|/|b| = 0.000002926939, Elapsed Time = 1359.326 s
-- (18): |r| = 0.002658641354, |r|/|b| = 0.000002692490, Elapsed Time = 1439.201 s
-- (19): |r| = 0.002448797794, |r|/|b| = 0.000002479975, Elapsed Time = 1518.529 s
-- (20): |r| = 0.002290213066, |r|/|b| = 0.000002319371, Elapsed Time = 1598.180 s
-- (21): |r| = 0.002155187300, |r|/|b| = 0.000002182626, Elapsed Time = 1678.956 s
-- (22): |r| = 0.002026248243, |r|/|b| = 0.000002052045, Elapsed Time = 1759.430 s
-- (23): |r| = 0.001896543709, |r|/|b| = 0.000001920690, Elapsed Time = 1839.436 s
-- (24): |r| = 0.001789513251, |r|/|b| = 0.000001812296, Elapsed Time = 1919.433 s
-- (25): |r| = 0.001701553436, |r|/|b| = 0.000001723217, Elapsed Time = 1998.486 s
-- (26): |r| = 0.001620967469, |r|/|b| = 0.000001641605, Elapsed Time = 2078.401 s
-- (27): |r| = 0.001539325728, |r|/|b| = 0.000001558924, Elapsed Time = 2158.979 s
-- (28): |r| = 0.001458576744, |r|/|b| = 0.000001477147, Elapsed Time = 2238.748 s
-- (29): |r| = 0.001392942480, |r|/|b| = 0.000001410677, Elapsed Time = 2318.330 s
-- (30): |r| = 0.001335637343, |r|/|b| = 0.000001352642, Elapsed Time = 2396.906 s
-- (31): |r| = 0.001280041713, |r|/|b| = 0.000001296339, Elapsed Time = 2475.243 s
-- (32): |r| = 0.001220024862, |r|/|b| = 0.000001235558, Elapsed Time = 2554.834 s
-- (33): |r| = 0.001166789503, |r|/|b| = 0.000001181644, Elapsed Time = 2635.690 s
-- (34): |r| = 0.001123314240, |r|/|b| = 0.000001137616, Elapsed Time = 2716.753 s
-- (35): |r| = 0.001082836699, |r|/|b| = 0.000001096623, Elapsed Time = 2796.938 s
-- (36): |r| = 0.001041188257, |r|/|b| = 0.000001054444, Elapsed Time = 2878.271 s
-- (37): |r| = 0.000997432120, |r|/|b| = 0.000001010131, Elapsed Time = 2959.129 s
-- (38): |r| = 0.000961309090, |r|/|b| = 0.000000973548, Elapsed Time = 3039.688 s
-- Converged!
Running batched GMRES on CPU
-- (1): |r| = 0.346988974625, |r|/|b| = 0.000351406658, Elapsed Time = 73.782 s
-- (2): |r| = 0.087004270265, |r|/|b| = 0.000088111964, Elapsed Time = 145.403 s
-- (3): |r| = 0.042699300696, |r|/|b| = 0.000043242926, Elapsed Time = 217.266 s
-- (4): |r| = 0.026831524059, |r|/|b| = 0.000027173129, Elapsed Time = 289.435 s
-- (5): |r| = 0.018406457079, |r|/|b| = 0.000018640799, Elapsed Time = 360.531 s
-- (6): |r| = 0.013773401142, |r|/|b| = 0.000013948757, Elapsed Time = 430.826 s
-- (7): |r| = 0.010743265945, |r|/|b| = 0.000010880044, Elapsed Time = 501.402 s
-- (8): |r| = 0.008643361754, |r|/|b| = 0.000008753405, Elapsed Time = 571.565 s
-- (9): |r| = 0.007144610749, |r|/|b| = 0.000007235572, Elapsed Time = 643.628 s
-- (10): |r| = 0.006067871516, |r|/|b| = 0.000006145125, Elapsed Time = 714.969 s
-- (11): |r| = 0.005302725927, |r|/|b| = 0.000005370237, Elapsed Time = 786.757 s
-- (12): |r| = 0.004716054703, |r|/|b| = 0.000004776097, Elapsed Time = 858.574 s
-- (13): |r| = 0.004215263571, |r|/|b| = 0.000004268930, Elapsed Time = 929.763 s
-- (14): |r| = 0.003747945470, |r|/|b| = 0.000003795662, Elapsed Time = 1002.004 s
-- (15): |r| = 0.003400298774, |r|/|b| = 0.000003443590, Elapsed Time = 1072.691 s
-- (16): |r| = 0.003129999915, |r|/|b| = 0.000003169849, Elapsed Time = 1143.396 s
-- (17): |r| = 0.002889846920, |r|/|b| = 0.000002926639, Elapsed Time = 1214.857 s
-- (18): |r| = 0.002659244333, |r|/|b| = 0.000002693100, Elapsed Time = 1287.640 s
-- (19): |r| = 0.002448923137, |r|/|b| = 0.000002480102, Elapsed Time = 1359.659 s
-- (20): |r| = 0.002289736281, |r|/|b| = 0.000002318888, Elapsed Time = 1429.534 s
-- (21): |r| = 0.002154497580, |r|/|b| = 0.000002181928, Elapsed Time = 1499.667 s
-- (22): |r| = 0.002025535385, |r|/|b| = 0.000002051323, Elapsed Time = 1569.655 s
-- (23): |r| = 0.001895811016, |r|/|b| = 0.000001919947, Elapsed Time = 1641.136 s
-- (24): |r| = 0.001788985155, |r|/|b| = 0.000001811762, Elapsed Time = 1711.334 s
-- (25): |r| = 0.001701001585, |r|/|b| = 0.000001722658, Elapsed Time = 1781.403 s
-- (26): |r| = 0.001620526854, |r|/|b| = 0.000001641159, Elapsed Time = 1851.035 s
-- (27): |r| = 0.001538656570, |r|/|b| = 0.000001558246, Elapsed Time = 1921.301 s
-- (28): |r| = 0.001457778387, |r|/|b| = 0.000001476338, Elapsed Time = 1992.384 s
-- (29): |r| = 0.001392244762, |r|/|b| = 0.000001409970, Elapsed Time = 2063.986 s
-- (30): |r| = 0.001335141802, |r|/|b| = 0.000001352140, Elapsed Time = 2135.361 s
-- (31): |r| = 0.001279928225, |r|/|b| = 0.000001296224, Elapsed Time = 2207.728 s
-- (32): |r| = 0.001220331930, |r|/|b| = 0.000001235869, Elapsed Time = 2279.321 s
-- (33): |r| = 0.001167198455, |r|/|b| = 0.000001182059, Elapsed Time = 2352.202 s
-- (34): |r| = 0.001123834281, |r|/|b| = 0.000001138142, Elapsed Time = 2423.904 s
-- (35): |r| = 0.001083441444, |r|/|b| = 0.000001097235, Elapsed Time = 2495.179 s
-- (36): |r| = 0.001042007696, |r|/|b| = 0.000001055274, Elapsed Time = 2566.398 s
-- (37): |r| = 0.000997655994, |r|/|b| = 0.000001010358, Elapsed Time = 2637.628 s
-- (38): |r| = 0.000961098785, |r|/|b| = 0.000000973335, Elapsed Time = 2708.377 s
-- Converged!
Running batched GMRES on CPU
-- (1): |r| = 0.346988974626, |r|/|b| = 0.000351406658, Elapsed Time = 70.116 s
-- (2): |r| = 0.087004270265, |r|/|b| = 0.000088111964, Elapsed Time = 140.474 s
-- (3): |r| = 0.042699300696, |r|/|b| = 0.000043242926, Elapsed Time = 210.006 s
-- (4): |r| = 0.026831524059, |r|/|b| = 0.000027173129, Elapsed Time = 279.572 s
-- (5): |r| = 0.018406457089, |r|/|b| = 0.000018640799, Elapsed Time = 350.238 s
-- (6): |r| = 0.013773406351, |r|/|b| = 0.000013948762, Elapsed Time = 420.433 s
-- (7): |r| = 0.010744561388, |r|/|b| = 0.000010881356, Elapsed Time = 491.213 s
-- (8): |r| = 0.008646265654, |r|/|b| = 0.000008756345, Elapsed Time = 559.886 s
-- (9): |r| = 0.007147427362, |r|/|b| = 0.000007238425, Elapsed Time = 630.330 s
-- (10): |r| = 0.006069103107, |r|/|b| = 0.000006146372, Elapsed Time = 698.812 s
-- (11): |r| = 0.005302445452, |r|/|b| = 0.000005369953, Elapsed Time = 769.545 s
-- (12): |r| = 0.004715437791, |r|/|b| = 0.000004775472, Elapsed Time = 839.886 s
-- (13): |r| = 0.004214639125, |r|/|b| = 0.000004268298, Elapsed Time = 910.496 s
-- (14): |r| = 0.003747048594, |r|/|b| = 0.000003794754, Elapsed Time = 979.035 s
-- (15): |r| = 0.003398982697, |r|/|b| = 0.000003442257, Elapsed Time = 1049.287 s
-- (16): |r| = 0.003128375850, |r|/|b| = 0.000003168205, Elapsed Time = 1118.668 s
-- (17): |r| = 0.002889039101, |r|/|b| = 0.000002925821, Elapsed Time = 1188.506 s
-- (18): |r| = 0.002658346415, |r|/|b| = 0.000002692191, Elapsed Time = 1259.308 s
-- (19): |r| = 0.002447725037, |r|/|b| = 0.000002478888, Elapsed Time = 1327.649 s
-- (20): |r| = 0.002289509116, |r|/|b| = 0.000002318658, Elapsed Time = 1397.376 s
-- (21): |r| = 0.002154460772, |r|/|b| = 0.000002181890, Elapsed Time = 1466.377 s
-- (22): |r| = 0.002025068998, |r|/|b| = 0.000002050851, Elapsed Time = 1534.696 s
-- (23): |r| = 0.001894932262, |r|/|b| = 0.000001919058, Elapsed Time = 1605.059 s
-- (24): |r| = 0.001788328954, |r|/|b| = 0.000001811097, Elapsed Time = 1674.302 s
-- (25): |r| = 0.001700323993, |r|/|b| = 0.000001721972, Elapsed Time = 1744.622 s
-- (26): |r| = 0.001619718359, |r|/|b| = 0.000001640340, Elapsed Time = 1815.416 s
-- (27): |r| = 0.001537951094, |r|/|b| = 0.000001557531, Elapsed Time = 1883.638 s
-- (28): |r| = 0.001457030719, |r|/|b| = 0.000001475581, Elapsed Time = 1953.533 s
-- (29): |r| = 0.001391733373, |r|/|b| = 0.000001409452, Elapsed Time = 2022.963 s
-- (30): |r| = 0.001334591780, |r|/|b| = 0.000001351583, Elapsed Time = 2091.850 s
-- (31): |r| = 0.001279250014, |r|/|b| = 0.000001295537, Elapsed Time = 2162.342 s
-- (32): |r| = 0.001219702701, |r|/|b| = 0.000001235231, Elapsed Time = 2231.590 s
-- (33): |r| = 0.001166552792, |r|/|b| = 0.000001181405, Elapsed Time = 2301.781 s
-- (34): |r| = 0.001123157463, |r|/|b| = 0.000001137457, Elapsed Time = 2372.186 s
-- (35): |r| = 0.001082646905, |r|/|b| = 0.000001096431, Elapsed Time = 2441.119 s
-- (36): |r| = 0.001041209715, |r|/|b| = 0.000001054466, Elapsed Time = 2511.326 s
-- (37): |r| = 0.000997281945, |r|/|b| = 0.000001009979, Elapsed Time = 2580.475 s
-- (38): |r| = 0.000960874492, |r|/|b| = 0.000000973108, Elapsed Time = 2648.846 s
-- Converged!
Finished iteration! Run time = 8961.995 s, Elapsed time = 42133.426
================================================================================
Already ran case 141: N=16384, G=1, A=16, B=16, p=6, q=6, eps=1e-05, device=gpu
================================================================================
Running case 142: N=16384, G=1, A=16, B=16, p=6, q=6, eps=0.001, device=cpu
Running batched GMRES on CPU
-- (1): |r| = 0.346988974625, |r|/|b| = 0.000351406658, Elapsed Time = 79.810 s
-- (2): |r| = 0.087004270266, |r|/|b| = 0.000088111964, Elapsed Time = 159.429 s
-- (3): |r| = 0.042699300696, |r|/|b| = 0.000043242926, Elapsed Time = 238.530 s
-- (4): |r| = 0.026831524059, |r|/|b| = 0.000027173129, Elapsed Time = 318.030 s
-- (5): |r| = 0.018406457079, |r|/|b| = 0.000018640799, Elapsed Time = 397.318 s
-- (6): |r| = 0.013773401225, |r|/|b| = 0.000013948757, Elapsed Time = 477.564 s
-- (7): |r| = 0.010743345602, |r|/|b| = 0.000010880124, Elapsed Time = 557.892 s
-- (8): |r| = 0.008648617962, |r|/|b| = 0.000008758728, Elapsed Time = 637.673 s
-- (9): |r| = 0.007145166240, |r|/|b| = 0.000007236135, Elapsed Time = 717.791 s
-- (10): |r| = 0.006065051790, |r|/|b| = 0.000006142269, Elapsed Time = 797.161 s
-- (11): |r| = 0.005300945841, |r|/|b| = 0.000005368435, Elapsed Time = 877.510 s
-- (12): |r| = 0.004714649458, |r|/|b| = 0.000004774674, Elapsed Time = 957.628 s
-- (13): |r| = 0.004213399641, |r|/|b| = 0.000004267042, Elapsed Time = 1038.446 s
-- (14): |r| = 0.003745813770, |r|/|b| = 0.000003793504, Elapsed Time = 1117.706 s
-- (15): |r| = 0.003396726494, |r|/|b| = 0.000003439972, Elapsed Time = 1199.152 s
-- (16): |r| = 0.003128097663, |r|/|b| = 0.000003167923, Elapsed Time = 1279.483 s
-- (17): |r| = 0.002888533638, |r|/|b| = 0.000002925309, Elapsed Time = 1359.743 s
-- (18): |r| = 0.002653978591, |r|/|b| = 0.000002687768, Elapsed Time = 1440.832 s
-- (19): |r| = 0.002444876631, |r|/|b| = 0.000002476004, Elapsed Time = 1521.378 s
-- (20): |r| = 0.002287302195, |r|/|b| = 0.000002316423, Elapsed Time = 1600.830 s
-- (21): |r| = 0.002152544492, |r|/|b| = 0.000002179950, Elapsed Time = 1679.848 s
-- (22): |r| = 0.002023434933, |r|/|b| = 0.000002049196, Elapsed Time = 1758.762 s
-- (23): |r| = 0.001894287477, |r|/|b| = 0.000001918405, Elapsed Time = 1838.095 s
-- (24): |r| = 0.001787453523, |r|/|b| = 0.000001810210, Elapsed Time = 1916.303 s
-- (25): |r| = 0.001699048938, |r|/|b| = 0.000001720680, Elapsed Time = 1995.617 s
-- (26): |r| = 0.001618038959, |r|/|b| = 0.000001638639, Elapsed Time = 2074.221 s
-- (27): |r| = 0.001535587588, |r|/|b| = 0.000001555138, Elapsed Time = 2152.740 s
-- (28): |r| = 0.001455874851, |r|/|b| = 0.000001474410, Elapsed Time = 2232.650 s
-- (29): |r| = 0.001391021113, |r|/|b| = 0.000001408731, Elapsed Time = 2312.798 s
-- (30): |r| = 0.001334109333, |r|/|b| = 0.000001351095, Elapsed Time = 2391.116 s
-- (31): |r| = 0.001278283532, |r|/|b| = 0.000001294558, Elapsed Time = 2468.947 s
-- (32): |r| = 0.001217799908, |r|/|b| = 0.000001233304, Elapsed Time = 2549.871 s
-- (33): |r| = 0.001165018474, |r|/|b| = 0.000001179851, Elapsed Time = 2629.420 s
-- (34): |r| = 0.001121558600, |r|/|b| = 0.000001135838, Elapsed Time = 2709.120 s
-- (35): |r| = 0.001080851314, |r|/|b| = 0.000001094612, Elapsed Time = 2789.227 s
-- (36): |r| = 0.001038389488, |r|/|b| = 0.000001051610, Elapsed Time = 2868.255 s
-- (37): |r| = 0.000994831087, |r|/|b| = 0.000001007497, Elapsed Time = 2947.896 s
-- (38): |r| = 0.000959079868, |r|/|b| = 0.000000971290, Elapsed Time = 3026.919 s
-- Converged!
Running batched GMRES on CPU
-- (1): |r| = 0.346988974625, |r|/|b| = 0.000351406658, Elapsed Time = 73.849 s
-- (2): |r| = 0.087004270265, |r|/|b| = 0.000088111964, Elapsed Time = 142.707 s
-- (3): |r| = 0.042699300696, |r|/|b| = 0.000043242926, Elapsed Time = 212.344 s
-- (4): |r| = 0.026831524059, |r|/|b| = 0.000027173129, Elapsed Time = 283.680 s
-- (5): |r| = 0.018406457079, |r|/|b| = 0.000018640799, Elapsed Time = 355.772 s
-- (6): |r| = 0.013773401224, |r|/|b| = 0.000013948757, Elapsed Time = 426.954 s
-- (7): |r| = 0.010743342319, |r|/|b| = 0.000010880121, Elapsed Time = 496.807 s
-- (8): |r| = 0.008645468758, |r|/|b| = 0.000008755538, Elapsed Time = 567.717 s
-- (9): |r| = 0.007145360220, |r|/|b| = 0.000007236331, Elapsed Time = 638.355 s
-- (10): |r| = 0.006067622784, |r|/|b| = 0.000006144873, Elapsed Time = 708.131 s
-- (11): |r| = 0.005302391435, |r|/|b| = 0.000005369899, Elapsed Time = 777.812 s
-- (12): |r| = 0.004715535776, |r|/|b| = 0.000004775572, Elapsed Time = 847.639 s
-- (13): |r| = 0.004214843187, |r|/|b| = 0.000004268504, Elapsed Time = 916.086 s
-- (14): |r| = 0.003747579202, |r|/|b| = 0.000003795291, Elapsed Time = 985.620 s
-- (15): |r| = 0.003399234680, |r|/|b| = 0.000003442512, Elapsed Time = 1055.928 s
-- (16): |r| = 0.003130153418, |r|/|b| = 0.000003170005, Elapsed Time = 1126.521 s
-- (17): |r| = 0.002890390615, |r|/|b| = 0.000002927190, Elapsed Time = 1197.693 s
-- (18): |r| = 0.002658620809, |r|/|b| = 0.000002692469, Elapsed Time = 1267.316 s
-- (19): |r| = 0.002448599114, |r|/|b| = 0.000002479773, Elapsed Time = 1336.803 s
-- (20): |r| = 0.002290117623, |r|/|b| = 0.000002319274, Elapsed Time = 1405.994 s
-- (21): |r| = 0.002155016597, |r|/|b| = 0.000002182453, Elapsed Time = 1476.469 s
-- (22): |r| = 0.002025262560, |r|/|b| = 0.000002051047, Elapsed Time = 1548.277 s
-- (23): |r| = 0.001895713744, |r|/|b| = 0.000001919849, Elapsed Time = 1619.164 s
-- (24): |r| = 0.001788880993, |r|/|b| = 0.000001811656, Elapsed Time = 1688.819 s
-- (25): |r| = 0.001700955470, |r|/|b| = 0.000001722611, Elapsed Time = 1759.065 s
-- (26): |r| = 0.001619914224, |r|/|b| = 0.000001640538, Elapsed Time = 1828.357 s
-- (27): |r| = 0.001537400064, |r|/|b| = 0.000001556973, Elapsed Time = 1899.646 s
-- (28): |r| = 0.001456261799, |r|/|b| = 0.000001474802, Elapsed Time = 1970.558 s
-- (29): |r| = 0.001390734386, |r|/|b| = 0.000001408440, Elapsed Time = 2040.471 s
-- (30): |r| = 0.001333019095, |r|/|b| = 0.000001349990, Elapsed Time = 2109.736 s
-- (31): |r| = 0.001277131435, |r|/|b| = 0.000001293391, Elapsed Time = 2180.371 s
-- (32): |r| = 0.001215230316, |r|/|b| = 0.000001230702, Elapsed Time = 2248.610 s
-- (33): |r| = 0.001161896649, |r|/|b| = 0.000001176689, Elapsed Time = 2318.791 s
-- (34): |r| = 0.001118244544, |r|/|b| = 0.000001132481, Elapsed Time = 2389.102 s
-- (35): |r| = 0.001076916977, |r|/|b| = 0.000001090628, Elapsed Time = 2460.032 s
-- (36): |r| = 0.001032878411, |r|/|b| = 0.000001046028, Elapsed Time = 2530.081 s
-- (37): |r| = 0.000989281317, |r|/|b| = 0.000001001876, Elapsed Time = 2602.514 s
-- (38): |r| = 0.000954571947, |r|/|b| = 0.000000966725, Elapsed Time = 2670.612 s
-- Converged!
Running batched GMRES on CPU
-- (1): |r| = 0.346988974626, |r|/|b| = 0.000351406658, Elapsed Time = 69.948 s
-- (2): |r| = 0.087004270266, |r|/|b| = 0.000088111964, Elapsed Time = 140.525 s
-- (3): |r| = 0.042699300696, |r|/|b| = 0.000043242926, Elapsed Time = 211.034 s
-- (4): |r| = 0.026831524059, |r|/|b| = 0.000027173129, Elapsed Time = 281.729 s
-- (5): |r| = 0.018406457082, |r|/|b| = 0.000018640799, Elapsed Time = 351.920 s
-- (6): |r| = 0.013773403799, |r|/|b| = 0.000013948760, Elapsed Time = 421.853 s
-- (7): |r| = 0.010744210347, |r|/|b| = 0.000010881000, Elapsed Time = 492.220 s
-- (8): |r| = 0.008646403409, |r|/|b| = 0.000008756485, Elapsed Time = 563.075 s
-- (9): |r| = 0.007146185921, |r|/|b| = 0.000007237167, Elapsed Time = 633.522 s
-- (10): |r| = 0.006067883201, |r|/|b| = 0.000006145136, Elapsed Time = 703.930 s
-- (11): |r| = 0.005302385898, |r|/|b| = 0.000005369893, Elapsed Time = 774.291 s
-- (12): |r| = 0.004715522215, |r|/|b| = 0.000004775558, Elapsed Time = 844.618 s
-- (13): |r| = 0.004214945879, |r|/|b| = 0.000004268608, Elapsed Time = 914.727 s
-- (14): |r| = 0.003747507880, |r|/|b| = 0.000003795219, Elapsed Time = 985.135 s
-- (15): |r| = 0.003398968637, |r|/|b| = 0.000003442243, Elapsed Time = 1055.318 s
-- (16): |r| = 0.003129995935, |r|/|b| = 0.000003169845, Elapsed Time = 1125.922 s
-- (17): |r| = 0.002890133477, |r|/|b| = 0.000002926929, Elapsed Time = 1196.432 s
-- (18): |r| = 0.002658705670, |r|/|b| = 0.000002692555, Elapsed Time = 1267.020 s
-- (19): |r| = 0.002448525127, |r|/|b| = 0.000002479698, Elapsed Time = 1337.943 s
-- (20): |r| = 0.002290175871, |r|/|b| = 0.000002319333, Elapsed Time = 1408.570 s
-- (21): |r| = 0.002155387853, |r|/|b| = 0.000002182829, Elapsed Time = 1479.499 s
-- (22): |r| = 0.002026478639, |r|/|b| = 0.000002052279, Elapsed Time = 1550.313 s
-- (23): |r| = 0.001897109903, |r|/|b| = 0.000001921263, Elapsed Time = 1621.007 s
-- (24): |r| = 0.001789725919, |r|/|b| = 0.000001812512, Elapsed Time = 1691.390 s
-- (25): |r| = 0.001701635035, |r|/|b| = 0.000001723299, Elapsed Time = 1761.673 s
-- (26): |r| = 0.001620968498, |r|/|b| = 0.000001641606, Elapsed Time = 1832.260 s
-- (27): |r| = 0.001539542476, |r|/|b| = 0.000001559143, Elapsed Time = 1902.654 s
-- (28): |r| = 0.001458869909, |r|/|b| = 0.000001477443, Elapsed Time = 1973.097 s
-- (29): |r| = 0.001392973320, |r|/|b| = 0.000001410708, Elapsed Time = 2043.373 s
-- (30): |r| = 0.001335563170, |r|/|b| = 0.000001352567, Elapsed Time = 2113.987 s
-- (31): |r| = 0.001279678265, |r|/|b| = 0.000001295970, Elapsed Time = 2184.570 s
-- (32): |r| = 0.001218911216, |r|/|b| = 0.000001234430, Elapsed Time = 2255.108 s
-- (33): |r| = 0.001165737375, |r|/|b| = 0.000001180579, Elapsed Time = 2325.910 s
-- (34): |r| = 0.001122428353, |r|/|b| = 0.000001136719, Elapsed Time = 2396.388 s
-- (35): |r| = 0.001081886059, |r|/|b| = 0.000001095660, Elapsed Time = 2466.769 s
-- (36): |r| = 0.001040215796, |r|/|b| = 0.000001053459, Elapsed Time = 2537.362 s
-- (37): |r| = 0.000996206372, |r|/|b| = 0.000001008890, Elapsed Time = 2607.682 s
-- (38): |r| = 0.000960064734, |r|/|b| = 0.000000972288, Elapsed Time = 2678.390 s
-- Converged!
Finished iteration! Run time = 8933.419 s, Elapsed time = 51066.939
================================================================================
Already ran case 143: N=16384, G=1, A=16, B=16, p=6, q=6, eps=0.001, device=gpu
IGAMesh(id=24, name=None, num_patches=1, reflective_boundaries=False)
  -> Patch(material=Source, source=IsotropicInternalSource, id=0, name=None, shape=(12, 12), backend=geomdl)
================================================================================
Running case 144: N=65536, G=1, A=12, B=12, p=2, q=2, eps=1e-08, device=cpu
===========================================================================
Running MatrixAssembler.build()
Discretization: N = 65536, G = 1, P = 1, A = 12, B = 12
Operators: H, S, q, B_out
---------------------------------------------------------------------------
  0%|          | 0/1 [00:00<?, ?it/s]
Assembling Patch 0
Step            Shape                     Compression  Elapsed Time (s)
H               9437184,9437184                 1.00       76.81
S               1,144,144                       1.00       77.62
B_out           9437184,9437184                 1.00       87.10
---------------------------------------------------------------------------
Final Operators (Elapsed Time: 87.53 s)
Step            Shape                     Compression
H               9437184,9437184            227402.02
S               9437184,9437184           1029267310.58
q               9437184                         1.00
B_out           9437184,9437184           3795962.12
===========================================================================
===========================================================================
Running TTAssembler.build()
Discretization: N = 65536, G = 1, P = 1, A = 12, B = 12
Operators: H, S, B_out
---------------------------------------------------------------------------
  0%|          | 0/1 [00:00<?, ?it/s]
Assembling Patch 0
Step            Ranks                     Compression  Elapsed Time (s)
Intg_int        1,1                            71.75        1.74
Intg_str        1,2,2                          47.72        1.75
H               3,3,3,3,3,5                260635.69        1.75
S               1,1,1,1,1,1               2692762951.26        1.76
Intg_out        1,3,4,4,3                  236052.54       12.58
B_out           3,4,4,4,4,3                234788.27       12.58
---------------------------------------------------------------------------
Final Operators (Elapsed Time: 13.0 s)
Step            Ranks                     Compression
H               3,3,3,2                   300766067.74
S               1,1,1,1                   2692925793.72
B_out           3,4,4,3                   193206442.75
===========================================================================
Running batched GMRES on CPU
-- (1): |r| = 0.021086806609, |r|/|b| = 0.000009040647, Elapsed Time = 150.555 s
-- (2): |r| = 0.000040871637, |r|/|b| = 0.000000017523, Elapsed Time = 300.032 s
-- Converged!
Running batched GMRES on CPU
-- (1): |r| = 0.021086806609, |r|/|b| = 0.000009040647, Elapsed Time = 192.434 s
-- (2): |r| = 0.000040871637, |r|/|b| = 0.000000017523, Elapsed Time = 385.119 s
-- Converged!
Running batched GMRES on CPU
-- (1): |r| = 0.021086806609, |r|/|b| = 0.000009040647, Elapsed Time = 170.463 s
-- (2): |r| = 0.000040871637, |r|/|b| = 0.000000017523, Elapsed Time = 341.064 s
-- Converged!
Running batched GMRES on CPU
-- (1): |r| = 0.021086806609, |r|/|b| = 0.000009040647, Elapsed Time = 157.546 s
-- (2): |r| = 0.000040871637, |r|/|b| = 0.000000017523, Elapsed Time = 315.320 s
-- Converged!
Finished iteration! Run time = 3325.006 s, Elapsed time = 54393.683
================================================================================
Already ran case 145: N=65536, G=1, A=12, B=12, p=2, q=2, eps=1e-08, device=gpu
================================================================================
Running case 146: N=65536, G=1, A=12, B=12, p=2, q=2, eps=1e-05, device=cpu
Running batched GMRES on CPU
-- (1): |r| = 0.021086806609, |r|/|b| = 0.000009040647, Elapsed Time = 190.547 s
-- (2): |r| = 0.000040871637, |r|/|b| = 0.000000017523, Elapsed Time = 375.403 s
-- Converged!
Running batched GMRES on CPU
-- (1): |r| = 0.021086806609, |r|/|b| = 0.000009040647, Elapsed Time = 169.569 s
-- (2): |r| = 0.000040871637, |r|/|b| = 0.000000017523, Elapsed Time = 338.083 s
-- Converged!
Running batched GMRES on CPU
-- (1): |r| = 0.021086806609, |r|/|b| = 0.000009040647, Elapsed Time = 158.482 s
-- (2): |r| = 0.000040871637, |r|/|b| = 0.000000017523, Elapsed Time = 316.413 s
-- Converged!
Finished iteration! Run time = 2813.698 s, Elapsed time = 57207.493
================================================================================
Already ran case 147: N=65536, G=1, A=12, B=12, p=2, q=2, eps=1e-05, device=gpu
================================================================================
Running case 148: N=65536, G=1, A=12, B=12, p=2, q=2, eps=0.001, device=cpu
Running batched GMRES on CPU
-- (1): |r| = 0.021086806609, |r|/|b| = 0.000009040647, Elapsed Time = 191.916 s
-- (2): |r| = 0.000040871637, |r|/|b| = 0.000000017523, Elapsed Time = 376.009 s
-- Converged!
Running batched GMRES on CPU
-- (1): |r| = 0.021086806609, |r|/|b| = 0.000009040647, Elapsed Time = 167.669 s
-- (2): |r| = 0.000040871637, |r|/|b| = 0.000000017523, Elapsed Time = 331.777 s
-- Converged!
Running batched GMRES on CPU
-- (1): |r| = 0.021086806609, |r|/|b| = 0.000009040647, Elapsed Time = 157.693 s
-- (2): |r| = 0.000040871637, |r|/|b| = 0.000000017523, Elapsed Time = 314.454 s
-- Converged!
Finished iteration! Run time = 2795.644 s, Elapsed time = 60003.240
================================================================================
Already ran case 149: N=65536, G=1, A=12, B=12, p=2, q=2, eps=0.001, device=gpu
IGAMesh(id=25, name=None, num_patches=1, reflective_boundaries=False)
  -> Patch(material=Source, source=IsotropicInternalSource, id=0, name=None, shape=(13, 13), backend=geomdl)
================================================================================
Running case 150: N=65536, G=1, A=13, B=13, p=3, q=3, eps=1e-08, device=cpu
===========================================================================
Running MatrixAssembler.build()
Discretization: N = 65536, G = 1, P = 1, A = 13, B = 13
Operators: H, S, q, B_out
---------------------------------------------------------------------------
  0%|          | 0/1 [00:00<?, ?it/s]
Assembling Patch 0
Step            Shape                     Compression  Elapsed Time (s)
H               11075584,11075584               1.00      156.29
S               1,169,169                       1.00      158.03
B_out           11075584,11075584               1.00      175.49
---------------------------------------------------------------------------
Final Operators (Elapsed Time: 175.92 s)
Step            Shape                     Compression
H               11075584,11075584          147954.60
S               11075584,11075584         1300102391.46
q               11075584                        1.00
B_out           11075584,11075584         3875307.74
===========================================================================
===========================================================================
Running TTAssembler.build()
Discretization: N = 65536, G = 1, P = 1, A = 13, B = 13
Operators: H, S, B_out
---------------------------------------------------------------------------
  0%|          | 0/1 [00:00<?, ?it/s]
Assembling Patch 0
Step            Ranks                     Compression  Elapsed Time (s)
Intg_int        1,1                            84.25        2.34
Intg_str        1,2,2                          56.06        2.35
H               3,3,3,3,3,5                327576.78        2.35
S               1,1,1,1,1,1               3703313637.88        2.36
Intg_out        1,3,4,4,3                  305246.85       33.40
B_out           3,4,4,4,4,3                303711.45       33.40
---------------------------------------------------------------------------
Final Operators (Elapsed Time: 33.83 s)
Step            Ranks                     Compression
H               3,3,3,2                   413984452.00
S               1,1,1,1                   3703537254.42
B_out           3,4,4,3                   265899099.23
===========================================================================
Running batched GMRES on CPU
-- (1): |r| = 0.144594569675, |r|/|b| = 0.000064551147, Elapsed Time = 180.636 s
-- (2): |r| = 0.011190735806, |r|/|b| = 0.000004995864, Elapsed Time = 360.154 s
-- (3): |r| = 0.001595175053, |r|/|b| = 0.000000712132, Elapsed Time = 540.066 s
-- Converged!
Running batched GMRES on CPU
-- (1): |r| = 0.144594569676, |r|/|b| = 0.000064551147, Elapsed Time = 227.161 s
-- (2): |r| = 0.011190735806, |r|/|b| = 0.000004995864, Elapsed Time = 454.164 s
-- (3): |r| = 0.001595211287, |r|/|b| = 0.000000712148, Elapsed Time = 681.775 s
-- Converged!
Running batched GMRES on CPU
-- (1): |r| = 0.144594569675, |r|/|b| = 0.000064551147, Elapsed Time = 198.226 s
-- (2): |r| = 0.011190735806, |r|/|b| = 0.000004995864, Elapsed Time = 396.676 s
-- (3): |r| = 0.001595177129, |r|/|b| = 0.000000712133, Elapsed Time = 595.718 s
-- Converged!
Running batched GMRES on CPU
-- (1): |r| = 0.144594569676, |r|/|b| = 0.000064551147, Elapsed Time = 183.491 s
-- (2): |r| = 0.011190735804, |r|/|b| = 0.000004995864, Elapsed Time = 367.108 s
-- (3): |r| = 0.001595215043, |r|/|b| = 0.000000712150, Elapsed Time = 550.713 s
-- Converged!
Finished iteration! Run time = 4871.574 s, Elapsed time = 64875.758
================================================================================
Already ran case 151: N=65536, G=1, A=13, B=13, p=3, q=3, eps=1e-08, device=gpu
================================================================================
Running case 152: N=65536, G=1, A=13, B=13, p=3, q=3, eps=1e-05, device=cpu
Running batched GMRES on CPU
-- (1): |r| = 0.144594569676, |r|/|b| = 0.000064551147, Elapsed Time = 226.675 s
-- (2): |r| = 0.011190735806, |r|/|b| = 0.000004995864, Elapsed Time = 454.228 s
-- (3): |r| = 0.001595210127, |r|/|b| = 0.000000712147, Elapsed Time = 681.471 s
-- Converged!
Running batched GMRES on CPU
-- (1): |r| = 0.144594569675, |r|/|b| = 0.000064551147, Elapsed Time = 199.847 s
-- (2): |r| = 0.011190735806, |r|/|b| = 0.000004995864, Elapsed Time = 398.462 s
-- (3): |r| = 0.001595176891, |r|/|b| = 0.000000712133, Elapsed Time = 598.518 s
-- Converged!
Running batched GMRES on CPU
-- (1): |r| = 0.144594569677, |r|/|b| = 0.000064551147, Elapsed Time = 184.118 s
-- (2): |r| = 0.011190735802, |r|/|b| = 0.000004995864, Elapsed Time = 368.194 s
-- (3): |r| = 0.001595228957, |r|/|b| = 0.000000712156, Elapsed Time = 552.693 s
-- Converged!
Finished iteration! Run time = 3934.295 s, Elapsed time = 68810.180
================================================================================
Already ran case 153: N=65536, G=1, A=13, B=13, p=3, q=3, eps=1e-05, device=gpu
================================================================================
Running case 154: N=65536, G=1, A=13, B=13, p=3, q=3, eps=0.001, device=cpu
Running batched GMRES on CPU
-- (1): |r| = 0.144594569676, |r|/|b| = 0.000064551147, Elapsed Time = 227.730 s
-- (2): |r| = 0.011190735806, |r|/|b| = 0.000004995864, Elapsed Time = 456.368 s
-- (3): |r| = 0.001595211826, |r|/|b| = 0.000000712148, Elapsed Time = 685.147 s
-- Converged!
Running batched GMRES on CPU
-- (1): |r| = 0.144594569675, |r|/|b| = 0.000064551147, Elapsed Time = 199.332 s
-- (2): |r| = 0.011190735806, |r|/|b| = 0.000004995864, Elapsed Time = 398.520 s
-- (3): |r| = 0.001595177042, |r|/|b| = 0.000000712133, Elapsed Time = 598.985 s
-- Converged!
Running batched GMRES on CPU
-- (1): |r| = 0.144594569676, |r|/|b| = 0.000064551147, Elapsed Time = 184.068 s
-- (2): |r| = 0.011190735805, |r|/|b| = 0.000004995864, Elapsed Time = 367.658 s
-- (3): |r| = 0.001595226466, |r|/|b| = 0.000000712155, Elapsed Time = 550.897 s
-- Converged!
Finished iteration! Run time = 3931.075 s, Elapsed time = 72741.383
================================================================================
Already ran case 155: N=65536, G=1, A=13, B=13, p=3, q=3, eps=0.001, device=gpu
IGAMesh(id=26, name=None, num_patches=1, reflective_boundaries=False)
  -> Patch(material=Source, source=IsotropicInternalSource, id=0, name=None, shape=(14, 14), backend=geomdl)
================================================================================
Running case 156: N=65536, G=1, A=14, B=14, p=4, q=4, eps=1e-08, device=cpu
===========================================================================
Running MatrixAssembler.build()
Discretization: N = 65536, G = 1, P = 1, A = 14, B = 14
Operators: H, S, q, B_out
---------------------------------------------------------------------------
  0%|          | 0/1 [00:00<?, ?it/s]
Assembling Patch 0
Step            Shape                     Compression  Elapsed Time (s)
H               12845056,12845056               1.00      275.81
S               1,196,196                       1.00      278.91
B_out           12845056,12845056               1.00      311.18
---------------------------------------------------------------------------
Final Operators (Elapsed Time: 311.67 s)
Step            Shape                     Compression
H               12845056,12845056          111065.42
S               12845056,12845056         1583328186.35
q               12845056                        1.00
B_out           12845056,12845056         4073836.43
===========================================================================
===========================================================================
Running TTAssembler.build()
Discretization: N = 65536, G = 1, P = 1, A = 14, B = 14
Operators: H, S, B_out
---------------------------------------------------------------------------
  0%|          | 0/1 [00:00<?, ?it/s]
Assembling Patch 0
Step            Ranks                     Compression  Elapsed Time (s)
Intg_int        1,1                            97.75        3.44
Intg_str        1,2,2                          65.06        3.45
H               3,3,3,3,3,5                402563.32        3.45
S               1,1,1,1,1,1               4973038267.62        3.46
Intg_out        1,3,4,4,3                  385135.53       72.44
B_out           3,4,4,4,4,3                383317.75       72.45
---------------------------------------------------------------------------
Final Operators (Elapsed Time: 72.86 s)
Step            Ranks                     Compression
H               3,3,3,2                   556424565.79
S               1,1,1,1                   4973338064.96
B_out           3,4,4,3                   357334135.32
===========================================================================
Running batched GMRES on CPU
-- (1): |r| = 0.334559642426, |r|/|b| = 0.000155580191, Elapsed Time = 213.687 s
-- (2): |r| = 0.054150782599, |r|/|b| = 0.000025181726, Elapsed Time = 427.158 s
-- (3): |r| = 0.019122470272, |r|/|b| = 0.000008892518, Elapsed Time = 640.839 s
-- (4): |r| = 0.007864806851, |r|/|b| = 0.000003657369, Elapsed Time = 854.775 s
-- (5): |r| = 0.002725178870, |r|/|b| = 0.000001267289, Elapsed Time = 1068.563 s
-- (6): |r| = 0.000973967058, |r|/|b| = 0.000000452924, Elapsed Time = 1281.631 s
-- Converged!
Running batched GMRES on CPU
-- (1): |r| = 0.334559642427, |r|/|b| = 0.000155580191, Elapsed Time = 269.621 s
-- (2): |r| = 0.054150782600, |r|/|b| = 0.000025181726, Elapsed Time = 538.265 s
-- (3): |r| = 0.019122470272, |r|/|b| = 0.000008892518, Elapsed Time = 806.992 s
-- (4): |r| = 0.007864807256, |r|/|b| = 0.000003657369, Elapsed Time = 1076.947 s
-- (5): |r| = 0.002728195235, |r|/|b| = 0.000001268692, Elapsed Time = 1346.655 s
-- (6): |r| = 0.000976992051, |r|/|b| = 0.000000454330, Elapsed Time = 1616.383 s
-- Converged!
Running batched GMRES on CPU
-- (1): |r| = 0.334559642426, |r|/|b| = 0.000155580191, Elapsed Time = 234.451 s
-- (2): |r| = 0.054150782599, |r|/|b| = 0.000025181726, Elapsed Time = 469.499 s
-- (3): |r| = 0.019122470272, |r|/|b| = 0.000008892518, Elapsed Time = 704.723 s
-- (4): |r| = 0.007864806920, |r|/|b| = 0.000003657369, Elapsed Time = 940.238 s
-- (5): |r| = 0.002725722449, |r|/|b| = 0.000001267542, Elapsed Time = 1175.536 s
-- (6): |r| = 0.000974677684, |r|/|b| = 0.000000453254, Elapsed Time = 1411.140 s
-- Converged!
Running batched GMRES on CPU
-- (1): |r| = 0.334559642426, |r|/|b| = 0.000155580191, Elapsed Time = 213.335 s
-- (2): |r| = 0.054150782605, |r|/|b| = 0.000025181726, Elapsed Time = 426.466 s
-- (3): |r| = 0.019122470274, |r|/|b| = 0.000008892518, Elapsed Time = 639.939 s
-- (4): |r| = 0.007864830424, |r|/|b| = 0.000003657380, Elapsed Time = 853.966 s
-- (5): |r| = 0.002737180804, |r|/|b| = 0.000001272871, Elapsed Time = 1067.472 s
-- (6): |r| = 0.000983549744, |r|/|b| = 0.000000457380, Elapsed Time = 1281.440 s
-- Converged!
Finished iteration! Run time = 8602.407 s, Elapsed time = 81345.552
================================================================================
Already ran case 157: N=65536, G=1, A=14, B=14, p=4, q=4, eps=1e-08, device=gpu
================================================================================
Running case 158: N=65536, G=1, A=14, B=14, p=4, q=4, eps=1e-05, device=cpu
Running batched GMRES on CPU
-- (1): |r| = 0.334559642427, |r|/|b| = 0.000155580191, Elapsed Time = 269.060 s
-- (2): |r| = 0.054150782600, |r|/|b| = 0.000025181726, Elapsed Time = 537.902 s
-- (3): |r| = 0.019122470272, |r|/|b| = 0.000008892518, Elapsed Time = 805.717 s
-- (4): |r| = 0.007864807490, |r|/|b| = 0.000003657370, Elapsed Time = 1073.597 s
-- (5): |r| = 0.002728565685, |r|/|b| = 0.000001268864, Elapsed Time = 1343.126 s
-- (6): |r| = 0.000977487661, |r|/|b| = 0.000000454561, Elapsed Time = 1611.747 s
-- Converged!
Running batched GMRES on CPU
-- (1): |r| = 0.334559642426, |r|/|b| = 0.000155580191, Elapsed Time = 233.879 s
-- (2): |r| = 0.054150782599, |r|/|b| = 0.000025181726, Elapsed Time = 467.316 s
-- (3): |r| = 0.019122470272, |r|/|b| = 0.000008892518, Elapsed Time = 701.640 s
-- (4): |r| = 0.007864807331, |r|/|b| = 0.000003657369, Elapsed Time = 935.350 s
-- (5): |r| = 0.002728249746, |r|/|b| = 0.000001268717, Elapsed Time = 1168.979 s
-- (6): |r| = 0.000976612138, |r|/|b| = 0.000000454154, Elapsed Time = 1402.709 s
-- Converged!
Running batched GMRES on CPU
-- (1): |r| = 0.334559642426, |r|/|b| = 0.000155580191, Elapsed Time = 213.418 s
-- (2): |r| = 0.054150782602, |r|/|b| = 0.000025181726, Elapsed Time = 427.177 s
-- (3): |r| = 0.019122470274, |r|/|b| = 0.000008892518, Elapsed Time = 640.335 s
-- (4): |r| = 0.007864820785, |r|/|b| = 0.000003657376, Elapsed Time = 853.286 s
-- (5): |r| = 0.002737639642, |r|/|b| = 0.000001273084, Elapsed Time = 1066.243 s
-- (6): |r| = 0.000982971948, |r|/|b| = 0.000000457111, Elapsed Time = 1280.035 s
-- Converged!
Finished iteration! Run time = 6620.618 s, Elapsed time = 87966.306
================================================================================
Already ran case 159: N=65536, G=1, A=14, B=14, p=4, q=4, eps=1e-05, device=gpu
================================================================================
Running case 160: N=65536, G=1, A=14, B=14, p=4, q=4, eps=0.001, device=cpu
Running batched GMRES on CPU
-- (1): |r| = 0.334559642427, |r|/|b| = 0.000155580191, Elapsed Time = 265.387 s
-- (2): |r| = 0.054150782600, |r|/|b| = 0.000025181726, Elapsed Time = 530.453 s
-- (3): |r| = 0.019122470272, |r|/|b| = 0.000008892518, Elapsed Time = 795.373 s
-- (4): |r| = 0.007864806689, |r|/|b| = 0.000003657369, Elapsed Time = 1060.511 s
-- (5): |r| = 0.002721599812, |r|/|b| = 0.000001265625, Elapsed Time = 1326.092 s
-- (6): |r| = 0.000973722393, |r|/|b| = 0.000000452810, Elapsed Time = 1592.422 s
-- Converged!
Running batched GMRES on CPU
-- (1): |r| = 0.334559642426, |r|/|b| = 0.000155580191, Elapsed Time = 229.145 s
-- (2): |r| = 0.054150782599, |r|/|b| = 0.000025181726, Elapsed Time = 458.652 s
-- (3): |r| = 0.019122470272, |r|/|b| = 0.000008892518, Elapsed Time = 687.760 s
-- (4): |r| = 0.007864806576, |r|/|b| = 0.000003657369, Elapsed Time = 916.591 s
-- (5): |r| = 0.002712783022, |r|/|b| = 0.000001261525, Elapsed Time = 1146.026 s
-- (6): |r| = 0.000973855602, |r|/|b| = 0.000000452872, Elapsed Time = 1375.169 s
-- Converged!
Running batched GMRES on CPU
-- (1): |r| = 0.334559642425, |r|/|b| = 0.000155580191, Elapsed Time = 210.687 s
-- (2): |r| = 0.054150782603, |r|/|b| = 0.000025181726, Elapsed Time = 420.743 s
-- (3): |r| = 0.019122470273, |r|/|b| = 0.000008892518, Elapsed Time = 631.324 s
-- (4): |r| = 0.007864808324, |r|/|b| = 0.000003657370, Elapsed Time = 843.530 s
-- (5): |r| = 0.002733147789, |r|/|b| = 0.000001270995, Elapsed Time = 1053.974 s
-- (6): |r| = 0.000980569079, |r|/|b| = 0.000000455994, Elapsed Time = 1264.071 s
-- Converged!
Finished iteration! Run time = 6541.589 s, Elapsed time = 94508.024
================================================================================
Already ran case 161: N=65536, G=1, A=14, B=14, p=4, q=4, eps=0.001, device=gpu
IGAMesh(id=27, name=None, num_patches=1, reflective_boundaries=False)
  -> Patch(material=Source, source=IsotropicInternalSource, id=0, name=None, shape=(16, 16), backend=geomdl)
================================================================================
Running case 162: N=65536, G=1, A=16, B=16, p=6, q=6, eps=1e-08, device=cpu
===========================================================================
Running MatrixAssembler.build()
Discretization: N = 65536, G = 1, P = 1, A = 16, B = 16
Operators: H, S, q, B_out
---------------------------------------------------------------------------
  0%|          | 0/1 [00:00<?, ?it/s]
Failed to build matrices with error A process in the process pool was terminated abruptly while the future was running or pending.
===========================================================================
Running TTAssembler.build()
Discretization: N = 65536, G = 1, P = 1, A = 16, B = 16
Operators: H, S, B_out
---------------------------------------------------------------------------
  0%|          | 0/1 [00:00<?, ?it/s]
Assembling Patch 0
Step            Ranks                     Compression  Elapsed Time (s)
Intg_int        1,1                           127.75        8.86
Intg_str        1,2,2                          85.06        8.88
H               3,3,3,3,3,5                576196.31        8.88
S               1,1,1,1,1,1               8453209703.61        8.89
Intg_out        1,3,4,4,3                  577513.42      261.66
B_out           3,4,4,4,4,3                575116.13      261.67
---------------------------------------------------------------------------
Final Operators (Elapsed Time: 262.37 s)
Step            Ranks                     Compression
H               3,3,3,2                   947701666.99
S               1,1,1,1                   8453717464.88
B_out           3,4,4,3                   608410376.77
===========================================================================
Failed to build TT operators with error 
Failed to run case 162 with run time 763.870623588562 s with error:
Operators failed to build
================================================================================
Running case 163: N=65536, G=1, A=16, B=16, p=6, q=6, eps=1e-08, device=gpu
===========================================================================
Running MatrixAssembler.build()
Discretization: N = 65536, G = 1, P = 1, A = 16, B = 16
Operators: H, S, q, B_out
---------------------------------------------------------------------------
  0%|          | 0/1 [00:00<?, ?it/s]
Failed to build matrices with error A process in the process pool was terminated abruptly while the future was running or pending.
===========================================================================
Running TTAssembler.build()
Discretization: N = 65536, G = 1, P = 1, A = 16, B = 16
Operators: H, S, B_out
---------------------------------------------------------------------------
  0%|          | 0/1 [00:00<?, ?it/s]
Assembling Patch 0
Step            Ranks                     Compression  Elapsed Time (s)
Intg_int        1,1                           127.75        8.78
Intg_str        1,2,2                          85.06        8.80
H               3,3,3,3,3,5                576196.31        8.80
S               1,1,1,1,1,1               8453209703.61        8.82
Intg_out        1,3,4,4,3                  577513.42      261.60
B_out           3,4,4,4,4,3                575116.13      261.61
---------------------------------------------------------------------------
Final Operators (Elapsed Time: 262.29 s)
Step            Ranks                     Compression
H               3,3,3,2                   947701666.99
S               1,1,1,1                   8453717464.88
B_out           3,4,4,3                   608410376.77
===========================================================================
Failed to build TT operators with error 
Failed to run case 163 with run time 735.6037583351135 s with error:
Operators failed to build
================================================================================
Running case 164: N=65536, G=1, A=16, B=16, p=6, q=6, eps=1e-05, device=cpu
===========================================================================
Running MatrixAssembler.build()
Discretization: N = 65536, G = 1, P = 1, A = 16, B = 16
Operators: H, S, q, B_out
---------------------------------------------------------------------------
  0%|          | 0/1 [00:00<?, ?it/s]
Failed to build matrices with error A process in the process pool was terminated abruptly while the future was running or pending.
===========================================================================
Running TTAssembler.build()
Discretization: N = 65536, G = 1, P = 1, A = 16, B = 16
Operators: H, S, B_out
---------------------------------------------------------------------------
  0%|          | 0/1 [00:00<?, ?it/s]
Assembling Patch 0
Step            Ranks                     Compression  Elapsed Time (s)
Intg_int        1,1                           127.75        8.55
Intg_str        1,2,2                          85.06        8.58
H               3,3,3,3,3,5                576196.31        8.58
S               1,1,1,1,1,1               8453209703.61        8.59
Intg_out        1,3,4,4,3                  577513.42      260.48
B_out           3,4,4,4,4,3                575116.13      260.50
---------------------------------------------------------------------------
Final Operators (Elapsed Time: 261.16 s)
Step            Ranks                     Compression
H               3,3,3,2                   947701666.99
S               1,1,1,1                   8453717464.88
B_out           3,4,4,3                   608410376.77
===========================================================================
Failed to build TT operators with error 
Failed to run case 164 with run time 730.9560439586639 s with error:
Operators failed to build
================================================================================
Running case 165: N=65536, G=1, A=16, B=16, p=6, q=6, eps=1e-05, device=gpu
===========================================================================
Running MatrixAssembler.build()
Discretization: N = 65536, G = 1, P = 1, A = 16, B = 16
Operators: H, S, q, B_out
---------------------------------------------------------------------------
  0%|          | 0/1 [00:00<?, ?it/s]
Failed to build matrices with error A process in the process pool was terminated abruptly while the future was running or pending.
===========================================================================
Running TTAssembler.build()
Discretization: N = 65536, G = 1, P = 1, A = 16, B = 16
Operators: H, S, B_out
---------------------------------------------------------------------------
  0%|          | 0/1 [00:00<?, ?it/s]
Assembling Patch 0
Step            Ranks                     Compression  Elapsed Time (s)
Intg_int        1,1                           127.75        8.53
Intg_str        1,2,2                          85.06        8.55
H               3,3,3,3,3,5                576196.31        8.56
S               1,1,1,1,1,1               8453209703.61        8.57
Intg_out        1,3,4,4,3                  577513.42      261.92
B_out           3,4,4,4,4,3                575116.13      261.93
---------------------------------------------------------------------------
Final Operators (Elapsed Time: 262.6 s)
Step            Ranks                     Compression
H               3,3,3,2                   947701666.99
S               1,1,1,1                   8453717464.88
B_out           3,4,4,3                   608410376.77
===========================================================================
Failed to build TT operators with error 
Failed to run case 165 with run time 731.468597650528 s with error:
Operators failed to build
================================================================================
Running case 166: N=65536, G=1, A=16, B=16, p=6, q=6, eps=0.001, device=cpu
===========================================================================
Running MatrixAssembler.build()
Discretization: N = 65536, G = 1, P = 1, A = 16, B = 16
Operators: H, S, q, B_out
---------------------------------------------------------------------------
  0%|          | 0/1 [00:00<?, ?it/s]
Failed to build matrices with error A process in the process pool was terminated abruptly while the future was running or pending.
===========================================================================
Running TTAssembler.build()
Discretization: N = 65536, G = 1, P = 1, A = 16, B = 16
Operators: H, S, B_out
---------------------------------------------------------------------------
  0%|          | 0/1 [00:00<?, ?it/s]
Assembling Patch 0
Step            Ranks                     Compression  Elapsed Time (s)
Intg_int        1,1                           127.75        8.54
Intg_str        1,2,2                          85.06        8.56
H               3,3,3,3,3,5                576196.31        8.56
S               1,1,1,1,1,1               8453209703.61        8.58
Intg_out        1,3,4,4,3                  577513.42      262.01
B_out           3,4,4,4,4,3                575116.13      262.02
---------------------------------------------------------------------------
Final Operators (Elapsed Time: 262.67 s)
Step            Ranks                     Compression
H               3,3,3,2                   947701666.99
S               1,1,1,1                   8453717464.88
B_out           3,4,4,3                   608410376.77
===========================================================================
Failed to build TT operators with error 
Failed to run case 166 with run time 729.0970344543457 s with error:
Operators failed to build
================================================================================
Running case 167: N=65536, G=1, A=16, B=16, p=6, q=6, eps=0.001, device=gpu
===========================================================================
Running MatrixAssembler.build()
Discretization: N = 65536, G = 1, P = 1, A = 16, B = 16
Operators: H, S, q, B_out
---------------------------------------------------------------------------
  0%|          | 0/1 [00:00<?, ?it/s]
Failed to build matrices with error A process in the process pool was terminated abruptly while the future was running or pending.
===========================================================================
Running TTAssembler.build()
Discretization: N = 65536, G = 1, P = 1, A = 16, B = 16
Operators: H, S, B_out
---------------------------------------------------------------------------
  0%|          | 0/1 [00:00<?, ?it/s]
Assembling Patch 0
Step            Ranks                     Compression  Elapsed Time (s)
Intg_int        1,1                           127.75        8.47
Intg_str        1,2,2                          85.06        8.49
H               3,3,3,3,3,5                576196.31        8.50
S               1,1,1,1,1,1               8453209703.61        8.51
Intg_out        1,3,4,4,3                  577513.42      260.47
B_out           3,4,4,4,4,3                575116.13      260.49
---------------------------------------------------------------------------
Final Operators (Elapsed Time: 261.14 s)
Step            Ranks                     Compression
H               3,3,3,2                   947701666.99
S               1,1,1,1                   8453717464.88
B_out           3,4,4,3                   608410376.77
===========================================================================
Failed to build TT operators with error 
Failed to run case 167 with run time 734.2999377250671 s with error:
Operators failed to build
IGAMesh(id=28, name=None, num_patches=1, reflective_boundaries=False)
  -> Patch(material=Source, source=IsotropicInternalSource, id=0, name=None, shape=(12, 12), backend=geomdl)
================================================================================
Running case 168: N=262144, G=1, A=12, B=12, p=2, q=2, eps=1e-08, device=cpu
===========================================================================
Running MatrixAssembler.build()
Discretization: N = 262144, G = 1, P = 1, A = 12, B = 12
Operators: H, S, q, B_out
---------------------------------------------------------------------------
  0%|          | 0/1 [00:00<?, ?it/s]
Assembling Patch 0
Step            Shape                     Compression  Elapsed Time (s)
H               37748736,37748736               1.00      483.14
S               1,144,144                       1.00      486.45
B_out           37748736,37748736               1.00      524.43
---------------------------------------------------------------------------
Final Operators (Elapsed Time: 525.04 s)
Step            Shape                     Compression
H               37748736,37748736          909608.10
S               37748736,37748736         5028254395.32
q               37748736                        1.00
B_out           37748736,37748736         15183848.96
===========================================================================
===========================================================================
Running TTAssembler.build()
Discretization: N = 262144, G = 1, P = 1, A = 12, B = 12
Operators: H, S, B_out
---------------------------------------------------------------------------
  0%|          | 0/1 [00:00<?, ?it/s]
Assembling Patch 0
Step            Ranks                     Compression  Elapsed Time (s)
Intg_int        1,1                            71.75        1.81
Intg_str        1,2,2                          47.72        1.82
H               3,3,3,3,3,5                723040.43        1.82
S               1,1,1,1,1,1               10846314220.02        1.83
Intg_out        1,3,4,4,3                  581931.05       33.72
B_out           3,4,4,4,4,3                580006.19       33.74
---------------------------------------------------------------------------
Final Operators (Elapsed Time: 34.29 s)
Step            Ranks                     Compression
H               3,3,3,2                   1206732000.73
S               1,1,1,1                   10846479338.67
B_out           3,4,4,3                   775612159.70
===========================================================================
Running batched GMRES on CPU
-- (1): |r| = 0.042216138583, |r|/|b| = 0.000009049763, Elapsed Time = 569.545 s
-- (2): |r| = 0.000082144101, |r|/|b| = 0.000000017609, Elapsed Time = 1140.189 s
-- Converged!
Running batched GMRES on CPU
-- (1): |r| = 0.042216138584, |r|/|b| = 0.000009049763, Elapsed Time = 728.551 s
-- (2): |r| = 0.000082144101, |r|/|b| = 0.000000017609, Elapsed Time = 1455.573 s
-- Converged!
Running batched GMRES on CPU
-- (1): |r| = 0.042216138583, |r|/|b| = 0.000009049763, Elapsed Time = 640.822 s
-- (2): |r| = 0.000082144101, |r|/|b| = 0.000000017609, Elapsed Time = 1281.537 s
-- Converged!
Config TT (rounded) failed with exception [enforce fail at alloc_cpu.cpp:124] err == 0. DefaultCPUAllocator: can't allocate memory: you tried to allocate 858993459200 bytes. Error code 12 (Cannot allocate memory)
frame #0: <unknown function> + 0x92fbe (0x7f9ed18dafbe in /home/myerspat/anaconda3/envs/ttnte/lib/python3.11/site-packages/torch/lib/libc10.so)
frame #1: c10::ThrowEnforceNotMet(char const*, int, char const*, std::__cxx11::basic_string<char, std::char_traits<char>, std::allocator<char> > const&, void const*) + 0x49 (0x7f9ed18da719 in /home/myerspat/anaconda3/envs/ttnte/lib/python3.11/site-packages/torch/lib/libc10.so)
frame #2: c10::alloc_cpu(unsigned long) + 0x36e (0x7f9ed18c8b9e in /home/myerspat/anaconda3/envs/ttnte/lib/python3.11/site-packages/torch/lib/libc10.so)
frame #3: <unknown function> + 0x32912 (0x7f9ed187a912 in /home/myerspat/anaconda3/envs/ttnte/lib/python3.11/site-packages/torch/lib/libc10.so)
frame #4: <unknown function> + 0x15d64ad (0x7f9eb121b4ad in /home/myerspat/anaconda3/envs/ttnte/lib/python3.11/site-packages/torch/lib/libtorch_cpu.so)
frame #5: at::detail::empty_strided_generic(c10::ArrayRef<long>, c10::ArrayRef<long>, c10::Allocator*, c10::DispatchKeySet, c10::ScalarType) + 0x100 (0x7f9eb1216d00 in /home/myerspat/anaconda3/envs/ttnte/lib/python3.11/site-packages/torch/lib/libtorch_cpu.so)
frame #6: at::detail::empty_strided_cpu(c10::ArrayRef<long>, c10::ArrayRef<long>, c10::ScalarType, bool) + 0x4a (0x7f9eb12172aa in /home/myerspat/anaconda3/envs/ttnte/lib/python3.11/site-packages/torch/lib/libtorch_cpu.so)
frame #7: at::detail::empty_strided_cpu(c10::ArrayRef<long>, c10::ArrayRef<long>, std::optional<c10::ScalarType>, std::optional<c10::Layout>, std::optional<c10::Device>, std::optional<bool>) + 0x6c (0x7f9eb121733c in /home/myerspat/anaconda3/envs/ttnte/lib/python3.11/site-packages/torch/lib/libtorch_cpu.so)
frame #8: at::detail::empty_strided_cpu(c10::ArrayRef<long>, c10::ArrayRef<long>, c10::TensorOptions const&) + 0xeb (0x7f9eb121743b in /home/myerspat/anaconda3/envs/ttnte/lib/python3.11/site-packages/torch/lib/libtorch_cpu.so)
frame #9: <unknown function> + 0x29d89c5 (0x7f9eb261d9c5 in /home/myerspat/anaconda3/envs/ttnte/lib/python3.11/site-packages/torch/lib/libtorch_cpu.so)
frame #10: <unknown function> + 0x29e24d0 (0x7f9eb26274d0 in /home/myerspat/anaconda3/envs/ttnte/lib/python3.11/site-packages/torch/lib/libtorch_cpu.so)
frame #11: at::meta::structured__linalg_svd::meta(at::Tensor const&, bool, bool, std::optional<std::basic_string_view<char, std::char_traits<char> > >) + 0x265 (0x7f9eb15ba395 in /home/myerspat/anaconda3/envs/ttnte/lib/python3.11/site-packages/torch/lib/libtorch_cpu.so)
frame #12: <unknown function> + 0x29dbaf7 (0x7f9eb2620af7 in /home/myerspat/anaconda3/envs/ttnte/lib/python3.11/site-packages/torch/lib/libtorch_cpu.so)
frame #13: <unknown function> + 0x29dbbfc (0x7f9eb2620bfc in /home/myerspat/anaconda3/envs/ttnte/lib/python3.11/site-packages/torch/lib/libtorch_cpu.so)
frame #14: at::_ops::_linalg_svd::redispatch(c10::DispatchKeySet, at::Tensor const&, bool, bool, std::optional<std::basic_string_view<char, std::char_traits<char> > >) + 0xdd (0x7f9eb2439e6d in /home/myerspat/anaconda3/envs/ttnte/lib/python3.11/site-packages/torch/lib/libtorch_cpu.so)
frame #15: <unknown function> + 0x4c9dff1 (0x7f9eb48e2ff1 in /home/myerspat/anaconda3/envs/ttnte/lib/python3.11/site-packages/torch/lib/libtorch_cpu.so)
frame #16: <unknown function> + 0x4c9e83f (0x7f9eb48e383f in /home/myerspat/anaconda3/envs/ttnte/lib/python3.11/site-packages/torch/lib/libtorch_cpu.so)
frame #17: at::_ops::_linalg_svd::call(at::Tensor const&, bool, bool, std::optional<std::basic_string_view<char, std::char_traits<char> > >) + 0x213 (0x7f9eb24a6183 in /home/myerspat/anaconda3/envs/ttnte/lib/python3.11/site-packages/torch/lib/libtorch_cpu.so)
frame #18: at::native::linalg_svd(at::Tensor const&, bool, std::optional<std::basic_string_view<char, std::char_traits<char> > >) + 0x29 (0x7f9eb15b6899 in /home/myerspat/anaconda3/envs/ttnte/lib/python3.11/site-packages/torch/lib/libtorch_cpu.so)
frame #19: <unknown function> + 0x2be6a1b (0x7f9eb282ba1b in /home/myerspat/anaconda3/envs/ttnte/lib/python3.11/site-packages/torch/lib/libtorch_cpu.so)
frame #20: at::_ops::linalg_svd::call(at::Tensor const&, bool, std::optional<std::basic_string_view<char, std::char_traits<char> > >) + 0x1fc (0x7f9eb2205fec in /home/myerspat/anaconda3/envs/ttnte/lib/python3.11/site-packages/torch/lib/libtorch_cpu.so)
frame #21: ttnte::linalg::TTOperator::round(double const&, long const&, std::optional<long>) + 0x14f7 (0x7f9dc8980697 in /home/myerspat/research/tensor_trains/ttnte/ttnte/cpp/linalg.so)
frame #22: ttnte::linalg::LinearOperator::round(double const&, long const&, std::optional<long>) const + 0x1e4 (0x7f9dc8993004 in /home/myerspat/research/tensor_trains/ttnte/ttnte/cpp/linalg.so)
frame #23: <unknown function> + 0x5fa22 (0x7f9dc896ca22 in /home/myerspat/research/tensor_trains/ttnte/ttnte/cpp/linalg.so)
frame #24: <unknown function> + 0x35f3e (0x7f9dc8942f3e in /home/myerspat/research/tensor_trains/ttnte/ttnte/cpp/linalg.so)
frame #25: python3() [0x528db7]
<omitting python frames>
frame #28: python3() [0x5cd0aa]
frame #30: python3() [0x5ed557]
frame #31: python3() [0x5e9080]
frame #32: python3() [0x5fde72]
frame #37: <unknown function> + 0x29d90 (0x7f9f73c09d90 in /lib/x86_64-linux-gnu/libc.so.6)
frame #38: __libc_start_main + 0x80 (0x7f9f73c09e40 in /lib/x86_64-linux-gnu/libc.so.6)
frame #39: python3() [0x5bcc43]

Finished iteration! Run time = 9473.183 s, Elapsed time = 108409.749
================================================================================
Already ran case 169: N=262144, G=1, A=12, B=12, p=2, q=2, eps=1e-08, device=gpu
================================================================================
Running case 170: N=262144, G=1, A=12, B=12, p=2, q=2, eps=1e-05, device=cpu
===========================================================================
Running TTAssembler.build()
Discretization: N = 262144, G = 1, P = 1, A = 12, B = 12
Operators: H, S, B_out
---------------------------------------------------------------------------
  0%|          | 0/1 [00:00<?, ?it/s]
Assembling Patch 0
Step            Ranks                     Compression  Elapsed Time (s)
Intg_int        1,1                            71.75        1.81
Intg_str        1,2,2                          47.72        1.81
H               3,3,3,3,3,5                723040.43        1.81
S               1,1,1,1,1,1               10846314220.02        1.83
Intg_out        1,3,4,4,3                  581931.05       34.24
B_out           3,4,4,4,4,3                580006.19       34.26
---------------------------------------------------------------------------
Final Operators (Elapsed Time: 34.74 s)
Step            Ranks                     Compression
H               3,3,3,2                   1206732000.73
S               1,1,1,1                   10846479338.67
B_out           3,4,4,3                   775612159.70
===========================================================================
Running batched GMRES on CPU
-- (1): |r| = 0.042216138584, |r|/|b| = 0.000009049763, Elapsed Time = 727.883 s
-- (2): |r| = 0.000082144101, |r|/|b| = 0.000000017609, Elapsed Time = 1455.079 s
-- Converged!
Running batched GMRES on CPU
-- (1): |r| = 0.042216138583, |r|/|b| = 0.000009049763, Elapsed Time = 638.377 s
-- (2): |r| = 0.000082144101, |r|/|b| = 0.000000017609, Elapsed Time = 1275.135 s
-- Converged!
Config TT (rounded) failed with exception [enforce fail at alloc_cpu.cpp:124] err == 0. DefaultCPUAllocator: can't allocate memory: you tried to allocate 858993459200 bytes. Error code 12 (Cannot allocate memory)
frame #0: <unknown function> + 0x92fbe (0x7f9ed18dafbe in /home/myerspat/anaconda3/envs/ttnte/lib/python3.11/site-packages/torch/lib/libc10.so)
frame #1: c10::ThrowEnforceNotMet(char const*, int, char const*, std::__cxx11::basic_string<char, std::char_traits<char>, std::allocator<char> > const&, void const*) + 0x49 (0x7f9ed18da719 in /home/myerspat/anaconda3/envs/ttnte/lib/python3.11/site-packages/torch/lib/libc10.so)
frame #2: c10::alloc_cpu(unsigned long) + 0x36e (0x7f9ed18c8b9e in /home/myerspat/anaconda3/envs/ttnte/lib/python3.11/site-packages/torch/lib/libc10.so)
frame #3: <unknown function> + 0x32912 (0x7f9ed187a912 in /home/myerspat/anaconda3/envs/ttnte/lib/python3.11/site-packages/torch/lib/libc10.so)
frame #4: <unknown function> + 0x15d64ad (0x7f9eb121b4ad in /home/myerspat/anaconda3/envs/ttnte/lib/python3.11/site-packages/torch/lib/libtorch_cpu.so)
frame #5: at::detail::empty_strided_generic(c10::ArrayRef<long>, c10::ArrayRef<long>, c10::Allocator*, c10::DispatchKeySet, c10::ScalarType) + 0x100 (0x7f9eb1216d00 in /home/myerspat/anaconda3/envs/ttnte/lib/python3.11/site-packages/torch/lib/libtorch_cpu.so)
frame #6: at::detail::empty_strided_cpu(c10::ArrayRef<long>, c10::ArrayRef<long>, c10::ScalarType, bool) + 0x4a (0x7f9eb12172aa in /home/myerspat/anaconda3/envs/ttnte/lib/python3.11/site-packages/torch/lib/libtorch_cpu.so)
frame #7: at::detail::empty_strided_cpu(c10::ArrayRef<long>, c10::ArrayRef<long>, std::optional<c10::ScalarType>, std::optional<c10::Layout>, std::optional<c10::Device>, std::optional<bool>) + 0x6c (0x7f9eb121733c in /home/myerspat/anaconda3/envs/ttnte/lib/python3.11/site-packages/torch/lib/libtorch_cpu.so)
frame #8: at::detail::empty_strided_cpu(c10::ArrayRef<long>, c10::ArrayRef<long>, c10::TensorOptions const&) + 0xeb (0x7f9eb121743b in /home/myerspat/anaconda3/envs/ttnte/lib/python3.11/site-packages/torch/lib/libtorch_cpu.so)
frame #9: <unknown function> + 0x29d89c5 (0x7f9eb261d9c5 in /home/myerspat/anaconda3/envs/ttnte/lib/python3.11/site-packages/torch/lib/libtorch_cpu.so)
frame #10: <unknown function> + 0x29e24d0 (0x7f9eb26274d0 in /home/myerspat/anaconda3/envs/ttnte/lib/python3.11/site-packages/torch/lib/libtorch_cpu.so)
frame #11: at::meta::structured__linalg_svd::meta(at::Tensor const&, bool, bool, std::optional<std::basic_string_view<char, std::char_traits<char> > >) + 0x265 (0x7f9eb15ba395 in /home/myerspat/anaconda3/envs/ttnte/lib/python3.11/site-packages/torch/lib/libtorch_cpu.so)
frame #12: <unknown function> + 0x29dbaf7 (0x7f9eb2620af7 in /home/myerspat/anaconda3/envs/ttnte/lib/python3.11/site-packages/torch/lib/libtorch_cpu.so)
frame #13: <unknown function> + 0x29dbbfc (0x7f9eb2620bfc in /home/myerspat/anaconda3/envs/ttnte/lib/python3.11/site-packages/torch/lib/libtorch_cpu.so)
frame #14: at::_ops::_linalg_svd::redispatch(c10::DispatchKeySet, at::Tensor const&, bool, bool, std::optional<std::basic_string_view<char, std::char_traits<char> > >) + 0xdd (0x7f9eb2439e6d in /home/myerspat/anaconda3/envs/ttnte/lib/python3.11/site-packages/torch/lib/libtorch_cpu.so)
frame #15: <unknown function> + 0x4c9dff1 (0x7f9eb48e2ff1 in /home/myerspat/anaconda3/envs/ttnte/lib/python3.11/site-packages/torch/lib/libtorch_cpu.so)
frame #16: <unknown function> + 0x4c9e83f (0x7f9eb48e383f in /home/myerspat/anaconda3/envs/ttnte/lib/python3.11/site-packages/torch/lib/libtorch_cpu.so)
frame #17: at::_ops::_linalg_svd::call(at::Tensor const&, bool, bool, std::optional<std::basic_string_view<char, std::char_traits<char> > >) + 0x213 (0x7f9eb24a6183 in /home/myerspat/anaconda3/envs/ttnte/lib/python3.11/site-packages/torch/lib/libtorch_cpu.so)
frame #18: at::native::linalg_svd(at::Tensor const&, bool, std::optional<std::basic_string_view<char, std::char_traits<char> > >) + 0x29 (0x7f9eb15b6899 in /home/myerspat/anaconda3/envs/ttnte/lib/python3.11/site-packages/torch/lib/libtorch_cpu.so)
frame #19: <unknown function> + 0x2be6a1b (0x7f9eb282ba1b in /home/myerspat/anaconda3/envs/ttnte/lib/python3.11/site-packages/torch/lib/libtorch_cpu.so)
frame #20: at::_ops::linalg_svd::call(at::Tensor const&, bool, std::optional<std::basic_string_view<char, std::char_traits<char> > >) + 0x1fc (0x7f9eb2205fec in /home/myerspat/anaconda3/envs/ttnte/lib/python3.11/site-packages/torch/lib/libtorch_cpu.so)
frame #21: ttnte::linalg::TTOperator::round(double const&, long const&, std::optional<long>) + 0x14f7 (0x7f9dc8980697 in /home/myerspat/research/tensor_trains/ttnte/ttnte/cpp/linalg.so)
frame #22: ttnte::linalg::LinearOperator::round(double const&, long const&, std::optional<long>) const + 0x1e4 (0x7f9dc8993004 in /home/myerspat/research/tensor_trains/ttnte/ttnte/cpp/linalg.so)
frame #23: <unknown function> + 0x5fa22 (0x7f9dc896ca22 in /home/myerspat/research/tensor_trains/ttnte/ttnte/cpp/linalg.so)
frame #24: <unknown function> + 0x35f3e (0x7f9dc8942f3e in /home/myerspat/research/tensor_trains/ttnte/ttnte/cpp/linalg.so)
frame #25: python3() [0x528db7]
<omitting python frames>
frame #28: python3() [0x5cd0aa]
frame #30: python3() [0x5ed557]
frame #31: python3() [0x5e9080]
frame #32: python3() [0x5fde72]
frame #37: <unknown function> + 0x29d90 (0x7f9f73c09d90 in /lib/x86_64-linux-gnu/libc.so.6)
frame #38: __libc_start_main + 0x80 (0x7f9f73c09e40 in /lib/x86_64-linux-gnu/libc.so.6)
frame #39: python3() [0x5bcc43]

Finished iteration! Run time = 7301.141 s, Elapsed time = 115711.069
================================================================================
Already ran case 171: N=262144, G=1, A=12, B=12, p=2, q=2, eps=1e-05, device=gpu
================================================================================
Running case 172: N=262144, G=1, A=12, B=12, p=2, q=2, eps=0.001, device=cpu
===========================================================================
Running TTAssembler.build()
Discretization: N = 262144, G = 1, P = 1, A = 12, B = 12
Operators: H, S, B_out
---------------------------------------------------------------------------
  0%|          | 0/1 [00:00<?, ?it/s]
Assembling Patch 0
Step            Ranks                     Compression  Elapsed Time (s)
Intg_int        1,1                            71.75        1.79
Intg_str        1,2,2                          47.72        1.80
H               3,3,3,3,3,5                723040.43        1.80
S               1,1,1,1,1,1               10846314220.02        1.81
Intg_out        1,3,4,4,3                  581931.05       33.71
B_out           3,4,4,4,4,3                580006.19       33.73
---------------------------------------------------------------------------
Final Operators (Elapsed Time: 34.21 s)
Step            Ranks                     Compression
H               3,3,3,2                   1206732000.73
S               1,1,1,1                   10846479338.67
B_out           3,4,4,3                   775612159.70
===========================================================================
Running batched GMRES on CPU
-- (1): |r| = 0.042216138584, |r|/|b| = 0.000009049763, Elapsed Time = 728.534 s
-- (2): |r| = 0.000082144101, |r|/|b| = 0.000000017609, Elapsed Time = 1453.305 s
-- Converged!
Running batched GMRES on CPU
-- (1): |r| = 0.042216138583, |r|/|b| = 0.000009049763, Elapsed Time = 637.452 s
-- (2): |r| = 0.000082144101, |r|/|b| = 0.000000017609, Elapsed Time = 1273.846 s
-- Converged!
Config TT (rounded) failed with exception [enforce fail at alloc_cpu.cpp:124] err == 0. DefaultCPUAllocator: can't allocate memory: you tried to allocate 858993459200 bytes. Error code 12 (Cannot allocate memory)
frame #0: <unknown function> + 0x92fbe (0x7f9ed18dafbe in /home/myerspat/anaconda3/envs/ttnte/lib/python3.11/site-packages/torch/lib/libc10.so)
frame #1: c10::ThrowEnforceNotMet(char const*, int, char const*, std::__cxx11::basic_string<char, std::char_traits<char>, std::allocator<char> > const&, void const*) + 0x49 (0x7f9ed18da719 in /home/myerspat/anaconda3/envs/ttnte/lib/python3.11/site-packages/torch/lib/libc10.so)
frame #2: c10::alloc_cpu(unsigned long) + 0x36e (0x7f9ed18c8b9e in /home/myerspat/anaconda3/envs/ttnte/lib/python3.11/site-packages/torch/lib/libc10.so)
frame #3: <unknown function> + 0x32912 (0x7f9ed187a912 in /home/myerspat/anaconda3/envs/ttnte/lib/python3.11/site-packages/torch/lib/libc10.so)
frame #4: <unknown function> + 0x15d64ad (0x7f9eb121b4ad in /home/myerspat/anaconda3/envs/ttnte/lib/python3.11/site-packages/torch/lib/libtorch_cpu.so)
frame #5: at::detail::empty_strided_generic(c10::ArrayRef<long>, c10::ArrayRef<long>, c10::Allocator*, c10::DispatchKeySet, c10::ScalarType) + 0x100 (0x7f9eb1216d00 in /home/myerspat/anaconda3/envs/ttnte/lib/python3.11/site-packages/torch/lib/libtorch_cpu.so)
frame #6: at::detail::empty_strided_cpu(c10::ArrayRef<long>, c10::ArrayRef<long>, c10::ScalarType, bool) + 0x4a (0x7f9eb12172aa in /home/myerspat/anaconda3/envs/ttnte/lib/python3.11/site-packages/torch/lib/libtorch_cpu.so)
frame #7: at::detail::empty_strided_cpu(c10::ArrayRef<long>, c10::ArrayRef<long>, std::optional<c10::ScalarType>, std::optional<c10::Layout>, std::optional<c10::Device>, std::optional<bool>) + 0x6c (0x7f9eb121733c in /home/myerspat/anaconda3/envs/ttnte/lib/python3.11/site-packages/torch/lib/libtorch_cpu.so)
frame #8: at::detail::empty_strided_cpu(c10::ArrayRef<long>, c10::ArrayRef<long>, c10::TensorOptions const&) + 0xeb (0x7f9eb121743b in /home/myerspat/anaconda3/envs/ttnte/lib/python3.11/site-packages/torch/lib/libtorch_cpu.so)
frame #9: <unknown function> + 0x29d89c5 (0x7f9eb261d9c5 in /home/myerspat/anaconda3/envs/ttnte/lib/python3.11/site-packages/torch/lib/libtorch_cpu.so)
frame #10: <unknown function> + 0x29e24d0 (0x7f9eb26274d0 in /home/myerspat/anaconda3/envs/ttnte/lib/python3.11/site-packages/torch/lib/libtorch_cpu.so)
frame #11: at::meta::structured__linalg_svd::meta(at::Tensor const&, bool, bool, std::optional<std::basic_string_view<char, std::char_traits<char> > >) + 0x265 (0x7f9eb15ba395 in /home/myerspat/anaconda3/envs/ttnte/lib/python3.11/site-packages/torch/lib/libtorch_cpu.so)
frame #12: <unknown function> + 0x29dbaf7 (0x7f9eb2620af7 in /home/myerspat/anaconda3/envs/ttnte/lib/python3.11/site-packages/torch/lib/libtorch_cpu.so)
frame #13: <unknown function> + 0x29dbbfc (0x7f9eb2620bfc in /home/myerspat/anaconda3/envs/ttnte/lib/python3.11/site-packages/torch/lib/libtorch_cpu.so)
frame #14: at::_ops::_linalg_svd::redispatch(c10::DispatchKeySet, at::Tensor const&, bool, bool, std::optional<std::basic_string_view<char, std::char_traits<char> > >) + 0xdd (0x7f9eb2439e6d in /home/myerspat/anaconda3/envs/ttnte/lib/python3.11/site-packages/torch/lib/libtorch_cpu.so)
frame #15: <unknown function> + 0x4c9dff1 (0x7f9eb48e2ff1 in /home/myerspat/anaconda3/envs/ttnte/lib/python3.11/site-packages/torch/lib/libtorch_cpu.so)
frame #16: <unknown function> + 0x4c9e83f (0x7f9eb48e383f in /home/myerspat/anaconda3/envs/ttnte/lib/python3.11/site-packages/torch/lib/libtorch_cpu.so)
frame #17: at::_ops::_linalg_svd::call(at::Tensor const&, bool, bool, std::optional<std::basic_string_view<char, std::char_traits<char> > >) + 0x213 (0x7f9eb24a6183 in /home/myerspat/anaconda3/envs/ttnte/lib/python3.11/site-packages/torch/lib/libtorch_cpu.so)
frame #18: at::native::linalg_svd(at::Tensor const&, bool, std::optional<std::basic_string_view<char, std::char_traits<char> > >) + 0x29 (0x7f9eb15b6899 in /home/myerspat/anaconda3/envs/ttnte/lib/python3.11/site-packages/torch/lib/libtorch_cpu.so)
frame #19: <unknown function> + 0x2be6a1b (0x7f9eb282ba1b in /home/myerspat/anaconda3/envs/ttnte/lib/python3.11/site-packages/torch/lib/libtorch_cpu.so)
frame #20: at::_ops::linalg_svd::call(at::Tensor const&, bool, std::optional<std::basic_string_view<char, std::char_traits<char> > >) + 0x1fc (0x7f9eb2205fec in /home/myerspat/anaconda3/envs/ttnte/lib/python3.11/site-packages/torch/lib/libtorch_cpu.so)
frame #21: ttnte::linalg::TTOperator::round(double const&, long const&, std::optional<long>) + 0x14f7 (0x7f9dc8980697 in /home/myerspat/research/tensor_trains/ttnte/ttnte/cpp/linalg.so)
frame #22: ttnte::linalg::LinearOperator::round(double const&, long const&, std::optional<long>) const + 0x1e4 (0x7f9dc8993004 in /home/myerspat/research/tensor_trains/ttnte/ttnte/cpp/linalg.so)
frame #23: <unknown function> + 0x5fa22 (0x7f9dc896ca22 in /home/myerspat/research/tensor_trains/ttnte/ttnte/cpp/linalg.so)
frame #24: <unknown function> + 0x35f3e (0x7f9dc8942f3e in /home/myerspat/research/tensor_trains/ttnte/ttnte/cpp/linalg.so)
frame #25: python3() [0x528db7]
<omitting python frames>
frame #28: python3() [0x5cd0aa]
frame #30: python3() [0x5ed557]
frame #31: python3() [0x5e9080]
frame #32: python3() [0x5fde72]
frame #37: <unknown function> + 0x29d90 (0x7f9f73c09d90 in /lib/x86_64-linux-gnu/libc.so.6)
frame #38: __libc_start_main + 0x80 (0x7f9f73c09e40 in /lib/x86_64-linux-gnu/libc.so.6)
frame #39: python3() [0x5bcc43]

Finished iteration! Run time = 7250.980 s, Elapsed time = 122962.205
================================================================================
Already ran case 173: N=262144, G=1, A=12, B=12, p=2, q=2, eps=0.001, device=gpu
IGAMesh(id=29, name=None, num_patches=1, reflective_boundaries=False)
  -> Patch(material=Source, source=IsotropicInternalSource, id=0, name=None, shape=(13, 13), backend=geomdl)
================================================================================
Running case 174: N=262144, G=1, A=13, B=13, p=3, q=3, eps=1e-08, device=cpu
===========================================================================
Running MatrixAssembler.build()
Discretization: N = 262144, G = 1, P = 1, A = 13, B = 13
Operators: H, S, q, B_out
---------------------------------------------------------------------------
  0%|          | 0/1 [00:00<?, ?it/s]
Failed to build matrices with error A process in the process pool was terminated abruptly while the future was running or pending.
===========================================================================
Running TTAssembler.build()
Discretization: N = 262144, G = 1, P = 1, A = 13, B = 13
Operators: H, S, B_out
---------------------------------------------------------------------------
  0%|          | 0/1 [00:00<?, ?it/s]
Assembling Patch 0
Step            Ranks                     Compression  Elapsed Time (s)
Intg_int        1,1                            84.25        3.20
Intg_str        1,2,2                          56.06        3.21
H               3,3,3,3,3,5                933785.83        3.21
S               1,1,1,1,1,1               14933628869.47        3.22
Intg_out        1,3,4,4,3                  770594.36       98.68
B_out           3,4,4,4,4,3                768143.51       98.71
---------------------------------------------------------------------------
Final Operators (Elapsed Time: 99.41 s)
Step            Ranks                     Compression
H               3,3,3,2                   1661826593.89
S               1,1,1,1                   14933856124.79
B_out           3,4,4,3                   1068081512.73
===========================================================================
Failed to build TT operators with error 
Failed to run case 174 with run time 788.3762748241425 s with error:
Operators failed to build
================================================================================
Running case 175: N=262144, G=1, A=13, B=13, p=3, q=3, eps=1e-08, device=gpu
===========================================================================
Running MatrixAssembler.build()
Discretization: N = 262144, G = 1, P = 1, A = 13, B = 13
Operators: H, S, q, B_out
---------------------------------------------------------------------------
  0%|          | 0/1 [00:00<?, ?it/s]
Failed to build matrices with error A process in the process pool was terminated abruptly while the future was running or pending.
===========================================================================
Running TTAssembler.build()
Discretization: N = 262144, G = 1, P = 1, A = 13, B = 13
Operators: H, S, B_out
---------------------------------------------------------------------------
  0%|          | 0/1 [00:00<?, ?it/s]
Assembling Patch 0
Step            Ranks                     Compression  Elapsed Time (s)
Intg_int        1,1                            84.25        3.14
Intg_str        1,2,2                          56.06        3.15
H               3,3,3,3,3,5                933785.83        3.15
S               1,1,1,1,1,1               14933628869.47        3.16
Intg_out        1,3,4,4,3                  770594.36       98.19
B_out           3,4,4,4,4,3                768143.51       98.21
---------------------------------------------------------------------------
Final Operators (Elapsed Time: 98.91 s)
Step            Ranks                     Compression
H               3,3,3,2                   1661826593.89
S               1,1,1,1                   14933856124.79
B_out           3,4,4,3                   1068081512.73
===========================================================================
Failed to build TT operators with error 
Failed to run case 175 with run time 777.2416315078735 s with error:
Operators failed to build
================================================================================
Running case 176: N=262144, G=1, A=13, B=13, p=3, q=3, eps=1e-05, device=cpu
===========================================================================
Running MatrixAssembler.build()
Discretization: N = 262144, G = 1, P = 1, A = 13, B = 13
Operators: H, S, q, B_out
---------------------------------------------------------------------------
  0%|          | 0/1 [00:00<?, ?it/s]
Failed to build matrices with error A process in the process pool was terminated abruptly while the future was running or pending.
===========================================================================
Running TTAssembler.build()
Discretization: N = 262144, G = 1, P = 1, A = 13, B = 13
Operators: H, S, B_out
---------------------------------------------------------------------------
  0%|          | 0/1 [00:00<?, ?it/s]
Assembling Patch 0
Step            Ranks                     Compression  Elapsed Time (s)
Intg_int        1,1                            84.25        3.17
Intg_str        1,2,2                          56.06        3.18
H               3,3,3,3,3,5                933785.83        3.18
S               1,1,1,1,1,1               14933628869.47        3.19
Intg_out        1,3,4,4,3                  770594.36       98.43
B_out           3,4,4,4,4,3                768143.51       98.46
---------------------------------------------------------------------------
Final Operators (Elapsed Time: 99.21 s)
Step            Ranks                     Compression
H               3,3,3,2                   1661826593.89
S               1,1,1,1                   14933856124.79
B_out           3,4,4,3                   1068081512.73
===========================================================================
Failed to build TT operators with error 
Failed to run case 176 with run time 772.676840543747 s with error:
Operators failed to build
================================================================================
Running case 177: N=262144, G=1, A=13, B=13, p=3, q=3, eps=1e-05, device=gpu
===========================================================================
Running MatrixAssembler.build()
Discretization: N = 262144, G = 1, P = 1, A = 13, B = 13
Operators: H, S, q, B_out
---------------------------------------------------------------------------
  0%|          | 0/1 [00:00<?, ?it/s]
Failed to build matrices with error A process in the process pool was terminated abruptly while the future was running or pending.
===========================================================================
Running TTAssembler.build()
Discretization: N = 262144, G = 1, P = 1, A = 13, B = 13
Operators: H, S, B_out
---------------------------------------------------------------------------
  0%|          | 0/1 [00:00<?, ?it/s]
Assembling Patch 0
Step            Ranks                     Compression  Elapsed Time (s)
Intg_int        1,1                            84.25        3.28
Intg_str        1,2,2                          56.06        3.29
H               3,3,3,3,3,5                933785.83        3.29
S               1,1,1,1,1,1               14933628869.47        3.31
Intg_out        1,3,4,4,3                  770594.36       98.77
B_out           3,4,4,4,4,3                768143.51       98.80
---------------------------------------------------------------------------
Final Operators (Elapsed Time: 99.51 s)
Step            Ranks                     Compression
H               3,3,3,2                   1661826593.89
S               1,1,1,1                   14933856124.79
B_out           3,4,4,3                   1068081512.73
===========================================================================
Failed to build TT operators with error 
Failed to run case 177 with run time 776.7142622470856 s with error:
Operators failed to build
================================================================================
Running case 178: N=262144, G=1, A=13, B=13, p=3, q=3, eps=0.001, device=cpu
===========================================================================
Running MatrixAssembler.build()
Discretization: N = 262144, G = 1, P = 1, A = 13, B = 13
Operators: H, S, q, B_out
---------------------------------------------------------------------------
  0%|          | 0/1 [00:00<?, ?it/s]
Failed to build matrices with error A process in the process pool was terminated abruptly while the future was running or pending.
===========================================================================
Running TTAssembler.build()
Discretization: N = 262144, G = 1, P = 1, A = 13, B = 13
Operators: H, S, B_out
---------------------------------------------------------------------------
  0%|          | 0/1 [00:00<?, ?it/s]
Assembling Patch 0
Step            Ranks                     Compression  Elapsed Time (s)
Intg_int        1,1                            84.25        3.30
Intg_str        1,2,2                          56.06        3.31
H               3,3,3,3,3,5                933785.83        3.31
S               1,1,1,1,1,1               14933628869.47        3.32
Intg_out        1,3,4,4,3                  770594.36       98.92
B_out           3,4,4,4,4,3                768143.51       98.94
---------------------------------------------------------------------------
Final Operators (Elapsed Time: 99.67 s)
Step            Ranks                     Compression
H               3,3,3,2                   1661826593.89
S               1,1,1,1                   14933856124.79
B_out           3,4,4,3                   1068081512.73
===========================================================================
Failed to build TT operators with error 
Failed to run case 178 with run time 774.956768989563 s with error:
Operators failed to build
================================================================================
Running case 179: N=262144, G=1, A=13, B=13, p=3, q=3, eps=0.001, device=gpu
===========================================================================
Running MatrixAssembler.build()
Discretization: N = 262144, G = 1, P = 1, A = 13, B = 13
Operators: H, S, q, B_out
---------------------------------------------------------------------------
  0%|          | 0/1 [00:00<?, ?it/s]
Failed to build matrices with error A process in the process pool was terminated abruptly while the future was running or pending.
===========================================================================
Running TTAssembler.build()
Discretization: N = 262144, G = 1, P = 1, A = 13, B = 13
Operators: H, S, B_out
---------------------------------------------------------------------------
  0%|          | 0/1 [00:00<?, ?it/s]
Assembling Patch 0
Step            Ranks                     Compression  Elapsed Time (s)
Intg_int        1,1                            84.25        3.19
Intg_str        1,2,2                          56.06        3.19
H               3,3,3,3,3,5                933785.83        3.20
S               1,1,1,1,1,1               14933628869.47        3.21
Intg_out        1,3,4,4,3                  770594.36       97.72
B_out           3,4,4,4,4,3                768143.51       97.75
---------------------------------------------------------------------------
Final Operators (Elapsed Time: 98.47 s)
Step            Ranks                     Compression
H               3,3,3,2                   1661826593.89
S               1,1,1,1                   14933856124.79
B_out           3,4,4,3                   1068081512.73
===========================================================================
Failed to build TT operators with error 
Failed to run case 179 with run time 782.6485409736633 s with error:
Operators failed to build
IGAMesh(id=30, name=None, num_patches=1, reflective_boundaries=False)
  -> Patch(material=Source, source=IsotropicInternalSource, id=0, name=None, shape=(14, 14), backend=geomdl)
================================================================================
Running case 180: N=262144, G=1, A=14, B=14, p=4, q=4, eps=1e-08, device=cpu
===========================================================================
Running MatrixAssembler.build()
Discretization: N = 262144, G = 1, P = 1, A = 14, B = 14
Operators: H, S, q, B_out
---------------------------------------------------------------------------
  0%|          | 0/1 [00:00<?, ?it/s]
Failed to build matrices with error A process in the process pool was terminated abruptly while the future was running or pending.
===========================================================================
Running TTAssembler.build()
Discretization: N = 262144, G = 1, P = 1, A = 14, B = 14
Operators: H, S, B_out
---------------------------------------------------------------------------
  0%|          | 0/1 [00:00<?, ?it/s]
Assembling Patch 0
Step            Ranks                     Compression  Elapsed Time (s)
Intg_int        1,1                            97.75        4.30
Intg_str        1,2,2                          65.06        4.31
H               3,3,3,3,3,5               1176738.01        4.31
S               1,1,1,1,1,1               20078242027.73        4.33
Intg_out        1,3,4,4,3                  995012.74      225.62
B_out           3,4,4,4,4,3                991974.38      225.65
---------------------------------------------------------------------------
Final Operators (Elapsed Time: 226.36 s)
Step            Ranks                     Compression
H               3,3,3,2                   2234832703.18
S               1,1,1,1                   20078547446.69
B_out           3,4,4,3                   1436307488.31
===========================================================================
Failed to build TT operators with error 
Failed to run case 180 with run time 287.6664960384369 s with error:
Operators failed to build
================================================================================
Running case 181: N=262144, G=1, A=14, B=14, p=4, q=4, eps=1e-08, device=gpu
===========================================================================
Running MatrixAssembler.build()
Discretization: N = 262144, G = 1, P = 1, A = 14, B = 14
Operators: H, S, q, B_out
---------------------------------------------------------------------------
  0%|          | 0/1 [00:00<?, ?it/s]
Failed to build matrices with error A process in the process pool was terminated abruptly while the future was running or pending.
===========================================================================
Running TTAssembler.build()
Discretization: N = 262144, G = 1, P = 1, A = 14, B = 14
Operators: H, S, B_out
---------------------------------------------------------------------------
  0%|          | 0/1 [00:00<?, ?it/s]
Assembling Patch 0
Step            Ranks                     Compression  Elapsed Time (s)
Intg_int        1,1                            97.75        4.32
Intg_str        1,2,2                          65.06        4.33
H               3,3,3,3,3,5               1176738.01        4.33
S               1,1,1,1,1,1               20078242027.73        4.34
Intg_out        1,3,4,4,3                  995012.74      225.31
B_out           3,4,4,4,4,3                991974.38      225.34
---------------------------------------------------------------------------
Final Operators (Elapsed Time: 226.05 s)
Step            Ranks                     Compression
H               3,3,3,2                   2234832703.18
S               1,1,1,1                   20078547446.69
B_out           3,4,4,3                   1436307488.31
===========================================================================
Failed to build TT operators with error 
Failed to run case 181 with run time 286.0384383201599 s with error:
Operators failed to build
================================================================================
Running case 182: N=262144, G=1, A=14, B=14, p=4, q=4, eps=1e-05, device=cpu
===========================================================================
Running MatrixAssembler.build()
Discretization: N = 262144, G = 1, P = 1, A = 14, B = 14
Operators: H, S, q, B_out
---------------------------------------------------------------------------
  0%|          | 0/1 [00:00<?, ?it/s]
Failed to build matrices with error A process in the process pool was terminated abruptly while the future was running or pending.
===========================================================================
Running TTAssembler.build()
Discretization: N = 262144, G = 1, P = 1, A = 14, B = 14
Operators: H, S, B_out
---------------------------------------------------------------------------
  0%|          | 0/1 [00:00<?, ?it/s]
Assembling Patch 0
Step            Ranks                     Compression  Elapsed Time (s)
Intg_int        1,1                            97.75        4.33
Intg_str        1,2,2                          65.06        4.34
H               3,3,3,3,3,5               1176738.01        4.34
S               1,1,1,1,1,1               20078242027.73        4.36
Intg_out        1,3,4,4,3                  995012.74      224.71
B_out           3,4,4,4,4,3                991974.38      224.74
---------------------------------------------------------------------------
Final Operators (Elapsed Time: 225.44 s)
Step            Ranks                     Compression
H               3,3,3,2                   2234832703.18
S               1,1,1,1                   20078547446.69
B_out           3,4,4,3                   1436307488.31
===========================================================================
Failed to build TT operators with error 
Failed to run case 182 with run time 287.40652871131897 s with error:
Operators failed to build
================================================================================
Running case 183: N=262144, G=1, A=14, B=14, p=4, q=4, eps=1e-05, device=gpu
===========================================================================
Running MatrixAssembler.build()
Discretization: N = 262144, G = 1, P = 1, A = 14, B = 14
Operators: H, S, q, B_out
---------------------------------------------------------------------------
  0%|          | 0/1 [00:00<?, ?it/s]
Failed to build matrices with error A process in the process pool was terminated abruptly while the future was running or pending.
===========================================================================
Running TTAssembler.build()
Discretization: N = 262144, G = 1, P = 1, A = 14, B = 14
Operators: H, S, B_out
---------------------------------------------------------------------------
  0%|          | 0/1 [00:00<?, ?it/s]
Assembling Patch 0
Step            Ranks                     Compression  Elapsed Time (s)
Intg_int        1,1                            97.75        4.29
Intg_str        1,2,2                          65.06        4.31
H               3,3,3,3,3,5               1176738.01        4.31
S               1,1,1,1,1,1               20078242027.73        4.32
Intg_out        1,3,4,4,3                  995012.74      226.47
B_out           3,4,4,4,4,3                991974.38      226.50
---------------------------------------------------------------------------
Final Operators (Elapsed Time: 227.21 s)
Step            Ranks                     Compression
H               3,3,3,2                   2234832703.18
S               1,1,1,1                   20078547446.69
B_out           3,4,4,3                   1436307488.31
===========================================================================
Failed to build TT operators with error 
Failed to run case 183 with run time 295.4143736362457 s with error:
Operators failed to build
================================================================================
Running case 184: N=262144, G=1, A=14, B=14, p=4, q=4, eps=0.001, device=cpu
===========================================================================
Running MatrixAssembler.build()
Discretization: N = 262144, G = 1, P = 1, A = 14, B = 14
Operators: H, S, q, B_out
---------------------------------------------------------------------------
  0%|          | 0/1 [00:00<?, ?it/s]
Failed to build matrices with error A process in the process pool was terminated abruptly while the future was running or pending.
===========================================================================
Running TTAssembler.build()
Discretization: N = 262144, G = 1, P = 1, A = 14, B = 14
Operators: H, S, B_out
---------------------------------------------------------------------------
  0%|          | 0/1 [00:00<?, ?it/s]
Assembling Patch 0
Step            Ranks                     Compression  Elapsed Time (s)
Intg_int        1,1                            97.75        4.26
Intg_str        1,2,2                          65.06        4.27
H               3,3,3,3,3,5               1176738.01        4.27
S               1,1,1,1,1,1               20078242027.73        4.28
Intg_out        1,3,4,4,3                  995012.74      225.57
B_out           3,4,4,4,4,3                991974.38      225.60
---------------------------------------------------------------------------
Final Operators (Elapsed Time: 226.29 s)
Step            Ranks                     Compression
H               3,3,3,2                   2234832703.18
S               1,1,1,1                   20078547446.69
B_out           3,4,4,3                   1436307488.31
===========================================================================
Failed to build TT operators with error 
Failed to run case 184 with run time 288.26551151275635 s with error:
Operators failed to build
================================================================================
Running case 185: N=262144, G=1, A=14, B=14, p=4, q=4, eps=0.001, device=gpu
===========================================================================
Running MatrixAssembler.build()
Discretization: N = 262144, G = 1, P = 1, A = 14, B = 14
Operators: H, S, q, B_out
---------------------------------------------------------------------------
  0%|          | 0/1 [00:00<?, ?it/s]
Failed to build matrices with error A process in the process pool was terminated abruptly while the future was running or pending.
===========================================================================
Running TTAssembler.build()
Discretization: N = 262144, G = 1, P = 1, A = 14, B = 14
Operators: H, S, B_out
---------------------------------------------------------------------------
  0%|          | 0/1 [00:00<?, ?it/s]
Assembling Patch 0
Step            Ranks                     Compression  Elapsed Time (s)
Intg_int        1,1                            97.75        4.24
Intg_str        1,2,2                          65.06        4.26
H               3,3,3,3,3,5               1176738.01        4.26
S               1,1,1,1,1,1               20078242027.73        4.27
Intg_out        1,3,4,4,3                  995012.74      224.52
B_out           3,4,4,4,4,3                991974.38      224.56
---------------------------------------------------------------------------
Final Operators (Elapsed Time: 225.24 s)
Step            Ranks                     Compression
H               3,3,3,2                   2234832703.18
S               1,1,1,1                   20078547446.69
B_out           3,4,4,3                   1436307488.31
===========================================================================
Failed to build TT operators with error 
Failed to run case 185 with run time 288.8080892562866 s with error:
Operators failed to build
IGAMesh(id=31, name=None, num_patches=1, reflective_boundaries=False)
  -> Patch(material=Source, source=IsotropicInternalSource, id=0, name=None, shape=(16, 16), backend=geomdl)
================================================================================
Running case 186: N=262144, G=1, A=16, B=16, p=6, q=6, eps=1e-08, device=cpu
===========================================================================
Running MatrixAssembler.build()
Discretization: N = 262144, G = 1, P = 1, A = 16, B = 16
Operators: H, S, q, B_out
---------------------------------------------------------------------------
  0%|          | 0/1 [00:00<?, ?it/s]
Failed to build matrices with error A process in the process pool was terminated abruptly while the future was running or pending.
===========================================================================
Running TTAssembler.build()
Discretization: N = 262144, G = 1, P = 1, A = 16, B = 16
Operators: H, S, B_out
---------------------------------------------------------------------------
  0%|          | 0/1 [00:00<?, ?it/s]

Intel oneMKL ERROR: Parameter 3 was incorrect on entry to DGESDD.

Intel oneMKL ERROR: Parameter 3 was incorrect on entry to DGESDD.
Failed to build TT operators with error A process in the process pool was terminated abruptly while the future was running or pending.
Failed to run case 186 with run time 254.89705801010132 s with error:
Operators failed to build
================================================================================
Running case 187: N=262144, G=1, A=16, B=16, p=6, q=6, eps=1e-08, device=gpu
===========================================================================
Running MatrixAssembler.build()
Discretization: N = 262144, G = 1, P = 1, A = 16, B = 16
Operators: H, S, q, B_out
---------------------------------------------------------------------------
  0%|          | 0/1 [00:00<?, ?it/s]
Failed to build matrices with error A process in the process pool was terminated abruptly while the future was running or pending.
===========================================================================
Running TTAssembler.build()
Discretization: N = 262144, G = 1, P = 1, A = 16, B = 16
Operators: H, S, B_out
---------------------------------------------------------------------------
  0%|          | 0/1 [00:00<?, ?it/s]

Intel oneMKL ERROR: Parameter 3 was incorrect on entry to DGESDD.

Intel oneMKL ERROR: Parameter 3 was incorrect on entry to DGESDD.
Failed to build TT operators with error A process in the process pool was terminated abruptly while the future was running or pending.
Failed to run case 187 with run time 254.0603485107422 s with error:
Operators failed to build
================================================================================
Running case 188: N=262144, G=1, A=16, B=16, p=6, q=6, eps=1e-05, device=cpu
===========================================================================
Running MatrixAssembler.build()
Discretization: N = 262144, G = 1, P = 1, A = 16, B = 16
Operators: H, S, q, B_out
---------------------------------------------------------------------------
  0%|          | 0/1 [00:00<?, ?it/s]
Failed to build matrices with error A process in the process pool was terminated abruptly while the future was running or pending.
===========================================================================
Running TTAssembler.build()
Discretization: N = 262144, G = 1, P = 1, A = 16, B = 16
Operators: H, S, B_out
---------------------------------------------------------------------------
  0%|          | 0/1 [00:00<?, ?it/s]

Intel oneMKL ERROR: Parameter 3 was incorrect on entry to DGESDD.

Intel oneMKL ERROR: Parameter 3 was incorrect on entry to DGESDD.
Failed to build TT operators with error A process in the process pool was terminated abruptly while the future was running or pending.
Failed to run case 188 with run time 255.98538756370544 s with error:
Operators failed to build
================================================================================
Running case 189: N=262144, G=1, A=16, B=16, p=6, q=6, eps=1e-05, device=gpu
===========================================================================
Running MatrixAssembler.build()
Discretization: N = 262144, G = 1, P = 1, A = 16, B = 16
Operators: H, S, q, B_out
---------------------------------------------------------------------------
  0%|          | 0/1 [00:00<?, ?it/s]
Failed to build matrices with error A process in the process pool was terminated abruptly while the future was running or pending.
===========================================================================
Running TTAssembler.build()
Discretization: N = 262144, G = 1, P = 1, A = 16, B = 16
Operators: H, S, B_out
---------------------------------------------------------------------------
  0%|          | 0/1 [00:00<?, ?it/s]

Intel oneMKL ERROR: Parameter 3 was incorrect on entry to DGESDD.

Intel oneMKL ERROR: Parameter 3 was incorrect on entry to DGESDD.
Failed to build TT operators with error A process in the process pool was terminated abruptly while the future was running or pending.
Failed to run case 189 with run time 254.48077535629272 s with error:
Operators failed to build
================================================================================
Running case 190: N=262144, G=1, A=16, B=16, p=6, q=6, eps=0.001, device=cpu
===========================================================================
Running MatrixAssembler.build()
Discretization: N = 262144, G = 1, P = 1, A = 16, B = 16
Operators: H, S, q, B_out
---------------------------------------------------------------------------
  0%|          | 0/1 [00:00<?, ?it/s]
Failed to build matrices with error A process in the process pool was terminated abruptly while the future was running or pending.
===========================================================================
Running TTAssembler.build()
Discretization: N = 262144, G = 1, P = 1, A = 16, B = 16
Operators: H, S, B_out
---------------------------------------------------------------------------
  0%|          | 0/1 [00:00<?, ?it/s]

Intel oneMKL ERROR: Parameter 3 was incorrect on entry to DGESDD.

Intel oneMKL ERROR: Parameter 3 was incorrect on entry to DGESDD.
Failed to build TT operators with error A process in the process pool was terminated abruptly while the future was running or pending.
Failed to run case 190 with run time 255.63258719444275 s with error:
Operators failed to build
================================================================================
Running case 191: N=262144, G=1, A=16, B=16, p=6, q=6, eps=0.001, device=gpu
===========================================================================
Running MatrixAssembler.build()
Discretization: N = 262144, G = 1, P = 1, A = 16, B = 16
Operators: H, S, q, B_out
---------------------------------------------------------------------------
  0%|          | 0/1 [00:00<?, ?it/s]
Failed to build matrices with error A process in the process pool was terminated abruptly while the future was running or pending.
===========================================================================
Running TTAssembler.build()
Discretization: N = 262144, G = 1, P = 1, A = 16, B = 16
Operators: H, S, B_out
---------------------------------------------------------------------------
  0%|          | 0/1 [00:00<?, ?it/s]

Intel oneMKL ERROR: Parameter 3 was incorrect on entry to DGESDD.

Intel oneMKL ERROR: Parameter 3 was incorrect on entry to DGESDD.
Failed to build TT operators with error A process in the process pool was terminated abruptly while the future was running or pending.
Failed to run case 191 with run time 254.48157024383545 s with error:
Operators failed to build
