Name,Shape,Entries,Compression,Elapsed Time (s)
H,"(802816, 802816)",92848129,6941.588772952011,20.378084182739258
S,"(802816, 802816)",42576,15137954.008267568,20.37812042236328
F,"(802816, 802816)",38480,16749312.106444906,20.378140926361084
B_out,"(802816, 802816)",2720521,236908.12526571198,20.378153324127197
