Name,Shape,Entries,Compression,Elapsed Time (s)
H,"(802816, 802816)",92848129,6941.588772952011,23.55995464324951
S,"(802816, 802816)",42576,15137954.008267568,23.559982538223267
F,"(802816, 802816)",38480,16749312.106444906,23.560001373291016
B_out,"(802816, 802816)",2720521,236908.12526571198,23.560015439987183
