Name,Shape,Entries,Compression,Elapsed Time (s)
H,"(802816, 802816)",92848129,6941.588772952011,23.577800035476685
S,"(802816, 802816)",42576,15137954.008267568,23.577821254730225
F,"(802816, 802816)",38480,16749312.106444906,23.577831029891968
B_out,"(802816, 802816)",2720521,236908.12526571198,23.577839851379395
